alias,alias_normalized,entry_id,category,underlying_series,release_provider,alias_type,geography,frequency,units_basis,qualification,source_ids,source_urls
10-city house prices,10-city house prices,US0098,Price indexes,Case-Shiller 10-City Composite Home Price Index,S&P Cotality Case-Shiller indices,Market shorthand,United States - 10-city composite,Monthly,Index / growth,Separate geographic composite.,CASESHILLER,https://press.spglobal.com/2026-04-28-S-P-Cotality-Case-Shiller-Index-Reports-Annual-Gain-in-January-2026
16% trimmed-mean CPI,16% trimmed-mean cpi,US0079,Price indexes,Cleveland Fed 16 percent trimmed-mean CPI inflation,Federal Reserve alternative inflation measures,Published analytical measure,United States - national,Monthly,Index / percent change,Excludes tails of the weighted monthly price-change distribution.,MEDCPI,https://www.clevelandfed.org/indicators-and-data/median-cpi
20-city house prices,20-city house prices,US0097,Price indexes,Case-Shiller 20-City Composite Home Price Index,S&P Cotality Case-Shiller indices,Market shorthand,United States - 20-city composite,Monthly,Index / growth,Composite of selected U.S. metro areas; not all U.S. housing.,CASESHILLER,https://press.spglobal.com/2026-04-28-S-P-Cotality-Case-Shiller-Index-Reports-Annual-Gain-in-January-2026
27-plus weeks,27-plus weeks,US0168,Employment,Unemployed people out of work for 27 weeks or more,BLS Employment Situation - CPS,Market shorthand,United States - national,Monthly,People / share of unemployed,Level or share must be specified.,CPS; EMPTECH; EMPTABLES,https://www.bls.gov/cps/definitions.htm | https://www.bls.gov/news.release/empsit.tn.htm | https://www.bls.gov/news.release/empsit.toc.htm
4WMA claims,4wma claims,US0190,Employment,Four-week moving average of initial UI claims,U.S. Department of Labor UI Weekly Claims,Derived measure,United States - national,Weekly,Claims / week,Specify initial versus continuing claims.,CLAIMS; CLAIMSREC,https://www.dol.gov/sites/dolgov/files/OPA/newsreleases/2020/07/UI-ESR%20side-by-side_07022020.pdf | https://www.dol.gov/sites/dolgov/files/OPA/newsreleases/20261503.pdf
5-10y inflation expectations,5-10y inflation expectations,US0340,Surveys,Michigan expected inflation over the next five to ten years,University of Michigan Surveys of Consumers,Market shorthand,United States - national,Monthly,Percent expected inflation,Do not shorten to a five-year market breakeven.,MICH,https://www.sca.isr.umich.edu/
actual price changes,actual price changes,US0347,Surveys,Net share raising average selling prices,NFIB Small Business Economic Trends,Market shorthand,United States - national,Monthly,Index / percent of firms / net percent,"Net response balance, not an inflation rate.",NFIB; NFIBJOBS,https://www.nfib.com/wp-content/uploads/2026/09/NFIB-SBET-Report-August-2026.pdf | https://www.nfib.com/wp-content/uploads/2026/09/NFIB-August-2026-Jobs-Report.pdf
actual sales NFIB,actual sales nfib,US0349,Surveys,Net share reporting higher real sales over the specified comparison period,NFIB Small Business Economic Trends,Component label,United States - national,Monthly,Index / percent of firms / net percent,"Reported survey assessment, not Census retail dollars.",NFIB; NFIBJOBS,https://www.nfib.com/wp-content/uploads/2026/09/NFIB-SBET-Report-August-2026.pdf | https://www.nfib.com/wp-content/uploads/2026/09/NFIB-August-2026-Jobs-Report.pdf
ADP,adp,US0133,Payrolls,ADP change in U.S. private employment,ADP National Employment Report,Market shorthand,United States - national,Monthly,Private jobs / monthly change,"ADP's independent estimate, not the BLS private-payroll series.",ADP,https://adpemploymentreport.com/Default.aspx
ADP changers,adp changers,US0226,Wages and salaries,ADP pay growth for job changers,ADP Pay Insights,Component label,United States - national,Monthly,Median year-over-year pay growth,Not the Atlanta Fed Wage Growth Tracker switching measure.,ADPPAY,https://payinsights.adp.com/artifacts/us_wage/20260902/documents/U.S.%20Pay%20Insights%20Technical%20Notes%20and%20FAQ.pdf
ADP jobs,adp jobs,US0133,Payrolls,ADP change in U.S. private employment,ADP National Employment Report,Market shorthand,United States - national,Monthly,Private jobs / monthly change,"ADP's independent estimate, not the BLS private-payroll series.",ADP,https://adpemploymentreport.com/Default.aspx
ADP pay growth,adp pay growth,US0224,Wages and salaries,ADP Pay Insights median year-over-year pay growth,ADP Pay Insights,Market shorthand,United States - national,Monthly,Median year-over-year pay growth,Pay metric is not CES hourly earnings; retain gross/base-pay version.,ADPPAY,https://payinsights.adp.com/artifacts/us_wage/20260902/documents/U.S.%20Pay%20Insights%20Technical%20Notes%20and%20FAQ.pdf
ADP payrolls,adp payrolls,US0133,Payrolls,ADP change in U.S. private employment,ADP National Employment Report,Market shorthand,United States - national,Monthly,Private jobs / monthly change,"ADP's independent estimate, not the BLS private-payroll series.",ADP,https://adpemploymentreport.com/Default.aspx
ADP stayers,adp stayers,US0225,Wages and salaries,ADP pay growth for job stayers,ADP Pay Insights,Component label,United States - national,Monthly,Median year-over-year pay growth,ADP definition and matched payroll sample.,ADPPAY,https://payinsights.adp.com/artifacts/us_wage/20260902/documents/U.S.%20Pay%20Insights%20Technical%20Notes%20and%20FAQ.pdf
ADP wage growth,adp wage growth,US0224,Wages and salaries,ADP Pay Insights median year-over-year pay growth,ADP Pay Insights,Market shorthand,United States - national,Monthly,Median year-over-year pay growth,Pay metric is not CES hourly earnings; retain gross/base-pay version.,ADPPAY,https://payinsights.adp.com/artifacts/us_wage/20260902/documents/U.S.%20Pay%20Insights%20Technical%20Notes%20and%20FAQ.pdf
ADS,ads,US0458,Production data,Aruoba-Diebold-Scotti Business Conditions Index,Philadelphia Fed national activity measures,Published analytical measure,United States - national,Daily index; updated as inputs arrive,Standardized activity index,"National mixed-frequency activity estimate, not the Philly manufacturing survey.",ADS,https://www.philadelphiafed.org/surveys-and-data/real-time-data-research/ads
ADS index,ads index,US0458,Production data,Aruoba-Diebold-Scotti Business Conditions Index,Philadelphia Fed national activity measures,Published analytical measure,United States - national,Daily index; updated as inputs arrive,Standardized activity index,"National mixed-frequency activity estimate, not the Philly manufacturing survey.",ADS,https://www.philadelphiafed.org/surveys-and-data/real-time-data-research/ads
advance retail report,advance retail report,US0468,Retail trade data,Advance Monthly Retail Trade Survey estimates,Census Advance Monthly Sales for Retail and Food Services,Release / family label,United States - national,Monthly,Nominal sales dollars / monthly percent change,"Advance release family, not a unique store-category series.",RETAIL,https://www.census.gov/retail/index.html
ag export prices,ag export prices,US0076,Price indexes,U.S. agricultural export price index,BLS International Price Program,Market shorthand,United States - national,Monthly,Index / percent change,Commodity grouping in the export price program.,IPP; IPPDATA,https://www.bls.gov/mxp/ | https://www.bls.gov/mxp/data/
aggregate hours,aggregate hours,US0211,Wages and salaries,CES index of aggregate weekly hours,BLS CES hours and earnings,Market shorthand,United States - national,Monthly,Index,"Employment multiplied by average weekly hours, indexed; not the average workweek.",CESTABLES; EMPTECH,https://www.bls.gov/ces/data/employment-and-earnings/2026/ | https://www.bls.gov/news.release/empsit.tn.htm
aggregate payrolls,aggregate payrolls,US0212,Wages and salaries,CES index of aggregate weekly payrolls,BLS CES hours and earnings,Market shorthand,United States - national,Monthly,Index,Employment times average weekly hours times hourly earnings; not the jobs count.,CESTABLES; EMPTECH,https://www.bls.gov/ces/data/employment-and-earnings/2026/ | https://www.bls.gov/news.release/empsit.tn.htm
aggregate weekly hours,aggregate weekly hours,US0211,Wages and salaries,CES index of aggregate weekly hours,BLS CES hours and earnings,Market shorthand,United States - national,Monthly,Index,"Employment multiplied by average weekly hours, indexed; not the average workweek.",CESTABLES; EMPTECH,https://www.bls.gov/ces/data/employment-and-earnings/2026/ | https://www.bls.gov/news.release/empsit.tn.htm
aggregate weekly payrolls,aggregate weekly payrolls,US0212,Wages and salaries,CES index of aggregate weekly payrolls,BLS CES hours and earnings,Market shorthand,United States - national,Monthly,Index,Employment times average weekly hours times hourly earnings; not the jobs count.,CESTABLES; EMPTECH,https://www.bls.gov/ces/data/employment-and-earnings/2026/ | https://www.bls.gov/news.release/empsit.tn.htm
agricultural export prices,agricultural export prices,US0076,Price indexes,U.S. agricultural export price index,BLS International Price Program,Market shorthand,United States - national,Monthly,Index / percent change,Commodity grouping in the export price program.,IPP; IPPDATA,https://www.bls.gov/mxp/ | https://www.bls.gov/mxp/data/
AHE,ahe,US0205,Wages and salaries,Average hourly earnings of all employees on private nonfarm payrolls,BLS CES hours and earnings,Market shorthand,United States - national,Monthly,Dollars per hour,Standard headline is all private employees; composition changes can affect it.,CESTABLES; EMPTECH,https://www.bls.gov/ces/data/employment-and-earnings/2026/ | https://www.bls.gov/news.release/empsit.tn.htm
AHE P&NS,ahe p&ns,US0206,Wages and salaries,Average hourly earnings of production and nonsupervisory employees,BLS CES hours and earnings,Market shorthand,United States - national,Monthly,Dollars per hour,Different workforce from all-employee AHE.,CESTABLES; EMPTECH,https://www.bls.gov/ces/data/employment-and-earnings/2026/ | https://www.bls.gov/news.release/empsit.tn.htm
AHE production,ahe production,US0206,Wages and salaries,Average hourly earnings of production and nonsupervisory employees,BLS CES hours and earnings,Market shorthand,United States - national,Monthly,Dollars per hour,Different workforce from all-employee AHE.,CESTABLES; EMPTECH,https://www.bls.gov/ces/data/employment-and-earnings/2026/ | https://www.bls.gov/news.release/empsit.tn.htm
aircraft orders,aircraft orders,US0513,Manufacturing orders,New orders for nondefense aircraft and parts,"Census Manufacturers Shipments, Inventories and Orders (M3)",Market shorthand,United States - national,Monthly,Nominal monthly dollars / percent change,Census measure is not identical to Boeing's company orders.,M3DEF; DURABLES; M3TAB; TDCALENDAR,https://www.census.gov/manufacturing/m3/definitions/index.html | https://www.census.gov/manufacturing/m3/adv/pdf/durgd.pdf | https://www.census.gov/manufacturing/m3/prel/pdf/table5p.pdf | https://economics.td.com/domains/economics.td.com/documents/reports/bottom-line/tables/2026-09-04/recent.htm
airfares,airfares,US0036,Price indexes,CPI airline fares,BLS Consumer Price Index,Market shorthand,United States - U.S. city average,Monthly,Index / percent change,"Consumer airfare index, not airline passenger-service PPI.",CPIT2,https://www.bls.gov/news.release/cpi.t02.htm
airline fares,airline fares,US0036,Price indexes,CPI airline fares,BLS Consumer Price Index,Market shorthand,United States - U.S. city average,Monthly,Index / percent change,"Consumer airfare index, not airline passenger-service PPI.",CPIT2,https://www.bls.gov/news.release/cpi.t02.htm
all items less food,all items less food,US0011,Price indexes,CPI-U all items less food,BLS Consumer Price Index,Component label,United States - U.S. city average,Monthly,Index / percent change,Retains energy; not core CPI.,CPI; CPIT3,https://www.bls.gov/cpi/ | https://www.bls.gov/news.release/cpi.t03.htm
all-items CPI,all-items cpi,US0001,Price indexes,"Consumer Price Index for All Urban Consumers, all items",BLS Consumer Price Index,Market shorthand,United States - U.S. city average,Monthly,Index / percent change,"Usually CPI-U U.S. city average; inflation is its change, not its level.",CPI; CPIT3,https://www.bls.gov/cpi/ | https://www.bls.gov/news.release/cpi.t03.htm
all-tenant regressed rent,all-tenant regressed rent,US0088,Price indexes,Research CPI: All Tenant Regressed Rent,BLS rent research series,Research / paused,United States - national,Quarterly (publication paused),Index / percent change,Publication paused in April 2026; repeat-rent research method.,NTR,https://www.bls.gov/cpi/research-series/r-cpi-ntr.htm
all-transactions HPI,all-transactions hpi,US0094,Price indexes,FHFA all-transactions house price index,FHFA House Price Index,Market shorthand,United States - national,Quarterly,Index / growth,Uses sales prices and appraisal data; differs from purchase-only.,FHFA,https://www.fhfa.gov/house-price-index
announced hiring,announced hiring,US0192,Employment,"Hiring announcements tracked by Challenger, Gray & Christmas",Challenger Job Cut Announcement Report,Market shorthand,U.S.-based employers; announcement coverage,Monthly,Announced jobs,"Plans, not realized payroll additions.",CHALLENGER,https://www.challengergray.com/wp-content/uploads/2026/09/Challenger-Report-August-2026.pdf
announced job cuts,announced job cuts,US0191,Employment,"Job-cut announcements tracked by Challenger, Gray & Christmas",Challenger Job Cut Announcement Report,Market shorthand,U.S.-based employers; announcement coverage,Monthly,Announced jobs,Announcements may span future periods; U.S.-based employer coverage is not a strict CPS geography match.,CHALLENGER,https://www.challengergray.com/wp-content/uploads/2026/09/Challenger-Report-August-2026.pdf
apparel,apparel,US0038,Price indexes,CPI apparel,BLS Consumer Price Index,Component label,United States - U.S. city average,Monthly,Index / percent change,"CPI category, not retail clothing-store sales.",CPIT2,https://www.bls.gov/news.release/cpi.t02.htm
apparel retail,apparel retail,US0478,Retail trade data,Sales of clothing and clothing accessories retailers/stores,Census Advance Monthly Sales for Retail and Food Services,Market shorthand,United States - national,Monthly,Nominal sales dollars / monthly percent change,"Industry sales, not CPI apparel prices.",RETAIL,https://www.census.gov/retail/index.html
appliance sales retail,appliance sales retail,US0480,Retail trade data,Sales of electronics and appliance retailers/stores,Census Advance Monthly Sales for Retail and Food Services,Component label,United States - national,Monthly,Nominal sales dollars / monthly percent change,"Store-based category, not all electronics bought by consumers.",RETAIL,https://www.census.gov/retail/index.html
asset income,asset income,US0295,U.S. national accounts,Personal income receipts on assets,BEA Personal Income and Outlays,Market shorthand,United States - national,Monthly / quarterly,Current or chained dollars; usually SAAR,Sum of personal interest and dividend income; not asset-price gains.,PIO; NIPA,https://www.bea.gov/news/pio-release-additional-information | https://www.bea.gov/resources/methodologies/nipa-handbook
Atlanta Fed nowcast,atlanta fed nowcast,US0300,U.S. national accounts,Model-based nowcast of quarterly real GDP growth,Atlanta Fed GDPNow model,Model estimate,United States - national,Updated as source releases arrive,"Quarterly growth, SAAR","Forecast of BEA output, not an official Atlanta Fed policy forecast or realized GDP.",GDPNOW,https://www.atlantafed.org/research-and-data/data/gdpnow
Atlanta GDPNow,atlanta gdpnow,US0300,U.S. national accounts,Model-based nowcast of quarterly real GDP growth,Atlanta Fed GDPNow model,Model estimate,United States - national,Updated as source releases arrive,"Quarterly growth, SAAR","Forecast of BEA output, not an official Atlanta Fed policy forecast or realized GDP.",GDPNOW,https://www.atlantafed.org/research-and-data/data/gdpnow
Atlanta wage tracker,atlanta wage tracker,US0221,Wages and salaries,Atlanta Fed Wage Growth Tracker,Atlanta Fed Wage Growth Tracker,Market shorthand,United States - national,Monthly,Median 12-month wage growth,"Matched-person median hourly wage growth, often shown as a moving average.",WGT,https://www.atlantafed.org/research-and-data/data/wage-growth-tracker
ATR,atr,US0088,Price indexes,Research CPI: All Tenant Regressed Rent,BLS rent research series,Research / paused,United States - national,Quarterly (publication paused),Index / percent change,Publication paused in April 2026; repeat-rent research method.,NTR,https://www.bls.gov/cpi/research-series/r-cpi-ntr.htm
ATRR,atrr,US0088,Price indexes,Research CPI: All Tenant Regressed Rent,BLS rent research series,Research / paused,United States - national,Quarterly (publication paused),Index / percent change,Publication paused in April 2026; repeat-rent research method.,NTR,https://www.bls.gov/cpi/research-series/r-cpi-ntr.htm
auto assemblies,auto assemblies,US0443,Production data,G.17 motor vehicle assemblies,Federal Reserve G.17,Market shorthand,United States - national,Monthly,Vehicle units / SAAR,Usually millions of units at SAAR; separate from parts output.,IP,https://www.federalreserve.gov/releases/g17/current/default.htm
auto dealer sales,auto dealer sales,US0470,Retail trade data,Sales of motor vehicle and parts dealers,Census Advance Monthly Sales for Retail and Food Services,Market shorthand,United States - national,Monthly,Nominal sales dollars / monthly percent change,"Dollar sales, not BEA/Wards light-vehicle unit sales.",RETAIL,https://www.census.gov/retail/index.html
auto insurance,auto insurance,US0034,Price indexes,CPI motor vehicle insurance,BLS Consumer Price Index,Market shorthand,United States - U.S. city average,Monthly,Index / percent change,Not the same scope or methodology as the PCE insurance measure.,CPIT2,https://www.bls.gov/news.release/cpi.t02.htm
auto orders,auto orders,US0515,Manufacturing orders,New orders for motor vehicles and parts,"Census Manufacturers Shipments, Inventories and Orders (M3)",Market shorthand,United States - national,Monthly,Nominal monthly dollars / percent change,"Dollar orders, not unit vehicle sales.",M3DEF; DURABLES; M3TAB; TDCALENDAR,https://www.census.gov/manufacturing/m3/definitions/index.html | https://www.census.gov/manufacturing/m3/adv/pdf/durgd.pdf | https://www.census.gov/manufacturing/m3/prel/pdf/table5p.pdf | https://economics.td.com/domains/economics.td.com/documents/reports/bottom-line/tables/2026-09-04/recent.htm
auto production,auto production,US0442,Production data,G.17 motor vehicles and parts production index,Federal Reserve G.17,Market shorthand,United States - national,Monthly,Real-output index / percent change,"Index, not vehicle assembly unit count.",IP,https://www.federalreserve.gov/releases/g17/current/default.htm
auto repairs,auto repairs,US0035,Price indexes,CPI motor vehicle maintenance and repair,BLS Consumer Price Index,Market shorthand,United States - U.S. city average,Monthly,Index / percent change,Not the cost of buying a motor vehicle.,CPIT2,https://www.bls.gov/news.release/cpi.t02.htm
auto SAAR,auto saar,US0495,Retail trade data,Sales of autos and light trucks in units,BEA supplemental motor vehicle estimates,Market shorthand,United States - national,Monthly,"Millions of vehicles, SAAR",Not Census auto-dealer dollar sales; broad market auto-sales shorthand often includes light trucks.,AUTOS,https://fred.stlouisfed.org/tags/series?t=bea%3Bmonthly%3Bnation%3Bvehicles
auto unit sales,auto unit sales,US0497,Retail trade data,Domestic and foreign auto sales in units,BEA supplemental motor vehicle estimates,Market shorthand,United States - national,Monthly,Vehicle units / SAAR,"Cars alone, not light trucks; retain exact series coverage.",AUTOS,https://fred.stlouisfed.org/tags/series?t=bea%3Bmonthly%3Bnation%3Bvehicles
autos retail,autos retail,US0470,Retail trade data,Sales of motor vehicle and parts dealers,Census Advance Monthly Sales for Retail and Food Services,Market shorthand,United States - national,Monthly,Nominal sales dollars / monthly percent change,"Dollar sales, not BEA/Wards light-vehicle unit sales.",RETAIL,https://www.census.gov/retail/index.html
average hourly earnings,average hourly earnings,US0205,Wages and salaries,Average hourly earnings of all employees on private nonfarm payrolls,BLS CES hours and earnings,Market shorthand,United States - national,Monthly,Dollars per hour,Standard headline is all private employees; composition changes can affect it.,CESTABLES; EMPTECH,https://www.bls.gov/ces/data/employment-and-earnings/2026/ | https://www.bls.gov/news.release/empsit.tn.htm
average jobless spell,average jobless spell,US0171,Employment,Mean duration of ongoing unemployment,BLS Employment Situation - CPS,Market shorthand,United States - national,Monthly,Weeks,Different from median duration.,CPS; EMPTECH; EMPTABLES,https://www.bls.gov/cps/definitions.htm | https://www.bls.gov/news.release/empsit.tn.htm | https://www.bls.gov/news.release/empsit.toc.htm
average of GDP and GDI,average of gdp and gdi,US0243,U.S. national accounts,Average of GDP and GDI,BEA National Income and Product Accounts,Derived measure,United States - national,Quarterly / annual,Current or chained dollars; annual rates where published,'GDO' is analytical shorthand; specify real or nominal version.,GDP; NIPA,https://www.bea.gov/news/gdp-release-additional-information | https://www.bea.gov/resources/methodologies/nipa-handbook
average weekly earnings,average weekly earnings,US0207,Wages and salaries,Average weekly earnings on private nonfarm payrolls,BLS CES hours and earnings,Market shorthand,United States - national,Monthly,Dollars per week,Average hourly earnings times average weekly hours for matching coverage.,CESTABLES; EMPTECH,https://www.bls.gov/ces/data/employment-and-earnings/2026/ | https://www.bls.gov/news.release/empsit.tn.htm
average weekly hours,average weekly hours,US0208,Wages and salaries,Average weekly hours of all private nonfarm employees,BLS CES hours and earnings,Market shorthand,United States - national,Monthly,Hours per week,"Paid-hours concept in CES, not CPS usual hours.",CESTABLES; EMPTECH,https://www.bls.gov/ces/data/employment-and-earnings/2026/ | https://www.bls.gov/news.release/empsit.tn.htm
AWE,awe,US0207,Wages and salaries,Average weekly earnings on private nonfarm payrolls,BLS CES hours and earnings,Market shorthand,United States - national,Monthly,Dollars per week,Average hourly earnings times average weekly hours for matching coverage.,CESTABLES; EMPTECH,https://www.bls.gov/ces/data/employment-and-earnings/2026/ | https://www.bls.gov/news.release/empsit.tn.htm
AWH,awh,US0208,Wages and salaries,Average weekly hours of all private nonfarm employees,BLS CES hours and earnings,Market shorthand,United States - national,Monthly,Hours per week,"Paid-hours concept in CES, not CPS usual hours.",CESTABLES; EMPTECH,https://www.bls.gov/ces/data/employment-and-earnings/2026/ | https://www.bls.gov/news.release/empsit.tn.htm
AWH index,awh index,US0211,Wages and salaries,CES index of aggregate weekly hours,BLS CES hours and earnings,Market shorthand,United States - national,Monthly,Index,"Employment multiplied by average weekly hours, indexed; not the average workweek.",CESTABLES; EMPTECH,https://www.bls.gov/ces/data/employment-and-earnings/2026/ | https://www.bls.gov/news.release/empsit.tn.htm
AWW,aww,US0228,Wages and salaries,QCEW average weekly wages,BLS QCEW wage data,Market shorthand,United States - national,Quarterly,Dollars per week,Not CES average weekly earnings; includes different compensation timing/coverage.,QCEW,https://www.bls.gov/cew/
B/D,b/d,US0131,Payrolls,CES modeled net business birth-death employment adjustment,BLS Employment Situation - CES diagnostics,Statistical adjustment,United States - national,Monthly,"Jobs, generally NSA component","Business openings/closures, not human births/deaths; not a stand-alone jobs count.",EMPTECH; CESTABLES,https://www.bls.gov/news.release/empsit.tn.htm | https://www.bls.gov/ces/data/employment-and-earnings/2026/
backlog,backlog,US0521,Manufacturing orders,End-of-month unfilled manufacturers' orders,"Census Manufacturers Shipments, Inventories and Orders (M3)",Market shorthand,United States - national,Monthly,Nominal end-month dollars,"Stock of outstanding orders, not the monthly flow of new orders.",M3DEF; DURABLES; M3TAB; TDCALENDAR,https://www.census.gov/manufacturing/m3/definitions/index.html | https://www.census.gov/manufacturing/m3/adv/pdf/durgd.pdf | https://www.census.gov/manufacturing/m3/prel/pdf/table5p.pdf | https://economics.td.com/domains/economics.td.com/documents/reports/bottom-line/tables/2026-09-04/recent.htm
backlog ex transportation,backlog ex transportation,US0522,Manufacturing orders,Unfilled orders excluding transportation equipment,"Census Manufacturers Shipments, Inventories and Orders (M3)",Component label,United States - national,Monthly,Nominal end-month dollars,Subset; retains nominal valuation.,M3DEF; DURABLES; M3TAB; TDCALENDAR,https://www.census.gov/manufacturing/m3/definitions/index.html | https://www.census.gov/manufacturing/m3/adv/pdf/durgd.pdf | https://www.census.gov/manufacturing/m3/prel/pdf/table5p.pdf | https://economics.td.com/domains/economics.td.com/documents/reports/bottom-line/tables/2026-09-04/recent.htm
backlog-shipments ratio,backlog-shipments ratio,US0528,Manufacturing orders,Unfilled orders divided by shipments for the specified published coverage,"Census Manufacturers Shipments, Inventories and Orders (M3)",Derived / published ratio,United States - national,Monthly,Ratio / months,Numerator and denominator coverage must match the release's definition.,M3DEF; DURABLES; M3TAB; TDCALENDAR,https://www.census.gov/manufacturing/m3/definitions/index.html | https://www.census.gov/manufacturing/m3/adv/pdf/durgd.pdf | https://www.census.gov/manufacturing/m3/prel/pdf/table5p.pdf | https://economics.td.com/domains/economics.td.com/documents/reports/bottom-line/tables/2026-09-04/recent.htm
bank lending survey,bank lending survey,US0387,Surveys,Senior Loan Officer Opinion Survey on Bank Lending Practices,Federal Reserve Senior Loan Officer Opinion Survey,Release / family label,United States - national,Quarterly,Net percentage of responding banks,Survey family; not one index.,SLOOS,https://www.federalreserve.gov/data/sloos/sloos-202607-chart-data.htm
BED,bed,US0135,Payrolls,Business Employment Dynamics job-flow series,BLS Business Employment Dynamics,Release / family label,United States - national,Quarterly,Jobs / gross job-flow rate,"Release family based on QCEW establishments, not worker-level JOLTS flows.",BED,https://www.bls.gov/bdm/
benchmark revision,benchmark revision,US0130,Payrolls,Annual CES employment benchmark adjustment,BLS Employment Situation - CES diagnostics,Statistical adjustment,United States - national,Monthly,Jobs / percent revision,"Revision to the employment level against administrative counts, not one month's hiring.",EMPTECH; CESTABLES,https://www.bls.gov/news.release/empsit.tn.htm | https://www.bls.gov/ces/data/employment-and-earnings/2026/
benefit cost per hour,benefit cost per hour,US0236,Wages and salaries,ECEC benefit costs per employee hour worked,BLS Employer Costs for Employee Compensation,Market shorthand,United States - national,Quarterly,Dollars per hour worked,Not the ECI benefits index or benefit share.,ECEC,https://www.bls.gov/ecec/
benefits inflation,benefits inflation,US0217,Wages and salaries,ECI benefit costs component,BLS Employment Cost Index,Component label,United States - national,Quarterly,Labor-cost index / percent change,Not total compensation or the dollar cost per hour.,ECI,https://www.bls.gov/eci/
BFI,bfi,US0251,U.S. national accounts,Private nonresidential fixed investment,BEA National Income and Product Accounts,Market shorthand,United States - national,Quarterly / annual,Current or chained dollars; annual rates where published,"Structures, equipment and intellectual property products; not all firms' financial investments.",GDP; NIPA,https://www.bea.gov/news/gdp-release-additional-information | https://www.bea.gov/resources/methodologies/nipa-handbook
birth-death,birth-death,US0131,Payrolls,CES modeled net business birth-death employment adjustment,BLS Employment Situation - CES diagnostics,Statistical adjustment,United States - national,Monthly,"Jobs, generally NSA component","Business openings/closures, not human births/deaths; not a stand-alone jobs count.",EMPTECH; CESTABLES,https://www.bls.gov/news.release/empsit.tn.htm | https://www.bls.gov/ces/data/employment-and-earnings/2026/
book-to-bill,book-to-bill,US0529,Manufacturing orders,New orders divided by shipments in the specified manufacturing category,"Census Manufacturers Shipments, Inventories and Orders (M3)",Derived measure,United States - national,Monthly,Ratio,Book-to-bill is also used for company/industry data; not one unique U.S. series.,M3DEF; DURABLES; M3TAB; TDCALENDAR,https://www.census.gov/manufacturing/m3/definitions/index.html | https://www.census.gov/manufacturing/m3/adv/pdf/durgd.pdf | https://www.census.gov/manufacturing/m3/prel/pdf/table5p.pdf | https://economics.td.com/domains/economics.td.com/documents/reports/bottom-line/tables/2026-09-04/recent.htm
BOS manufacturing,bos manufacturing,US0361,Surveys,Manufacturing Business Outlook Survey current general activity index,Philadelphia Fed Manufacturing Business Outlook Survey,Market shorthand,United States - Third Federal Reserve District,Monthly,Diffusion index,Third District manufacturing; not a national or weighted headline PMI.,PHILLY,https://www.philadelphiafed.org/surveys-and-data/regional-economic-analysis/manufacturing-business-outlook-survey
broad unemployment,broad unemployment,US0156,Employment,"Unemployed plus marginally attached plus part-time for economic reasons, divided by labor force plus marginally attached",BLS Employment Situation - CPS,Market shorthand,United States - national,Monthly,Percent,"'Underemployment' is a shorthand, not a complete measure of skill mismatch.",CPS; EMPTECH; EMPTABLES,https://www.bls.gov/cps/definitions.htm | https://www.bls.gov/news.release/empsit.tn.htm | https://www.bls.gov/news.release/empsit.toc.htm
BTOS,btos,US0421,Surveys,Business Trends and Outlook Survey,Census Business Trends and Outlook Survey,Release / family label,United States - national,Every two weeks,Survey response shares,High-frequency business survey; not a purchasing-managers index.,BTOS,https://www.census.gov/data/experimental-data-products/business-trends-and-outlook-survey.html
BTOS AI use,btos ai use,US0426,Surveys,BTOS response share reporting use of artificial intelligence under the specified question,Census Business Trends and Outlook Survey,Component label,United States - national,Every two weeks,Survey response shares,Wording and reference window can change; do not splice question vintages blindly.,BTOS,https://www.census.gov/data/experimental-data-products/business-trends-and-outlook-survey.html
BTOS demand,btos demand,US0423,Surveys,BTOS current demand responses,Census Business Trends and Outlook Survey,Component label,United States - national,Every two weeks,Survey response shares,Retain current versus six-month outlook.,BTOS,https://www.census.gov/data/experimental-data-products/business-trends-and-outlook-survey.html
BTOS employment,btos employment,US0424,Surveys,BTOS employment-change responses,Census Business Trends and Outlook Survey,Component label,United States - national,Every two weeks,Survey response shares,Not payroll employment totals.,BTOS,https://www.census.gov/data/experimental-data-products/business-trends-and-outlook-survey.html
BTOS prices,btos prices,US0425,Surveys,BTOS selling-price responses,Census Business Trends and Outlook Survey,Component label,United States - national,Every two weeks,Survey response shares,"Survey shares, not an official price index.",BTOS,https://www.census.gov/data/experimental-data-products/business-trends-and-outlook-survey.html
BTOS revenue,btos revenue,US0422,Surveys,BTOS reported revenue-change responses,Census Business Trends and Outlook Survey,Component label,United States - national,Every two weeks,Survey response shares,"Response distribution, not aggregate revenue dollars.",BTOS,https://www.census.gov/data/experimental-data-products/business-trends-and-outlook-survey.html
BTOS staffing,btos staffing,US0424,Surveys,BTOS employment-change responses,Census Business Trends and Outlook Survey,Component label,United States - national,Every two weeks,Survey response shares,Not payroll employment totals.,BTOS,https://www.census.gov/data/experimental-data-products/business-trends-and-outlook-survey.html
builder confidence,builder confidence,US0413,Surveys,NAHB/Wells Fargo Housing Market Index,NAHB/Wells Fargo Housing Market Index,Market shorthand,United States - national,Monthly,Diffusion / composite index,"Survey of single-family homebuilders, not actual housing starts.",NAHB,https://www.nahb.org/News-and-Economics/Housing-Economics/Indices/Housing-Market-Index
builder current sales,builder current sales,US0414,Surveys,HMI present-sales component,NAHB/Wells Fargo Housing Market Index,Component label,United States - national,Monthly,Diffusion / composite index,"Assessment, not a count of home closings.",NAHB,https://www.nahb.org/News-and-Economics/Housing-Economics/Indices/Housing-Market-Index
builder sales expectations,builder sales expectations,US0415,Surveys,HMI expected sales over the next six months,NAHB/Wells Fargo Housing Market Index,Component label,United States - national,Monthly,Diffusion / composite index,Forward-looking survey component.,NAHB,https://www.nahb.org/News-and-Economics/Housing-Economics/Indices/Housing-Market-Index
building materials,building materials,US0472,Retail trade data,Sales of building material and garden equipment and supplies dealers,Census Advance Monthly Sales for Retail and Food Services,Market shorthand,United States - national,Monthly,Nominal sales dollars / monthly percent change,Not residential investment itself.,RETAIL,https://www.census.gov/retail/index.html
building supplies retail,building supplies retail,US0472,Retail trade data,Sales of building material and garden equipment and supplies dealers,Census Advance Monthly Sales for Retail and Food Services,Market shorthand,United States - national,Monthly,Nominal sales dollars / monthly percent change,Not residential investment itself.,RETAIL,https://www.census.gov/retail/index.html
business activity ISM,business activity ism,US0315,Surveys,ISM Services Business Activity Index,ISM Services PMI Report,Component label,United States - national,Monthly,Diffusion / composite index,"Component, not the headline services composite.",ISM,https://www.ismworld.org/globalassets/pub/research-and-surveys/rob/pmi/nope202608pmi.pdf
business AI adoption,business ai adoption,US0426,Surveys,BTOS response share reporting use of artificial intelligence under the specified question,Census Business Trends and Outlook Survey,Component label,United States - national,Every two weeks,Survey response shares,Wording and reference window can change; do not splice question vintages blindly.,BTOS,https://www.census.gov/data/experimental-data-products/business-trends-and-outlook-survey.html
business conditions index,business conditions index,US0458,Production data,Aruoba-Diebold-Scotti Business Conditions Index,Philadelphia Fed national activity measures,Published analytical measure,United States - national,Daily index; updated as inputs arrive,Standardized activity index,"National mixed-frequency activity estimate, not the Philly manufacturing survey.",ADS,https://www.philadelphiafed.org/surveys-and-data/real-time-data-research/ads
business employment dynamics,business employment dynamics,US0135,Payrolls,Business Employment Dynamics job-flow series,BLS Business Employment Dynamics,Release / family label,United States - national,Quarterly,Jobs / gross job-flow rate,"Release family based on QCEW establishments, not worker-level JOLTS flows.",BED,https://www.bls.gov/bdm/
business equipment output,business equipment output,US0445,Production data,G.17 business-equipment production,Federal Reserve G.17,Component label,United States - national,Monthly,Real-output index / percent change,"Not NIPA equipment investment, which includes imports.",IP,https://www.federalreserve.gov/releases/g17/current/default.htm
business fixed investment,business fixed investment,US0251,U.S. national accounts,Private nonresidential fixed investment,BEA National Income and Product Accounts,Market shorthand,United States - national,Quarterly / annual,Current or chained dollars; annual rates where published,"Structures, equipment and intellectual property products; not all firms' financial investments.",GDP; NIPA,https://www.bea.gov/news/gdp-release-additional-information | https://www.bea.gov/resources/methodologies/nipa-handbook
business inventories,business inventories,US0488,Retail trade data,"End-of-month manufacturers', merchant wholesalers' and retailers' inventories",Census Manufacturing and Trade Inventories and Sales,Market shorthand,United States - national,Monthly,Nominal end-month dollars,"Stock, not the GDP change-in-inventories flow.",MTIS; RETAIL,https://www.census.gov/mtis/current/index.html | https://www.census.gov/retail/index.html
business investment,business investment,US0251,U.S. national accounts,Private nonresidential fixed investment,BEA National Income and Product Accounts,Market shorthand,United States - national,Quarterly / annual,Current or chained dollars; annual rates where published,"Structures, equipment and intellectual property products; not all firms' financial investments.",GDP; NIPA,https://www.bea.gov/news/gdp-release-additional-information | https://www.bea.gov/resources/methodologies/nipa-handbook
Business Leaders Survey,business leaders survey,US0432,Surveys,New York Fed regional service-sector Business Leaders Survey,New York Fed Business Leaders Survey,Release / family label,United States - New York / northern New Jersey / southwestern Connecticut,Monthly,Diffusion indexes,"BLS in this context can mean Business Leaders Survey, not Bureau of Labor Statistics.",NYBLS,https://www.newyorkfed.org/survey/business_leaders/bls_overview
business loan demand,business loan demand,US0389,Surveys,Net share of banks reporting stronger C&I loan demand,Federal Reserve Senior Loan Officer Opinion Survey,Market shorthand,United States - national,Quarterly,Net percentage of responding banks,Stronger minus weaker; not loan growth.,SLOOS,https://www.federalreserve.gov/data/sloos/sloos-202607-chart-data.htm
business sales,business sales,US0487,Retail trade data,Combined manufacturers' shipments and merchant wholesale and retail sales,Census Manufacturing and Trade Inventories and Sales,Market shorthand,United States - national,Monthly,Nominal monthly dollars,Not GDP; contains transactions at multiple distribution stages.,MTIS; RETAIL,https://www.census.gov/mtis/current/index.html | https://www.census.gov/retail/index.html
business supplies output,business supplies output,US0447,Production data,G.17 business-supplies production,Federal Reserve G.17,Component label,United States - national,Monthly,Real-output index / percent change,Distinct from business equipment.,IP,https://www.federalreserve.gov/releases/g17/current/default.htm
business trends survey,business trends survey,US0421,Surveys,Business Trends and Outlook Survey,Census Business Trends and Outlook Survey,Release / family label,United States - national,Every two weeks,Survey response shares,High-frequency business survey; not a purchasing-managers index.,BTOS,https://www.census.gov/data/experimental-data-products/business-trends-and-outlook-survey.html
buyer traffic,buyer traffic,US0416,Surveys,HMI traffic of prospective buyers component,NAHB/Wells Fargo Housing Market Index,Market shorthand,United States - national,Monthly,Diffusion / composite index,Not mortgage applications or closed home sales.,NAHB,https://www.nahb.org/News-and-Economics/Housing-Economics/Indices/Housing-Market-Index
C,c,US0278,U.S. national accounts,Personal consumption expenditures,BEA Personal Income and Outlays,Market shorthand,United States - national,Monthly / quarterly,Current or chained dollars; usually SAAR,"Spending aggregate, not automatically the PCE price index.",PIO; NIPA,https://www.bea.gov/news/pio-release-additional-information | https://www.bea.gov/resources/methodologies/nipa-handbook
C&I demand,c&i demand,US0389,Surveys,Net share of banks reporting stronger C&I loan demand,Federal Reserve Senior Loan Officer Opinion Survey,Market shorthand,United States - national,Quarterly,Net percentage of responding banks,Stronger minus weaker; not loan growth.,SLOOS,https://www.federalreserve.gov/data/sloos/sloos-202607-chart-data.htm
C&I spreads SLOOS,c&i spreads sloos,US0394,Surveys,Net share increasing loan-rate spreads over bank cost of funds,Federal Reserve Senior Loan Officer Opinion Survey,Component label,United States - national,Quarterly,Net percentage of responding banks,"Survey pricing terms, not corporate-bond credit spreads.",SLOOS,https://www.federalreserve.gov/data/sloos/sloos-202607-chart-data.htm
C&I standards,c&i standards,US0388,Surveys,Net share of banks tightening standards on commercial and industrial loans,Federal Reserve Senior Loan Officer Opinion Survey,Market shorthand,United States - national,Quarterly,Net percentage of responding banks,Specify large/middle-market versus small firms; negative means net easing.,SLOOS,https://www.federalreserve.gov/data/sloos/sloos-202607-chart-data.htm
C&I tightening,c&i tightening,US0388,Surveys,Net share of banks tightening standards on commercial and industrial loans,Federal Reserve Senior Loan Officer Opinion Survey,Market shorthand,United States - national,Quarterly,Net percentage of responding banks,Specify large/middle-market versus small firms; negative means net easing.,SLOOS,https://www.federalreserve.gov/data/sloos/sloos-202607-chart-data.htm
C-CPI-U,c-cpi-u,US0004,Price indexes,Chained Consumer Price Index for All Urban Consumers,BLS Consumer Price Index,Official acronym,United States - U.S. city average,Monthly,Index / percent change,Not the ordinary CPI-U; preliminary values may be revised.,CPI; CPIT3,https://www.bls.gov/cpi/ | https://www.bls.gov/news.release/cpi.t03.htm
cap goods ex air,cap goods ex air,US0506,Manufacturing orders,New orders for nondefense capital goods excluding aircraft,"Census Manufacturers Shipments, Inventories and Orders (M3)",Market shorthand,United States - national,Monthly,Nominal monthly dollars / percent change,Standard business-equipment orders proxy; not all durable goods ex transport.,M3DEF; DURABLES; M3TAB; TDCALENDAR,https://www.census.gov/manufacturing/m3/definitions/index.html | https://www.census.gov/manufacturing/m3/adv/pdf/durgd.pdf | https://www.census.gov/manufacturing/m3/prel/pdf/table5p.pdf | https://economics.td.com/domains/economics.td.com/documents/reports/bottom-line/tables/2026-09-04/recent.htm
cap goods orders,cap goods orders,US0509,Manufacturing orders,New orders for capital goods,"Census Manufacturers Shipments, Inventories and Orders (M3)",Market shorthand,United States - national,Monthly,Nominal monthly dollars / percent change,Includes defense unless explicitly excluded.,M3DEF; DURABLES; M3TAB; TDCALENDAR,https://www.census.gov/manufacturing/m3/definitions/index.html | https://www.census.gov/manufacturing/m3/adv/pdf/durgd.pdf | https://www.census.gov/manufacturing/m3/prel/pdf/table5p.pdf | https://economics.td.com/domains/economics.td.com/documents/reports/bottom-line/tables/2026-09-04/recent.htm
capacity index,capacity index,US0451,Production data,G.17 industrial capacity index,Federal Reserve G.17,Component label,United States - national,Monthly,Real-output index / percent change,"Estimated sustainable production capability, not actual output.",IP,https://www.federalreserve.gov/releases/g17/current/default.htm
capacity utilization,capacity utilization,US0449,Production data,G.17 total industry capacity utilization,Federal Reserve G.17,Market shorthand,United States - national,Monthly,Percent of capacity,Output relative to sustainable capacity; specify industry.,IP,https://www.federalreserve.gov/releases/g17/current/default.htm
capital consumption adjustment,capital consumption adjustment,US0270,U.S. national accounts,Adjustment from reported depreciation to economic consumption of fixed capital,BEA National Income and Product Accounts,Official acronym,United States - national,Quarterly / annual,Current or chained dollars; annual rates where published,Not the level of capital spending.,GDP; NIPA,https://www.bea.gov/news/gdp-release-additional-information | https://www.bea.gov/resources/methodologies/nipa-handbook
capital goods orders,capital goods orders,US0509,Manufacturing orders,New orders for capital goods,"Census Manufacturers Shipments, Inventories and Orders (M3)",Market shorthand,United States - national,Monthly,Nominal monthly dollars / percent change,Includes defense unless explicitly excluded.,M3DEF; DURABLES; M3TAB; TDCALENDAR,https://www.census.gov/manufacturing/m3/definitions/index.html | https://www.census.gov/manufacturing/m3/adv/pdf/durgd.pdf | https://www.census.gov/manufacturing/m3/prel/pdf/table5p.pdf | https://economics.td.com/domains/economics.td.com/documents/reports/bottom-line/tables/2026-09-04/recent.htm
capital spending plans,capital spending plans,US0351,Surveys,Share planning capital outlays,NFIB Small Business Economic Trends,Component label,United States - national,Monthly,Index / percent of firms / net percent,Not GDP business fixed investment.,NFIB; NFIBJOBS,https://www.nfib.com/wp-content/uploads/2026/09/NFIB-SBET-Report-August-2026.pdf | https://www.nfib.com/wp-content/uploads/2026/09/NFIB-August-2026-Jobs-Report.pdf
CAPU,capu,US0449,Production data,G.17 total industry capacity utilization,Federal Reserve G.17,Market shorthand,United States - national,Monthly,Percent of capacity,Output relative to sustainable capacity; specify industry.,IP,https://www.federalreserve.gov/releases/g17/current/default.htm
car insurance CPI,car insurance cpi,US0034,Price indexes,CPI motor vehicle insurance,BLS Consumer Price Index,Market shorthand,United States - U.S. city average,Monthly,Index / percent change,Not the same scope or methodology as the PCE insurance measure.,CPIT2,https://www.bls.gov/news.release/cpi.t02.htm
Case-Shiller,case-shiller,US0095,Price indexes,S&P Cotality Case-Shiller home-price index family,S&P Cotality Case-Shiller indices,Release / family label,United States - national,Monthly,Index / growth,"Require national, 20-city or 10-city; CoreLogic is older branding.",CASESHILLER,https://press.spglobal.com/2026-04-28-S-P-Cotality-Case-Shiller-Index-Reports-Annual-Gain-in-January-2026
Case-Shiller 10,case-shiller 10,US0098,Price indexes,Case-Shiller 10-City Composite Home Price Index,S&P Cotality Case-Shiller indices,Market shorthand,United States - 10-city composite,Monthly,Index / growth,Separate geographic composite.,CASESHILLER,https://press.spglobal.com/2026-04-28-S-P-Cotality-Case-Shiller-Index-Reports-Annual-Gain-in-January-2026
Case-Shiller 20,case-shiller 20,US0097,Price indexes,Case-Shiller 20-City Composite Home Price Index,S&P Cotality Case-Shiller indices,Market shorthand,United States - 20-city composite,Monthly,Index / growth,Composite of selected U.S. metro areas; not all U.S. housing.,CASESHILLER,https://press.spglobal.com/2026-04-28-S-P-Cotality-Case-Shiller-Index-Reports-Annual-Gain-in-January-2026
Case-Shiller national,case-shiller national,US0096,Price indexes,Case-Shiller U.S. National Home Price Index,S&P Cotality Case-Shiller indices,Market shorthand,United States - national,Monthly,Index / growth,Not the 20-city composite; preserve SA/NSA version.,CASESHILLER,https://press.spglobal.com/2026-04-28-S-P-Cotality-Case-Shiller-Index-Reports-Annual-Gain-in-January-2026
CB confidence,cb confidence,US0330,Surveys,Conference Board Consumer Confidence Index,The Conference Board Consumer Confidence Survey,Market shorthand,United States - national,Monthly,Index / response share,Not University of Michigan sentiment.,CBCCI,https://www.conference-board.org/topics/consumer-confidence/index.cfm
CC,cc,US0188,Employment,Continued weeks claimed under unemployment insurance,U.S. Department of Labor UI Weekly Claims,Market shorthand,United States - national,Weekly,Continued claims,"Weekly claims measure, not the CPS number unemployed or simply checks paid.",CLAIMS; CLAIMSREC,https://www.dol.gov/sites/dolgov/files/OPA/newsreleases/2020/07/UI-ESR%20side-by-side_07022020.pdf | https://www.dol.gov/sites/dolgov/files/OPA/newsreleases/20261503.pdf
CCAdj,ccadj,US0270,U.S. national accounts,Adjustment from reported depreciation to economic consumption of fixed capital,BEA National Income and Product Accounts,Official acronym,United States - national,Quarterly / annual,Current or chained dollars; annual rates where published,Not the level of capital spending.,GDP; NIPA,https://www.bea.gov/news/gdp-release-additional-information | https://www.bea.gov/resources/methodologies/nipa-handbook
CCI,cci,US0330,Surveys,Conference Board Consumer Confidence Index,The Conference Board Consumer Confidence Survey,Market shorthand,United States - national,Monthly,Index / response share,Not University of Michigan sentiment.,CBCCI,https://www.conference-board.org/topics/consumer-confidence/index.cfm
CEI,cei,US0460,Production data,Conference Board Coincident Economic Index for the United States,Conference Board business-cycle indicators,Market shorthand,United States - national,Monthly,Composite index,Composite of current activity indicators.,LEI,https://www.conference-board.org/topics/us-leading-indicators/index.cfm
CES,ces,US0103,Payrolls,Current Employment Statistics program,BLS Employment Situation - CES,Release / family label,United States - national,Monthly,Jobs; usually reported in thousands,"Release/data-family alias, not a unique series.",CES; EMPTECH,https://www.bls.gov/ces/ | https://www.bls.gov/news.release/empsit.tn.htm
CFC,cfc,US0248,U.S. national accounts,NIPA consumption of fixed capital,BEA National Income and Product Accounts,Market shorthand,United States - national,Quarterly / annual,Current or chained dollars; annual rates where published,Economic depreciation rather than tax/book depreciation.,GDP; NIPA,https://www.bea.gov/news/gdp-release-additional-information | https://www.bea.gov/resources/methodologies/nipa-handbook
CFNAI,cfnai,US0455,Production data,Chicago Fed National Activity Index,Chicago Fed national activity measures,Published analytical measure,United States - national,Monthly,Standardized activity / diffusion index,National composite despite the Chicago name; not Chicago PMI.,CFNAI,https://www.chicagofed.org/research/data/cfnai/current-data
CFNAI diffusion,cfnai diffusion,US0457,Production data,CFNAI diffusion index,Chicago Fed national activity measures,Published analytical measure,United States - national,Monthly,Standardized activity / diffusion index,Breadth of movements among the index's indicators.,CFNAI,https://www.chicagofed.org/research/data/cfnai/current-data
CFNAI-MA3,cfnai-ma3,US0456,Production data,Three-month moving average of CFNAI,Chicago Fed national activity measures,Published analytical measure,United States - national,Monthly,Standardized activity / diffusion index,Smoothed national activity index.,CFNAI,https://www.chicagofed.org/research/data/cfnai/current-data
CFO optimism,cfo optimism,US0434,Surveys,The CFO Survey optimism about the U.S. economy or own company,The CFO Survey,Release / family label,United States - national,Quarterly,Optimism index / forecasts,Two distinct questions; specify economy/company and mean/median.,CFO,https://www.richmondfed.org/research/national_economy/cfo_survey/data_and_results
CFO survey,cfo survey,US0434,Surveys,The CFO Survey optimism about the U.S. economy or own company,The CFO Survey,Release / family label,United States - national,Quarterly,Optimism index / forecasts,Two distinct questions; specify economy/company and mean/median.,CFO,https://www.richmondfed.org/research/national_economy/cfo_survey/data_and_results
chained CPI,chained cpi,US0004,Price indexes,Chained Consumer Price Index for All Urban Consumers,BLS Consumer Price Index,Official acronym,United States - U.S. city average,Monthly,Index / percent change,Not the ordinary CPI-U; preliminary values may be revised.,CPI; CPIT3,https://www.bls.gov/cpi/ | https://www.bls.gov/news.release/cpi.t03.htm
Challenger,challenger,US0191,Employment,"Job-cut announcements tracked by Challenger, Gray & Christmas",Challenger Job Cut Announcement Report,Market shorthand,U.S.-based employers; announcement coverage,Monthly,Announced jobs,Announcements may span future periods; U.S.-based employer coverage is not a strict CPS geography match.,CHALLENGER,https://www.challengergray.com/wp-content/uploads/2026/09/Challenger-Report-August-2026.pdf
Challenger hiring plans,challenger hiring plans,US0192,Employment,"Hiring announcements tracked by Challenger, Gray & Christmas",Challenger Job Cut Announcement Report,Market shorthand,U.S.-based employers; announcement coverage,Monthly,Announced jobs,"Plans, not realized payroll additions.",CHALLENGER,https://www.challengergray.com/wp-content/uploads/2026/09/Challenger-Report-August-2026.pdf
Challenger layoffs,challenger layoffs,US0191,Employment,"Job-cut announcements tracked by Challenger, Gray & Christmas",Challenger Job Cut Announcement Report,Market shorthand,U.S.-based employers; announcement coverage,Monthly,Announced jobs,Announcements may span future periods; U.S.-based employer coverage is not a strict CPS geography match.,CHALLENGER,https://www.challengergray.com/wp-content/uploads/2026/09/Challenger-Report-August-2026.pdf
Chicago business barometer,chicago business barometer,US0329,Surveys,Chicago Business Barometer,S&P Global U.S. PMI,Market shorthand,United States - Chicago-area purchasing survey,Monthly,Diffusion / composite index,Regional purchasing survey across sectors; not Chicago Fed National Activity Index.,SPPMI,https://www.spglobal.com/market-intelligence/en/solutions/products/resources/pmi-faq
Chicago Fed 3-month average,chicago fed 3-month average,US0456,Production data,Three-month moving average of CFNAI,Chicago Fed national activity measures,Published analytical measure,United States - national,Monthly,Standardized activity / diffusion index,Smoothed national activity index.,CFNAI,https://www.chicagofed.org/research/data/cfnai/current-data
Chicago Fed activity index,chicago fed activity index,US0455,Production data,Chicago Fed National Activity Index,Chicago Fed national activity measures,Published analytical measure,United States - national,Monthly,Standardized activity / diffusion index,National composite despite the Chicago name; not Chicago PMI.,CFNAI,https://www.chicagofed.org/research/data/cfnai/current-data
Chicago Fed diffusion,chicago fed diffusion,US0457,Production data,CFNAI diffusion index,Chicago Fed national activity measures,Published analytical measure,United States - national,Monthly,Standardized activity / diffusion index,Breadth of movements among the index's indicators.,CFNAI,https://www.chicagofed.org/research/data/cfnai/current-data
Chicago PMI,chicago pmi,US0329,Surveys,Chicago Business Barometer,S&P Global U.S. PMI,Market shorthand,United States - Chicago-area purchasing survey,Monthly,Diffusion / composite index,Regional purchasing survey across sectors; not Chicago Fed National Activity Index.,SPPMI,https://www.spglobal.com/market-intelligence/en/solutions/products/resources/pmi-faq
CIPI,cipi,US0258,U.S. national accounts,Change in private inventories in GDP,BEA National Income and Product Accounts,Market shorthand,United States - national,Quarterly / annual,Current or chained dollars; annual rates where published,This is a flow; not the stock of inventories. GDP-growth contribution depends on the change in that flow.,GDP; NIPA,https://www.bea.gov/news/gdp-release-additional-information | https://www.bea.gov/resources/methodologies/nipa-handbook
civilian aircraft orders,civilian aircraft orders,US0513,Manufacturing orders,New orders for nondefense aircraft and parts,"Census Manufacturers Shipments, Inventories and Orders (M3)",Market shorthand,United States - national,Monthly,Nominal monthly dollars / percent change,Census measure is not identical to Boeing's company orders.,M3DEF; DURABLES; M3TAB; TDCALENDAR,https://www.census.gov/manufacturing/m3/definitions/index.html | https://www.census.gov/manufacturing/m3/adv/pdf/durgd.pdf | https://www.census.gov/manufacturing/m3/prel/pdf/table5p.pdf | https://economics.td.com/domains/economics.td.com/documents/reports/bottom-line/tables/2026-09-04/recent.htm
civilian employment,civilian employment,US0139,Employment,Employed civilian noninstitutional population age 16 and over,BLS Employment Situation - CPS,Market shorthand,United States - national,Monthly,People,"Counts people once, even when they hold multiple jobs.",CPS; EMPTECH; EMPTABLES,https://www.bls.gov/cps/definitions.htm | https://www.bls.gov/news.release/empsit.tn.htm | https://www.bls.gov/news.release/empsit.toc.htm
civilian labor force,civilian labor force,US0142,Employment,Employed plus unemployed civilian noninstitutional people,BLS Employment Situation - CPS,Market shorthand,United States - national,Monthly,People,Not the whole working-age population.,CPS; EMPTECH; EMPTABLES,https://www.bls.gov/cps/definitions.htm | https://www.bls.gov/news.release/empsit.tn.htm | https://www.bls.gov/news.release/empsit.toc.htm
claims,claims,US0187,Employment,Initial claims for unemployment insurance,U.S. Department of Labor UI Weekly Claims,Market shorthand,United States - national,Weekly,Claims / week,"Usually regular state programs, seasonally adjusted; not the full count of layoffs.",CLAIMS; CLAIMSREC,https://www.dol.gov/sites/dolgov/files/OPA/newsreleases/2020/07/UI-ESR%20side-by-side_07022020.pdf | https://www.dol.gov/sites/dolgov/files/OPA/newsreleases/20261503.pdf
claims 4-week average,claims 4-week average,US0190,Employment,Four-week moving average of initial UI claims,U.S. Department of Labor UI Weekly Claims,Derived measure,United States - national,Weekly,Claims / week,Specify initial versus continuing claims.,CLAIMS; CLAIMSREC,https://www.dol.gov/sites/dolgov/files/OPA/newsreleases/2020/07/UI-ESR%20side-by-side_07022020.pdf | https://www.dol.gov/sites/dolgov/files/OPA/newsreleases/20261503.pdf
Cleveland median CPI,cleveland median cpi,US0078,Price indexes,Cleveland Fed weighted-median CPI inflation,Federal Reserve alternative inflation measures,Published analytical measure,United States - national,Monthly,Index / percent change,Median component price change by expenditure weight; not median household inflation.,MEDCPI,https://www.clevelandfed.org/indicators-and-data/median-cpi
Cleveland median PCE,cleveland median pce,US0081,Price indexes,Cleveland Fed weighted-median PCE inflation,Federal Reserve alternative inflation measures,Published analytical measure,United States - national,Monthly,Index / percent change,Separate from Dallas trimmed-mean PCE.,MEDPCE,https://www.clevelandfed.org/indicators-and-data/median-pce-inflation
CLF,clf,US0142,Employment,Employed plus unemployed civilian noninstitutional people,BLS Employment Situation - CPS,Market shorthand,United States - national,Monthly,People,Not the whole working-age population.,CPS; EMPTECH; EMPTABLES,https://www.bls.gov/cps/definitions.htm | https://www.bls.gov/news.release/empsit.tn.htm | https://www.bls.gov/news.release/empsit.toc.htm
clothing prices CPI,clothing prices cpi,US0038,Price indexes,CPI apparel,BLS Consumer Price Index,Component label,United States - U.S. city average,Monthly,Index / percent change,"CPI category, not retail clothing-store sales.",CPIT2,https://www.bls.gov/news.release/cpi.t02.htm
clothing sales,clothing sales,US0478,Retail trade data,Sales of clothing and clothing accessories retailers/stores,Census Advance Monthly Sales for Retail and Food Services,Market shorthand,United States - national,Monthly,Nominal sales dollars / monthly percent change,"Industry sales, not CPI apparel prices.",RETAIL,https://www.census.gov/retail/index.html
coincident index,coincident index,US0460,Production data,Conference Board Coincident Economic Index for the United States,Conference Board business-cycle indicators,Market shorthand,United States - national,Monthly,Composite index,Composite of current activity indicators.,LEI,https://www.conference-board.org/topics/us-leading-indicators/index.cfm
coincident indicators,coincident indicators,US0460,Production data,Conference Board Coincident Economic Index for the United States,Conference Board business-cycle indicators,Market shorthand,United States - national,Monthly,Composite index,Composite of current activity indicators.,LEI,https://www.conference-board.org/topics/us-leading-indicators/index.cfm
commercial real estate tightening,commercial real estate tightening,US0390,Surveys,Net share tightening standards on the specified CRE loan category,Federal Reserve Senior Loan Officer Opinion Survey,Market shorthand,United States - national,Quarterly,Net percentage of responding banks,"Separate construction/land development, nonfarm nonresidential and multifamily.",SLOOS,https://www.federalreserve.gov/data/sloos/sloos-202607-chart-data.htm
commodities CPI,commodities cpi,US0012,Price indexes,CPI-U commodities,BLS Consumer Price Index,Component label,United States - U.S. city average,Monthly,Index / percent change,Includes food and energy goods; 'commodities' here does not mean commodity futures.,CPI; CPIT3,https://www.bls.gov/cpi/ | https://www.bls.gov/news.release/cpi.t03.htm
compensation increases,compensation increases,US0345,Surveys,Net share reporting increased worker compensation,NFIB Small Business Economic Trends,Component label,United States - national,Monthly,Index / percent of firms / net percent,"Response breadth, not measured percentage wage growth.",NFIB; NFIBJOBS,https://www.nfib.com/wp-content/uploads/2026/09/NFIB-SBET-Report-August-2026.pdf | https://www.nfib.com/wp-content/uploads/2026/09/NFIB-August-2026-Jobs-Report.pdf
compensation of employees,compensation of employees,US0291,U.S. national accounts,Wages and salaries plus supplements to wages and salaries,BEA Personal Income and Outlays,Market shorthand,United States - national,Monthly / quarterly,Current or chained dollars; usually SAAR,Broader than wages; distinguish paid domestic compensation from receipts.,PIO; NIPA,https://www.bea.gov/news/pio-release-additional-information | https://www.bea.gov/resources/methodologies/nipa-handbook
compensation per hour,compensation per hour,US0230,Wages and salaries,Compensation per hour in the nonfarm business sector,BLS Productivity and Costs,Market shorthand,United States - national,Quarterly,Compensation-per-hour index / growth,Includes wages and supplements; broader than CES earnings.,PRODUCTIVITY,https://www.bls.gov/news.release/prod2.htm
composite output,composite output,US0323,Surveys,S&P Global U.S. Composite Output Index,S&P Global U.S. PMI,Market shorthand,United States - national,Monthly,Diffusion / composite index,"Combines manufacturing output and services activity, not the two headline PMIs.",SPPMI,https://www.spglobal.com/market-intelligence/en/solutions/products/resources/pmi-faq
computer orders,computer orders,US0517,Manufacturing orders,New orders for the specified computers/electronics/information-technology category,"Census Manufacturers Shipments, Inventories and Orders (M3)",Ambiguous shorthand,United States - national,Monthly,Nominal monthly dollars / percent change,'IT' does not identify one universal M3 grouping.,M3DEF; DURABLES; M3TAB; TDCALENDAR,https://www.census.gov/manufacturing/m3/definitions/index.html | https://www.census.gov/manufacturing/m3/adv/pdf/durgd.pdf | https://www.census.gov/manufacturing/m3/prel/pdf/table5p.pdf | https://economics.td.com/domains/economics.td.com/documents/reports/bottom-line/tables/2026-09-04/recent.htm
Conference Board confidence,conference board confidence,US0330,Surveys,Conference Board Consumer Confidence Index,The Conference Board Consumer Confidence Survey,Market shorthand,United States - national,Monthly,Index / response share,Not University of Michigan sentiment.,CBCCI,https://www.conference-board.org/topics/consumer-confidence/index.cfm
confidence expectations,confidence expectations,US0332,Surveys,Conference Board Expectations Index,The Conference Board Consumer Confidence Survey,Component label,United States - national,Monthly,Index / response share,"Six-month expectations, not Michigan's index with the same generic label.",CBCCI,https://www.conference-board.org/topics/consumer-confidence/index.cfm
confidence present situation,confidence present situation,US0331,Surveys,Conference Board Present Situation Index,The Conference Board Consumer Confidence Survey,Component label,United States - national,Monthly,Index / response share,Current business and labor-market conditions.,CBCCI,https://www.conference-board.org/topics/consumer-confidence/index.cfm
consensus SPF,consensus spf,US0404,Surveys,Median forecast of the named SPF variable and horizon,Philadelphia Fed Survey of Professional Forecasters,Ambiguous shorthand,United States - national,Quarterly,Forecast / probability,"No unique series until variable, horizon and vintage are specified.",SPF,https://www.philadelphiafed.org/surveys-and-data/real-time-data-research/survey-of-professional-forecasters
construction jobs,construction jobs,US0117,Payrolls,CES construction employment,BLS Employment Situation - CES,Component label,United States - national,Monthly,Jobs; usually reported in thousands,Includes residential and nonresidential activity.,CES; EMPTECH,https://www.bls.gov/ces/ | https://www.bls.gov/news.release/empsit.tn.htm
construction payrolls,construction payrolls,US0117,Payrolls,CES construction employment,BLS Employment Situation - CES,Component label,United States - national,Monthly,Jobs; usually reported in thousands,Includes residential and nonresidential activity.,CES; EMPTECH,https://www.bls.gov/ces/ | https://www.bls.gov/news.release/empsit.tn.htm
construction supplies output,construction supplies output,US0446,Production data,G.17 construction-supplies production,Federal Reserve G.17,Component label,United States - national,Monthly,Real-output index / percent change,"Manufactured/mined goods used in construction, not construction activity itself.",IP,https://www.federalreserve.gov/releases/g17/current/default.htm
consumer confidence,consumer confidence,US0330,Surveys,Conference Board Consumer Confidence Index,The Conference Board Consumer Confidence Survey,Market shorthand,United States - national,Monthly,Index / response share,Not University of Michigan sentiment.,CBCCI,https://www.conference-board.org/topics/consumer-confidence/index.cfm
consumer durables,consumer durables,US0282,U.S. national accounts,PCE on durable goods,BEA Personal Income and Outlays,Market shorthand,United States - national,Monthly / quarterly,Current or chained dollars; usually SAAR,Not durable-goods manufacturers' orders.,PIO; NIPA,https://www.bea.gov/news/pio-release-additional-information | https://www.bea.gov/resources/methodologies/nipa-handbook
consumer expectations Michigan,consumer expectations michigan,US0338,Surveys,University of Michigan Index of Consumer Expectations,University of Michigan Surveys of Consumers,Component label,United States - national,Monthly,Index / response share,Not the Conference Board Expectations Index.,MICH,https://www.sca.isr.umich.edu/
consumer goods output,consumer goods output,US0444,Production data,G.17 consumer-goods production,Federal Reserve G.17,Component label,United States - national,Monthly,Real-output index / percent change,Market-group output classification.,IP,https://www.federalreserve.gov/releases/g17/current/default.htm
consumer lending standards,consumer lending standards,US0392,Surveys,Net tightening for the selected consumer loan type,Federal Reserve Senior Loan Officer Opinion Survey,Component label,United States - national,Quarterly,Net percentage of responding banks,"Credit card, auto and other consumer categories differ.",SLOOS,https://www.federalreserve.gov/data/sloos/sloos-202607-chart-data.htm
consumer prices,consumer prices,US0001,Price indexes,"Consumer Price Index for All Urban Consumers, all items",BLS Consumer Price Index,Market shorthand,United States - U.S. city average,Monthly,Index / percent change,"Usually CPI-U U.S. city average; inflation is its change, not its level.",CPI; CPIT3,https://www.bls.gov/cpi/ | https://www.bls.gov/news.release/cpi.t03.htm
consumer sentiment,consumer sentiment,US0336,Surveys,University of Michigan Index of Consumer Sentiment,University of Michigan Surveys of Consumers,Market shorthand,United States - national,Monthly,Index / response share,Preliminary/final vintages; distinct from Conference Board confidence.,MICH,https://www.sca.isr.umich.edu/
consumer spending,consumer spending,US0278,U.S. national accounts,Personal consumption expenditures,BEA Personal Income and Outlays,Market shorthand,United States - national,Monthly / quarterly,Current or chained dollars; usually SAAR,"Spending aggregate, not automatically the PCE price index.",PIO; NIPA,https://www.bea.gov/news/pio-release-additional-information | https://www.bea.gov/resources/methodologies/nipa-handbook
consumption,consumption,US0278,U.S. national accounts,Personal consumption expenditures,BEA Personal Income and Outlays,Market shorthand,United States - national,Monthly / quarterly,Current or chained dollars; usually SAAR,"Spending aggregate, not automatically the PCE price index.",PIO; NIPA,https://www.bea.gov/news/pio-release-additional-information | https://www.bea.gov/resources/methodologies/nipa-handbook
consumption of fixed capital,consumption of fixed capital,US0248,U.S. national accounts,NIPA consumption of fixed capital,BEA National Income and Product Accounts,Market shorthand,United States - national,Quarterly / annual,Current or chained dollars; annual rates where published,Economic depreciation rather than tax/book depreciation.,GDP; NIPA,https://www.bea.gov/news/gdp-release-additional-information | https://www.bea.gov/resources/methodologies/nipa-handbook
continued claims,continued claims,US0188,Employment,Continued weeks claimed under unemployment insurance,U.S. Department of Labor UI Weekly Claims,Market shorthand,United States - national,Weekly,Continued claims,"Weekly claims measure, not the CPS number unemployed or simply checks paid.",CLAIMS; CLAIMSREC,https://www.dol.gov/sites/dolgov/files/OPA/newsreleases/2020/07/UI-ESR%20side-by-side_07022020.pdf | https://www.dol.gov/sites/dolgov/files/OPA/newsreleases/20261503.pdf
continuing claims,continuing claims,US0188,Employment,Continued weeks claimed under unemployment insurance,U.S. Department of Labor UI Weekly Claims,Market shorthand,United States - national,Weekly,Continued claims,"Weekly claims measure, not the CPS number unemployed or simply checks paid.",CLAIMS; CLAIMSREC,https://www.dol.gov/sites/dolgov/files/OPA/newsreleases/2020/07/UI-ESR%20side-by-side_07022020.pdf | https://www.dol.gov/sites/dolgov/files/OPA/newsreleases/20261503.pdf
control group,control group,US0483,Retail trade data,"Retail and food services less motor vehicle/parts dealers, gasoline stations, building-material/garden dealers and food services/drinking places",Analyst aggregate from Census retail sales,Derived measure,United States - national,Monthly,Nominal dollars (control); constructed real volume (real retail),Constructed nominal aggregate; not itself all PCE or the full BEA PCE control group.,RETAILCONTROL; RETAILMETHOD; TDUS,https://www.richmondfed.org/research/national_economy/macro_minute/2023/mm_05_30_23 | https://www.bea.gov/help/glossary/retail-control-method | https://economics.td.com/us-retail-sales
control sales,control sales,US0483,Retail trade data,"Retail and food services less motor vehicle/parts dealers, gasoline stations, building-material/garden dealers and food services/drinking places",Analyst aggregate from Census retail sales,Derived measure,United States - national,Monthly,Nominal dollars (control); constructed real volume (real retail),Constructed nominal aggregate; not itself all PCE or the full BEA PCE control group.,RETAILCONTROL; RETAILMETHOD; TDUS,https://www.richmondfed.org/research/national_economy/macro_minute/2023/mm_05_30_23 | https://www.bea.gov/help/glossary/retail-control-method | https://economics.td.com/us-retail-sales
core,core,US0005,Price indexes,CPI-U all items less food and energy,BLS Consumer Price Index,Market shorthand,United States - U.S. city average,Monthly,Index / percent change,Core without a release name is ambiguous.,CPI; CPIT3,https://www.bls.gov/cpi/ | https://www.bls.gov/news.release/cpi.t03.htm
core capex orders,core capex orders,US0506,Manufacturing orders,New orders for nondefense capital goods excluding aircraft,"Census Manufacturers Shipments, Inventories and Orders (M3)",Market shorthand,United States - national,Monthly,Nominal monthly dollars / percent change,Standard business-equipment orders proxy; not all durable goods ex transport.,M3DEF; DURABLES; M3TAB; TDCALENDAR,https://www.census.gov/manufacturing/m3/definitions/index.html | https://www.census.gov/manufacturing/m3/adv/pdf/durgd.pdf | https://www.census.gov/manufacturing/m3/prel/pdf/table5p.pdf | https://economics.td.com/domains/economics.td.com/documents/reports/bottom-line/tables/2026-09-04/recent.htm
core capex shipments,core capex shipments,US0507,Manufacturing orders,Shipments of nondefense capital goods excluding aircraft,"Census Manufacturers Shipments, Inventories and Orders (M3)",Market shorthand,United States - national,Monthly,Nominal monthly dollars / percent change,"Shipments, not orders; GDP equipment input, not an exact GDP identity.",M3DEF; DURABLES; M3TAB; TDCALENDAR,https://www.census.gov/manufacturing/m3/definitions/index.html | https://www.census.gov/manufacturing/m3/adv/pdf/durgd.pdf | https://www.census.gov/manufacturing/m3/prel/pdf/table5p.pdf | https://economics.td.com/domains/economics.td.com/documents/reports/bottom-line/tables/2026-09-04/recent.htm
core capital goods orders,core capital goods orders,US0506,Manufacturing orders,New orders for nondefense capital goods excluding aircraft,"Census Manufacturers Shipments, Inventories and Orders (M3)",Market shorthand,United States - national,Monthly,Nominal monthly dollars / percent change,Standard business-equipment orders proxy; not all durable goods ex transport.,M3DEF; DURABLES; M3TAB; TDCALENDAR,https://www.census.gov/manufacturing/m3/definitions/index.html | https://www.census.gov/manufacturing/m3/adv/pdf/durgd.pdf | https://www.census.gov/manufacturing/m3/prel/pdf/table5p.pdf | https://economics.td.com/domains/economics.td.com/documents/reports/bottom-line/tables/2026-09-04/recent.htm
core capital goods shipments,core capital goods shipments,US0507,Manufacturing orders,Shipments of nondefense capital goods excluding aircraft,"Census Manufacturers Shipments, Inventories and Orders (M3)",Market shorthand,United States - national,Monthly,Nominal monthly dollars / percent change,"Shipments, not orders; GDP equipment input, not an exact GDP identity.",M3DEF; DURABLES; M3TAB; TDCALENDAR,https://www.census.gov/manufacturing/m3/definitions/index.html | https://www.census.gov/manufacturing/m3/adv/pdf/durgd.pdf | https://www.census.gov/manufacturing/m3/prel/pdf/table5p.pdf | https://economics.td.com/domains/economics.td.com/documents/reports/bottom-line/tables/2026-09-04/recent.htm
core CPI,core cpi,US0005,Price indexes,CPI-U all items less food and energy,BLS Consumer Price Index,Market shorthand,United States - U.S. city average,Monthly,Index / percent change,Core without a release name is ambiguous.,CPI; CPIT3,https://www.bls.gov/cpi/ | https://www.bls.gov/news.release/cpi.t03.htm
core CPI ex shelter,core cpi ex shelter,US0009,Price indexes,"CPI-U all items less food, energy and shelter",BLS Consumer Price Index,Market shorthand,United States - U.S. city average,Monthly,Index / percent change,Retains core goods. Not the services-only measure usually called supercore CPI.,CPI; CPIT3,https://www.bls.gov/cpi/ | https://www.bls.gov/news.release/cpi.t03.htm
core domestic purchases prices,core domestic purchases prices,US0092,Price indexes,Gross domestic purchases price index excluding food and energy,BEA GDP price measures,Market shorthand,United States - national,Quarterly,Index / percent change,Not core PCE; includes purchases beyond household consumption.,GDP; GDPPRICE,https://www.bea.gov/news/gdp-release-additional-information | https://www.bea.gov/data/prices-inflation/gross-domestic-purchases-price-index
core durable orders,core durable orders,US0508,Manufacturing orders,Provider-defined underlying durable-goods orders aggregate,"Census Manufacturers Shipments, Inventories and Orders (M3)",Ambiguous shorthand,United States - national,Monthly,Nominal monthly dollars / percent change,"Frequently ex transportation, sometimes core capital goods; verify exclusions.",M3DEF; DURABLES; M3TAB; TDCALENDAR,https://www.census.gov/manufacturing/m3/definitions/index.html | https://www.census.gov/manufacturing/m3/adv/pdf/durgd.pdf | https://www.census.gov/manufacturing/m3/prel/pdf/table5p.pdf | https://economics.td.com/domains/economics.td.com/documents/reports/bottom-line/tables/2026-09-04/recent.htm
core durables,core durables,US0508,Manufacturing orders,Provider-defined underlying durable-goods orders aggregate,"Census Manufacturers Shipments, Inventories and Orders (M3)",Ambiguous shorthand,United States - national,Monthly,Nominal monthly dollars / percent change,"Frequently ex transportation, sometimes core capital goods; verify exclusions.",M3DEF; DURABLES; M3TAB; TDCALENDAR,https://www.census.gov/manufacturing/m3/definitions/index.html | https://www.census.gov/manufacturing/m3/adv/pdf/durgd.pdf | https://www.census.gov/manufacturing/m3/prel/pdf/table5p.pdf | https://economics.td.com/domains/economics.td.com/documents/reports/bottom-line/tables/2026-09-04/recent.htm
core ex shelter,core ex shelter,US0009,Price indexes,"CPI-U all items less food, energy and shelter",BLS Consumer Price Index,Market shorthand,United States - U.S. city average,Monthly,Index / percent change,Retains core goods. Not the services-only measure usually called supercore CPI.,CPI; CPIT3,https://www.bls.gov/cpi/ | https://www.bls.gov/news.release/cpi.t03.htm
core GDP,core gdp,US0277,U.S. national accounts,PCE plus private fixed investment,BEA domestic demand and final sales aggregates,Market shorthand,United States - national,Quarterly / annual,Current or chained dollars / growth,"'Core GDP' is informal; excludes government, inventories and net exports.",FS_PRODUCT; FS_DOMESTIC; FS_PRIVATE; NIPA,https://www.bea.gov/help/glossary/final-sales-domestic-product | https://www.bea.gov/help/glossary/final-sales-domestic-purchasers | https://www.bea.gov/help/glossary/final-sales-private-domestic-purchasers | https://www.bea.gov/resources/methodologies/nipa-handbook
core goods,core goods,US0006,Price indexes,CPI-U commodities less food and energy commodities,BLS Consumer Price Index,Market shorthand,United States - U.S. city average,Monthly,Index / percent change,"Goods, not all nonfood items; excludes energy commodities.",CPI; CPIT3,https://www.bls.gov/cpi/ | https://www.bls.gov/news.release/cpi.t03.htm
core goods CPI,core goods cpi,US0006,Price indexes,CPI-U commodities less food and energy commodities,BLS Consumer Price Index,Market shorthand,United States - U.S. city average,Monthly,Index / percent change,"Goods, not all nonfood items; excludes energy commodities.",CPI; CPIT3,https://www.bls.gov/cpi/ | https://www.bls.gov/news.release/cpi.t03.htm
core goods PCE,core goods pce,US0051,Price indexes,PCE goods prices excluding food and energy,BEA Personal Income and Outlays / NIPA price tables,Market shorthand,United States - national,Monthly,Index / percent change,Specify PCE rather than CPI.,PCEPRICE; NIPA,https://www.bea.gov/data/personal-consumption-expenditures-price-index | https://www.bea.gov/resources/methodologies/nipa-handbook
core goods PPI,core goods ppi,US0061,Price indexes,PPI final demand goods less foods and energy,BLS Producer Price Index,Component label,United States - national,Monthly,Index / percent change,Not the same as core CPI goods.,PPI; PPIHOME,https://www.bls.gov/news.release/archives/ppi_09102026.htm | https://www.bls.gov/ppi/
core market-based PCE,core market-based pce,US0055,Price indexes,Market-based PCE price index excluding food and energy,BEA Personal Income and Outlays / NIPA price tables,Market shorthand,United States - national,Monthly,Index / percent change,Distinct from ordinary core PCE.,PCEPRICE; NIPA,https://www.bea.gov/data/personal-consumption-expenditures-price-index | https://www.bea.gov/resources/methodologies/nipa-handbook
core PCE,core pce,US0046,Price indexes,PCE price index excluding food and energy,BEA Personal Income and Outlays / NIPA price tables,Market shorthand,United States - national,Monthly,Index / percent change,Uses BEA category definitions; not the same basket as core CPI.,PCEPRICE; NIPA,https://www.bea.gov/data/personal-consumption-expenditures-price-index | https://www.bea.gov/resources/methodologies/nipa-handbook
core PCE inflation,core pce inflation,US0046,Price indexes,PCE price index excluding food and energy,BEA Personal Income and Outlays / NIPA price tables,Market shorthand,United States - national,Monthly,Index / percent change,Uses BEA category definitions; not the same basket as core CPI.,PCEPRICE; NIPA,https://www.bea.gov/data/personal-consumption-expenditures-price-index | https://www.bea.gov/resources/methodologies/nipa-handbook
core PPI,core ppi,US0058,Price indexes,PPI final demand less foods and energy,BLS Producer Price Index,Ambiguous shorthand,United States - national,Monthly,Index / percent change,"Common ex-food-and-energy meaning; some sources use core for ex food, energy AND trade. Confirm exclusions.",PPI; PPIHOME,https://www.bls.gov/news.release/archives/ppi_09102026.htm | https://www.bls.gov/ppi/
core PPI,core ppi,US0059,Price indexes,"PPI final demand less foods, energy and trade services",BLS Producer Price Index,Market shorthand,United States - national,Monthly,Index / percent change,"Trade means wholesale/retail margins, not international trade.",PPI; PPIHOME,https://www.bls.gov/news.release/archives/ppi_09102026.htm | https://www.bls.gov/ppi/
core PPI ex trade,core ppi ex trade,US0059,Price indexes,"PPI final demand less foods, energy and trade services",BLS Producer Price Index,Market shorthand,United States - national,Monthly,Index / percent change,"Trade means wholesale/retail margins, not international trade.",PPI; PPIHOME,https://www.bls.gov/news.release/archives/ppi_09102026.htm | https://www.bls.gov/ppi/
core purchases prices,core purchases prices,US0092,Price indexes,Gross domestic purchases price index excluding food and energy,BEA GDP price measures,Market shorthand,United States - national,Quarterly,Index / percent change,Not core PCE; includes purchases beyond household consumption.,GDP; GDPPRICE,https://www.bea.gov/news/gdp-release-additional-information | https://www.bea.gov/data/prices-inflation/gross-domestic-purchases-price-index
core retail sales,core retail sales,US0467,Retail trade data,Provider-defined reduced retail aggregate,Census Advance Monthly Sales for Retail and Food Services,Ambiguous shorthand,United States - national,Monthly,Nominal sales dollars / monthly percent change,"Can mean ex autos, ex autos/gas or control group. Never map without exclusions.",RETAIL,https://www.census.gov/retail/index.html
core sales,core sales,US0467,Retail trade data,Provider-defined reduced retail aggregate,Census Advance Monthly Sales for Retail and Food Services,Ambiguous shorthand,United States - national,Monthly,Nominal sales dollars / monthly percent change,"Can mean ex autos, ex autos/gas or control group. Never map without exclusions.",RETAIL,https://www.census.gov/retail/index.html
core services,core services,US0007,Price indexes,CPI-U services less energy services,BLS Consumer Price Index,Market shorthand,United States - U.S. city average,Monthly,Index / percent change,Includes shelter; not supercore.,CPI; CPIT3,https://www.bls.gov/cpi/ | https://www.bls.gov/news.release/cpi.t03.htm
core services CPI,core services cpi,US0007,Price indexes,CPI-U services less energy services,BLS Consumer Price Index,Market shorthand,United States - U.S. city average,Monthly,Index / percent change,Includes shelter; not supercore.,CPI; CPIT3,https://www.bls.gov/cpi/ | https://www.bls.gov/news.release/cpi.t03.htm
core services ex housing,core services ex housing,US0056,Price indexes,PCE services prices excluding energy and housing,BEA / Federal Reserve inflation analysis,Market shorthand,United States - national,Monthly,Index / percent change,PCE convention; 'supercore' is not a universal cross-release definition.,PCESUPER; PCESUPERSER,https://www.frbsf.org/research-and-insights/data-and-indicators/pce-inflation-contributions-from-goods-and-services/ | https://fred.stlouisfed.org/series/IA001260M
core services PCE,core services pce,US0052,Price indexes,PCE services prices excluding energy services,BEA Personal Income and Outlays / NIPA price tables,Market shorthand,United States - national,Monthly,Index / percent change,Includes housing.,PCEPRICE; NIPA,https://www.bea.gov/data/personal-consumption-expenditures-price-index | https://www.bea.gov/resources/methodologies/nipa-handbook
core shipments,core shipments,US0507,Manufacturing orders,Shipments of nondefense capital goods excluding aircraft,"Census Manufacturers Shipments, Inventories and Orders (M3)",Market shorthand,United States - national,Monthly,Nominal monthly dollars / percent change,"Shipments, not orders; GDP equipment input, not an exact GDP identity.",M3DEF; DURABLES; M3TAB; TDCALENDAR,https://www.census.gov/manufacturing/m3/definitions/index.html | https://www.census.gov/manufacturing/m3/adv/pdf/durgd.pdf | https://www.census.gov/manufacturing/m3/prel/pdf/table5p.pdf | https://economics.td.com/domains/economics.td.com/documents/reports/bottom-line/tables/2026-09-04/recent.htm
CoreLogic Case-Shiller,corelogic case-shiller,US0095,Price indexes,S&P Cotality Case-Shiller home-price index family,S&P Cotality Case-Shiller indices,Release / family label,United States - national,Monthly,Index / growth,"Require national, 20-city or 10-city; CoreLogic is older branding.",CASESHILLER,https://press.spglobal.com/2026-04-28-S-P-Cotality-Case-Shiller-Index-Reports-Annual-Gain-in-January-2026
corporate profits,corporate profits,US0268,U.S. national accounts,Corporate profits with inventory valuation and capital consumption adjustments,BEA National Income and Product Accounts,Ambiguous shorthand,United States - national,Quarterly / annual,Current or chained dollars; annual rates where published,'Profits' alone can also mean unadjusted profits or market EPS.,GDP; NIPA,https://www.bea.gov/news/gdp-release-additional-information | https://www.bea.gov/resources/methodologies/nipa-handbook
Cotality Case-Shiller,cotality case-shiller,US0095,Price indexes,S&P Cotality Case-Shiller home-price index family,S&P Cotality Case-Shiller indices,Release / family label,United States - national,Monthly,Index / growth,"Require national, 20-city or 10-city; CoreLogic is older branding.",CASESHILLER,https://press.spglobal.com/2026-04-28-S-P-Cotality-Case-Shiller-Index-Reports-Annual-Gain-in-January-2026
covered employment,covered employment,US0134,Payrolls,Employment reported to the Quarterly Census of Employment and Wages,BLS Quarterly Census of Employment and Wages,Market shorthand,United States - national,Monthly employment; quarterly release,Covered jobs,Administrative universe differs from CES; monthly employment published in quarterly releases.,QCEW,https://www.bls.gov/cew/
covered wages,covered wages,US0227,Wages and salaries,Total wages reported in QCEW,BLS QCEW wage data,Market shorthand,United States - national,Quarterly,Dollars,Administrative quarterly wage totals; coverage differs from NIPA wages.,QCEW,https://www.bls.gov/cew/
CPH,cph,US0230,Wages and salaries,Compensation per hour in the nonfarm business sector,BLS Productivity and Costs,Market shorthand,United States - national,Quarterly,Compensation-per-hour index / growth,Includes wages and supplements; broader than CES earnings.,PRODUCTIVITY,https://www.bls.gov/news.release/prod2.htm
CPI,cpi,US0001,Price indexes,"Consumer Price Index for All Urban Consumers, all items",BLS Consumer Price Index,Market shorthand,United States - U.S. city average,Monthly,Index / percent change,"Usually CPI-U U.S. city average; inflation is its change, not its level.",CPI; CPIT3,https://www.bls.gov/cpi/ | https://www.bls.gov/news.release/cpi.t03.htm
CPI durables,cpi durables,US0014,Price indexes,CPI-U durable goods,BLS Consumer Price Index,Component label,United States - U.S. city average,Monthly,Index / percent change,"A consumption-goods price aggregate, not durable-goods orders.",CPI; CPIT3,https://www.bls.gov/cpi/ | https://www.bls.gov/news.release/cpi.t03.htm
CPI ex F&E,cpi ex f&e,US0005,Price indexes,CPI-U all items less food and energy,BLS Consumer Price Index,Market shorthand,United States - U.S. city average,Monthly,Index / percent change,Core without a release name is ambiguous.,CPI; CPIT3,https://www.bls.gov/cpi/ | https://www.bls.gov/news.release/cpi.t03.htm
CPI ex food,cpi ex food,US0011,Price indexes,CPI-U all items less food,BLS Consumer Price Index,Component label,United States - U.S. city average,Monthly,Index / percent change,Retains energy; not core CPI.,CPI; CPIT3,https://www.bls.gov/cpi/ | https://www.bls.gov/news.release/cpi.t03.htm
CPI ex food and energy,cpi ex food and energy,US0005,Price indexes,CPI-U all items less food and energy,BLS Consumer Price Index,Market shorthand,United States - U.S. city average,Monthly,Index / percent change,Core without a release name is ambiguous.,CPI; CPIT3,https://www.bls.gov/cpi/ | https://www.bls.gov/news.release/cpi.t03.htm
CPI ex food energy and shelter,cpi ex food energy and shelter,US0009,Price indexes,"CPI-U all items less food, energy and shelter",BLS Consumer Price Index,Market shorthand,United States - U.S. city average,Monthly,Index / percent change,Retains core goods. Not the services-only measure usually called supercore CPI.,CPI; CPIT3,https://www.bls.gov/cpi/ | https://www.bls.gov/news.release/cpi.t03.htm
CPI ex shelter,cpi ex shelter,US0008,Price indexes,CPI-U all items less shelter,BLS Consumer Price Index,Market shorthand,United States - U.S. city average,Monthly,Index / percent change,Still includes food and energy.,CPI; CPIT3,https://www.bls.gov/cpi/ | https://www.bls.gov/news.release/cpi.t03.htm
CPI goods,cpi goods,US0012,Price indexes,CPI-U commodities,BLS Consumer Price Index,Component label,United States - U.S. city average,Monthly,Index / percent change,Includes food and energy goods; 'commodities' here does not mean commodity futures.,CPI; CPIT3,https://www.bls.gov/cpi/ | https://www.bls.gov/news.release/cpi.t03.htm
CPI nondurables,cpi nondurables,US0015,Price indexes,CPI-U nondurable goods,BLS Consumer Price Index,Component label,United States - U.S. city average,Monthly,Index / percent change,Includes food and energy goods.,CPI; CPIT3,https://www.bls.gov/cpi/ | https://www.bls.gov/news.release/cpi.t03.htm
CPI services,cpi services,US0013,Price indexes,CPI-U services,BLS Consumer Price Index,Component label,United States - U.S. city average,Monthly,Index / percent change,Includes energy services; distinguish services less energy services.,CPI; CPIT3,https://www.bls.gov/cpi/ | https://www.bls.gov/news.release/cpi.t03.htm
CPI supercore,cpi supercore,US0010,Price indexes,CPI services excluding energy services and shelter,BLS Consumer Price Index,Derived measure,United States - U.S. city average,Monthly,Index / percent change,Desk-derived convention; confirm exact exclusions. Not all-items core ex shelter.,CPI; CPIT3,https://www.bls.gov/cpi/ | https://www.bls.gov/news.release/cpi.t03.htm
CPI-U,cpi-u,US0002,Price indexes,Consumer Price Index for All Urban Consumers,BLS Consumer Price Index,Official acronym / family,United States - U.S. city average,Monthly,Index / percent change,Population/index family; add all-items or a component to identify a series.,CPI; CPIT3,https://www.bls.gov/cpi/ | https://www.bls.gov/news.release/cpi.t03.htm
CPI-W,cpi-w,US0003,Price indexes,Consumer Price Index for Urban Wage Earners and Clerical Workers,BLS Consumer Price Index,Official acronym / family,United States - U.S. city average,Monthly,Index / percent change,Different population weighting from CPI-U.,CPI; CPIT3,https://www.bls.gov/cpi/ | https://www.bls.gov/news.release/cpi.t03.htm
CPS,cps,US0138,Employment,Current Population Survey labor-force data,BLS Employment Situation - CPS,Release / family label,United States - national,Monthly,Series family,Release/data-family alias; distinct from CES.,CPS; EMPTECH; EMPTABLES,https://www.bls.gov/cps/definitions.htm | https://www.bls.gov/news.release/empsit.tn.htm | https://www.bls.gov/news.release/empsit.toc.htm
CRE demand,cre demand,US0391,Surveys,Net share reporting stronger demand for the specified CRE loan category,Federal Reserve Senior Loan Officer Opinion Survey,Component label,United States - national,Quarterly,Net percentage of responding banks,Category required; not a common aggregate of all property types.,SLOOS,https://www.federalreserve.gov/data/sloos/sloos-202607-chart-data.htm
CRE standards,cre standards,US0390,Surveys,Net share tightening standards on the specified CRE loan category,Federal Reserve Senior Loan Officer Opinion Survey,Market shorthand,United States - national,Quarterly,Net percentage of responding banks,"Separate construction/land development, nonfarm nonresidential and multifamily.",SLOOS,https://www.federalreserve.gov/data/sloos/sloos-202607-chart-data.htm
crude goods PPI,crude goods ppi,US0069,Price indexes,PPI unprocessed goods for intermediate demand,BLS Producer Price Index,Market shorthand,United States - national,Monthly,Index / percent change,'Crude goods' is older shorthand; not only crude oil.,PPI; PPIHOME,https://www.bls.gov/news.release/archives/ppi_09102026.htm | https://www.bls.gov/ppi/
CS10,cs10,US0098,Price indexes,Case-Shiller 10-City Composite Home Price Index,S&P Cotality Case-Shiller indices,Market shorthand,United States - 10-city composite,Monthly,Index / growth,Separate geographic composite.,CASESHILLER,https://press.spglobal.com/2026-04-28-S-P-Cotality-Case-Shiller-Index-Reports-Annual-Gain-in-January-2026
CS20,cs20,US0097,Price indexes,Case-Shiller 20-City Composite Home Price Index,S&P Cotality Case-Shiller indices,Market shorthand,United States - 20-city composite,Monthly,Index / growth,Composite of selected U.S. metro areas; not all U.S. housing.,CASESHILLER,https://press.spglobal.com/2026-04-28-S-P-Cotality-Case-Shiller-Index-Reports-Annual-Gain-in-January-2026
CU,cu,US0449,Production data,G.17 total industry capacity utilization,Federal Reserve G.17,Market shorthand,United States - national,Monthly,Percent of capacity,Output relative to sustainable capacity; specify industry.,IP,https://www.federalreserve.gov/releases/g17/current/default.htm
current demand BTOS,current demand btos,US0423,Surveys,BTOS current demand responses,Census Business Trends and Outlook Survey,Component label,United States - national,Every two weeks,Survey response shares,Retain current versus six-month outlook.,BTOS,https://www.census.gov/data/experimental-data-products/business-trends-and-outlook-survey.html
current economic conditions,current economic conditions,US0337,Surveys,University of Michigan Current Economic Conditions Index,University of Michigan Surveys of Consumers,Component label,United States - national,Monthly,Index / response share,Component of consumer sentiment.,MICH,https://www.sca.isr.umich.edu/
current revenue BTOS,current revenue btos,US0422,Surveys,BTOS reported revenue-change responses,Census Business Trends and Outlook Survey,Component label,United States - national,Every two weeks,Survey response shares,"Response distribution, not aggregate revenue dollars.",BTOS,https://www.census.gov/data/experimental-data-products/business-trends-and-outlook-survey.html
current-dollar GDP,current-dollar gdp,US0240,U.S. national accounts,Gross domestic product at current prices,BEA National Income and Product Accounts,Market shorthand,United States - national,Quarterly / annual,Current or chained dollars; annual rates where published,Changes reflect quantities and prices.,GDP; NIPA,https://www.bea.gov/news/gdp-release-additional-information | https://www.bea.gov/resources/methodologies/nipa-handbook
customer inventories,customer inventories,US0308,Surveys,ISM Manufacturing Customers' Inventories Index,ISM Manufacturing PMI Report,Component label,United States - national,Monthly,Diffusion / composite index,Assessment of inventory adequacy; not the ordinary inventories index.,ISM,https://www.ismworld.org/globalassets/pub/research-and-surveys/rob/pmi/nope202608pmi.pdf
customers' inventories ISM,customers' inventories ism,US0308,Surveys,ISM Manufacturing Customers' Inventories Index,ISM Manufacturing PMI Report,Component label,United States - national,Monthly,Diffusion / composite index,Assessment of inventory adequacy; not the ordinary inventories index.,ISM,https://www.ismworld.org/globalassets/pub/research-and-surveys/rob/pmi/nope202608pmi.pdf
Dallas business activity,dallas business activity,US0377,Surveys,TMOS general business activity index,Dallas Fed Texas Manufacturing Outlook Survey,Component label,United States - Texas,Monthly,Diffusion index,"Assessment of broader business conditions, not production.",DALLAS,https://www.dallasfed.org/research/surveys/tmos/2026/2608
Dallas company outlook,dallas company outlook,US0379,Surveys,TMOS company outlook index,Dallas Fed Texas Manufacturing Outlook Survey,Component label,United States - Texas,Monthly,Diffusion index,"Firm-specific outlook, not general business activity.",DALLAS,https://www.dallasfed.org/research/surveys/tmos/2026/2608
Dallas Fed,dallas fed,US0376,Surveys,Texas Manufacturing Outlook Survey,Dallas Fed Texas Manufacturing Outlook Survey,Release / family label,United States - Texas,Monthly,Diffusion index,Calendar headline commonly general business activity; production is separate.,DALLAS,https://www.dallasfed.org/research/surveys/tmos/2026/2608
Dallas finished-goods prices,dallas finished-goods prices,US0382,Surveys,TMOS finished goods prices index,Dallas Fed Texas Manufacturing Outlook Survey,Component label,United States - Texas,Monthly,Diffusion index,Selling prices.,DALLAS,https://www.dallasfed.org/research/surveys/tmos/2026/2608
Dallas general activity,dallas general activity,US0377,Surveys,TMOS general business activity index,Dallas Fed Texas Manufacturing Outlook Survey,Component label,United States - Texas,Monthly,Diffusion index,"Assessment of broader business conditions, not production.",DALLAS,https://www.dallasfed.org/research/surveys/tmos/2026/2608
Dallas manufacturing,dallas manufacturing,US0376,Surveys,Texas Manufacturing Outlook Survey,Dallas Fed Texas Manufacturing Outlook Survey,Release / family label,United States - Texas,Monthly,Diffusion index,Calendar headline commonly general business activity; production is separate.,DALLAS,https://www.dallasfed.org/research/surveys/tmos/2026/2608
Dallas PCE,dallas pce,US0080,Price indexes,Dallas Fed trimmed-mean PCE inflation,Federal Reserve alternative inflation measures,Published analytical measure,United States - national,Monthly,Index / percent change,Trimming differs from fixed exclusions used for core PCE.,TRIMPCE,https://www.dallasfed.org/research/pce/
Dallas prices paid,dallas prices paid,US0381,Surveys,TMOS raw materials prices index,Dallas Fed Texas Manufacturing Outlook Survey,Component label,United States - Texas,Monthly,Diffusion index,Input prices.,DALLAS,https://www.dallasfed.org/research/surveys/tmos/2026/2608
Dallas prices received,dallas prices received,US0382,Surveys,TMOS finished goods prices index,Dallas Fed Texas Manufacturing Outlook Survey,Component label,United States - Texas,Monthly,Diffusion index,Selling prices.,DALLAS,https://www.dallasfed.org/research/surveys/tmos/2026/2608
Dallas production,dallas production,US0378,Surveys,TMOS production index,Dallas Fed Texas Manufacturing Outlook Survey,Component label,United States - Texas,Monthly,Diffusion index,A separate factory-output diffusion measure.,DALLAS,https://www.dallasfed.org/research/surveys/tmos/2026/2608
Dallas raw-materials prices,dallas raw-materials prices,US0381,Surveys,TMOS raw materials prices index,Dallas Fed Texas Manufacturing Outlook Survey,Component label,United States - Texas,Monthly,Diffusion index,Input prices.,DALLAS,https://www.dallasfed.org/research/surveys/tmos/2026/2608
Dallas services,dallas services,US0427,Surveys,Texas Service Sector Outlook Survey,Dallas Fed Texas Service Sector Outlook Survey,Release / family label,United States - Texas,Monthly,Diffusion indexes,Regional survey; distinguish revenue and general business activity.,DALLASSVC,https://www.dallasfed.org/research/surveys/tssos/2026/2608
Dallas services activity,dallas services activity,US0429,Surveys,TSSOS general business activity index,Dallas Fed Texas Service Sector Outlook Survey,Market shorthand,United States - Texas,Monthly,Diffusion index,Separate from the revenue index.,DALLASSVC,https://www.dallasfed.org/research/surveys/tssos/2026/2608
Dallas services revenue,dallas services revenue,US0428,Surveys,TSSOS revenue index,Dallas Fed Texas Service Sector Outlook Survey,Market shorthand,United States - Texas,Monthly,Diffusion index,"Survey response balance, not nominal revenue dollars.",DALLASSVC,https://www.dallasfed.org/research/surveys/tssos/2026/2608
Dallas trimmed mean,dallas trimmed mean,US0080,Price indexes,Dallas Fed trimmed-mean PCE inflation,Federal Reserve alternative inflation measures,Published analytical measure,United States - national,Monthly,Index / percent change,Trimming differs from fixed exclusions used for core PCE.,TRIMPCE,https://www.dallasfed.org/research/pce/
Dallas uncertainty,dallas uncertainty,US0380,Surveys,TMOS outlook uncertainty index,Dallas Fed Texas Manufacturing Outlook Survey,Component label,United States - Texas,Monthly,Diffusion index,"Direction of uncertainty, not activity growth.",DALLAS,https://www.dallasfed.org/research/surveys/tmos/2026/2608
Dallas wages,dallas wages,US0383,Surveys,TMOS wages and benefits index,Dallas Fed Texas Manufacturing Outlook Survey,Component label,United States - Texas,Monthly,Diffusion index,"Survey pay pressure, not measured wage growth.",DALLAS,https://www.dallasfed.org/research/surveys/tmos/2026/2608
defense aircraft orders,defense aircraft orders,US0514,Manufacturing orders,New orders for defense aircraft and parts,"Census Manufacturers Shipments, Inventories and Orders (M3)",Market shorthand,United States - national,Monthly,Nominal monthly dollars / percent change,Not total defense capital goods.,M3DEF; DURABLES; M3TAB; TDCALENDAR,https://www.census.gov/manufacturing/m3/definitions/index.html | https://www.census.gov/manufacturing/m3/adv/pdf/durgd.pdf | https://www.census.gov/manufacturing/m3/prel/pdf/table5p.pdf | https://economics.td.com/domains/economics.td.com/documents/reports/bottom-line/tables/2026-09-04/recent.htm
defense cap goods,defense cap goods,US0511,Manufacturing orders,New orders for defense capital goods,"Census Manufacturers Shipments, Inventories and Orders (M3)",Market shorthand,United States - national,Monthly,Nominal monthly dollars / percent change,Not government spending in GDP.,M3DEF; DURABLES; M3TAB; TDCALENDAR,https://www.census.gov/manufacturing/m3/definitions/index.html | https://www.census.gov/manufacturing/m3/adv/pdf/durgd.pdf | https://www.census.gov/manufacturing/m3/prel/pdf/table5p.pdf | https://economics.td.com/domains/economics.td.com/documents/reports/bottom-line/tables/2026-09-04/recent.htm
defense capital goods orders,defense capital goods orders,US0511,Manufacturing orders,New orders for defense capital goods,"Census Manufacturers Shipments, Inventories and Orders (M3)",Market shorthand,United States - national,Monthly,Nominal monthly dollars / percent change,Not government spending in GDP.,M3DEF; DURABLES; M3TAB; TDCALENDAR,https://www.census.gov/manufacturing/m3/definitions/index.html | https://www.census.gov/manufacturing/m3/adv/pdf/durgd.pdf | https://www.census.gov/manufacturing/m3/prel/pdf/table5p.pdf | https://economics.td.com/domains/economics.td.com/documents/reports/bottom-line/tables/2026-09-04/recent.htm
defense spending GDP,defense spending gdp,US0262,U.S. national accounts,Federal national-defense consumption expenditures and gross investment,BEA National Income and Product Accounts,Market shorthand,United States - national,Quarterly / annual,Current or chained dollars; annual rates where published,Not Census defense capital-goods orders.,GDP; NIPA,https://www.bea.gov/news/gdp-release-additional-information | https://www.bea.gov/resources/methodologies/nipa-handbook
department stores,department stores,US0476,Retail trade data,Sales of department stores,Census Advance Monthly Sales for Retail and Food Services,Component label,United States - national,Monthly,Nominal sales dollars / monthly percent change,"Subset of general merchandise, not an extra additive major category.",RETAIL,https://www.census.gov/retail/index.html
department-store sales,department-store sales,US0476,Retail trade data,Sales of department stores,Census Advance Monthly Sales for Retail and Food Services,Component label,United States - national,Monthly,Nominal sales dollars / monthly percent change,"Subset of general merchandise, not an extra additive major category.",RETAIL,https://www.census.gov/retail/index.html
DGO,dgo,US0501,Manufacturing orders,New orders for manufactured durable goods,"Census Manufacturers Shipments, Inventories and Orders (M3)",Market shorthand,United States - national,Monthly,Nominal monthly dollars / percent change,Advance report; 'durables' can instead mean consumption or output in other releases.,M3DEF; DURABLES; M3TAB; TDCALENDAR,https://www.census.gov/manufacturing/m3/definitions/index.html | https://www.census.gov/manufacturing/m3/adv/pdf/durgd.pdf | https://www.census.gov/manufacturing/m3/prel/pdf/table5p.pdf | https://economics.td.com/domains/economics.td.com/documents/reports/bottom-line/tables/2026-09-04/recent.htm
discouraged,discouraged,US0151,Employment,Marginally attached people not currently looking for labor-market-related reasons,BLS Employment Situation - CPS,Market shorthand,United States - national,Monthly,People,Subset of marginally attached workers.,CPS; EMPTECH; EMPTABLES,https://www.bls.gov/cps/definitions.htm | https://www.bls.gov/news.release/empsit.tn.htm | https://www.bls.gov/news.release/empsit.toc.htm
discouraged workers,discouraged workers,US0151,Employment,Marginally attached people not currently looking for labor-market-related reasons,BLS Employment Situation - CPS,Market shorthand,United States - national,Monthly,People,Subset of marginally attached workers.,CPS; EMPTECH; EMPTABLES,https://www.bls.gov/cps/definitions.htm | https://www.bls.gov/news.release/empsit.tn.htm | https://www.bls.gov/news.release/empsit.toc.htm
disposable income,disposable income,US0286,U.S. national accounts,Personal income less personal current taxes,BEA Personal Income and Outlays,Market shorthand,United States - national,Monthly / quarterly,Current or chained dollars; usually SAAR,"After-tax income, not income after all household expenses.",PIO; NIPA,https://www.bea.gov/news/pio-release-additional-information | https://www.bea.gov/resources/methodologies/nipa-handbook
disposable personal income,disposable personal income,US0286,U.S. national accounts,Personal income less personal current taxes,BEA Personal Income and Outlays,Market shorthand,United States - national,Monthly / quarterly,Current or chained dollars; usually SAAR,"After-tax income, not income after all household expenses.",PIO; NIPA,https://www.bea.gov/news/pio-release-additional-information | https://www.bea.gov/resources/methodologies/nipa-handbook
doctors' fees,doctors' fees,US0044,Price indexes,CPI physicians' services,BLS Consumer Price Index,Market shorthand,United States - U.S. city average,Monthly,Index / percent change,A medical-care service component.,CPIT2,https://www.bls.gov/news.release/cpi.t02.htm
domestic final demand,domestic final demand,US0276,U.S. national accounts,PCE plus private fixed investment plus government consumption/investment,BEA domestic demand and final sales aggregates,Market shorthand,United States - national,Quarterly / annual,Current or chained dollars / growth,Excludes inventories and net exports.,FS_PRODUCT; FS_DOMESTIC; FS_PRIVATE; NIPA,https://www.bea.gov/help/glossary/final-sales-domestic-product | https://www.bea.gov/help/glossary/final-sales-domestic-purchasers | https://www.bea.gov/help/glossary/final-sales-private-domestic-purchasers | https://www.bea.gov/resources/methodologies/nipa-handbook
domestic purchases,domestic purchases,US0275,U.S. national accounts,PCE plus private investment plus government consumption/investment,BEA domestic demand and final sales aggregates,Component label,United States - national,Quarterly / annual,Current or chained dollars / growth,Equals GDP minus exports plus imports; includes inventories.,FS_PRODUCT; FS_DOMESTIC; FS_PRIVATE; NIPA,https://www.bea.gov/help/glossary/final-sales-domestic-product | https://www.bea.gov/help/glossary/final-sales-domestic-purchasers | https://www.bea.gov/help/glossary/final-sales-private-domestic-purchasers | https://www.bea.gov/resources/methodologies/nipa-handbook
domestic purchases deflator,domestic purchases deflator,US0091,Price indexes,Gross domestic purchases price index,BEA GDP price measures,Market shorthand,United States - national,Quarterly,Index / percent change,Covers purchases by U.S. residents; includes imports and excludes exports.,GDP; GDPPRICE,https://www.bea.gov/news/gdp-release-additional-information | https://www.bea.gov/data/prices-inflation/gross-domestic-purchases-price-index
dot plot,dot plot,US0407,Surveys,FOMC participants' projected appropriate federal funds rates,Federal Reserve Summary of Economic Projections,Market shorthand,United States - national,Quarterly projection rounds,Projection / percent,"Interest-rate projections, not commitments or market prices.",SEP,https://www.federalreserve.gov/monetarypolicy/files/fomcprojtabl20250917.pdf
dots,dots,US0407,Surveys,FOMC participants' projected appropriate federal funds rates,Federal Reserve Summary of Economic Projections,Market shorthand,United States - national,Quarterly projection rounds,Projection / percent,"Interest-rate projections, not commitments or market prices.",SEP,https://www.federalreserve.gov/monetarypolicy/files/fomcprojtabl20250917.pdf
DPI,dpi,US0286,U.S. national accounts,Personal income less personal current taxes,BEA Personal Income and Outlays,Market shorthand,United States - national,Monthly / quarterly,Current or chained dollars; usually SAAR,"After-tax income, not income after all household expenses.",PIO; NIPA,https://www.bea.gov/news/pio-release-additional-information | https://www.bea.gov/resources/methodologies/nipa-handbook
drugstore sales,drugstore sales,US0481,Retail trade data,Sales of health and personal care retailers/stores,Census Advance Monthly Sales for Retail and Food Services,Ambiguous shorthand,United States - national,Monthly,Nominal sales dollars / monthly percent change,Drugstores are a narrower subgroup; shorthand needs context.,RETAIL,https://www.census.gov/retail/index.html
durable goods CPI,durable goods cpi,US0014,Price indexes,CPI-U durable goods,BLS Consumer Price Index,Component label,United States - U.S. city average,Monthly,Index / percent change,"A consumption-goods price aggregate, not durable-goods orders.",CPI; CPIT3,https://www.bls.gov/cpi/ | https://www.bls.gov/news.release/cpi.t03.htm
durable manufacturing output,durable manufacturing output,US0438,Production data,G.17 durable-goods manufacturing production,Federal Reserve G.17,Component label,United States - national,Monthly,Real-output index / percent change,Not durable-goods orders.,IP,https://www.federalreserve.gov/releases/g17/current/default.htm
durable manufacturing payrolls,durable manufacturing payrolls,US0115,Payrolls,CES durable-goods manufacturing employment,BLS Employment Situation - CES,Component label,United States - national,Monthly,Jobs; usually reported in thousands,"Employment industry classification, not durable-goods consumption.",CES; EMPTECH,https://www.bls.gov/ces/ | https://www.bls.gov/news.release/empsit.tn.htm
durable orders,durable orders,US0501,Manufacturing orders,New orders for manufactured durable goods,"Census Manufacturers Shipments, Inventories and Orders (M3)",Market shorthand,United States - national,Monthly,Nominal monthly dollars / percent change,Advance report; 'durables' can instead mean consumption or output in other releases.,M3DEF; DURABLES; M3TAB; TDCALENDAR,https://www.census.gov/manufacturing/m3/definitions/index.html | https://www.census.gov/manufacturing/m3/adv/pdf/durgd.pdf | https://www.census.gov/manufacturing/m3/prel/pdf/table5p.pdf | https://economics.td.com/domains/economics.td.com/documents/reports/bottom-line/tables/2026-09-04/recent.htm
durable production,durable production,US0438,Production data,G.17 durable-goods manufacturing production,Federal Reserve G.17,Component label,United States - national,Monthly,Real-output index / percent change,Not durable-goods orders.,IP,https://www.federalreserve.gov/releases/g17/current/default.htm
durable shipments,durable shipments,US0519,Manufacturing orders,Shipments of durable manufactured goods,"Census Manufacturers Shipments, Inventories and Orders (M3)",Market shorthand,United States - national,Monthly,Nominal monthly dollars / percent change,Includes more than core capital goods.,M3DEF; DURABLES; M3TAB; TDCALENDAR,https://www.census.gov/manufacturing/m3/definitions/index.html | https://www.census.gov/manufacturing/m3/adv/pdf/durgd.pdf | https://www.census.gov/manufacturing/m3/prel/pdf/table5p.pdf | https://economics.td.com/domains/economics.td.com/documents/reports/bottom-line/tables/2026-09-04/recent.htm
durable-goods deflator,durable-goods deflator,US0048,Price indexes,PCE durable goods chain-type price index,BEA Personal Income and Outlays / NIPA price tables,Component label,United States - national,Monthly,Index / percent change,Prices of household durable consumption.,PCEPRICE; NIPA,https://www.bea.gov/data/personal-consumption-expenditures-price-index | https://www.bea.gov/resources/methodologies/nipa-handbook
durable-goods orders,durable-goods orders,US0501,Manufacturing orders,New orders for manufactured durable goods,"Census Manufacturers Shipments, Inventories and Orders (M3)",Market shorthand,United States - national,Monthly,Nominal monthly dollars / percent change,Advance report; 'durables' can instead mean consumption or output in other releases.,M3DEF; DURABLES; M3TAB; TDCALENDAR,https://www.census.gov/manufacturing/m3/definitions/index.html | https://www.census.gov/manufacturing/m3/adv/pdf/durgd.pdf | https://www.census.gov/manufacturing/m3/prel/pdf/table5p.pdf | https://economics.td.com/domains/economics.td.com/documents/reports/bottom-line/tables/2026-09-04/recent.htm
durables,durables,US0501,Manufacturing orders,New orders for manufactured durable goods,"Census Manufacturers Shipments, Inventories and Orders (M3)",Market shorthand,United States - national,Monthly,Nominal monthly dollars / percent change,Advance report; 'durables' can instead mean consumption or output in other releases.,M3DEF; DURABLES; M3TAB; TDCALENDAR,https://www.census.gov/manufacturing/m3/definitions/index.html | https://www.census.gov/manufacturing/m3/adv/pdf/durgd.pdf | https://www.census.gov/manufacturing/m3/prel/pdf/table5p.pdf | https://economics.td.com/domains/economics.td.com/documents/reports/bottom-line/tables/2026-09-04/recent.htm
durables consumption,durables consumption,US0282,U.S. national accounts,PCE on durable goods,BEA Personal Income and Outlays,Market shorthand,United States - national,Monthly / quarterly,Current or chained dollars; usually SAAR,Not durable-goods manufacturers' orders.,PIO; NIPA,https://www.bea.gov/news/pio-release-additional-information | https://www.bea.gov/resources/methodologies/nipa-handbook
durables ex defense,durables ex defense,US0503,Manufacturing orders,Durable-goods new orders excluding defense,"Census Manufacturers Shipments, Inventories and Orders (M3)",Market shorthand,United States - national,Monthly,Nominal monthly dollars / percent change,Still contains nondefense aircraft and other transportation.,M3DEF; DURABLES; M3TAB; TDCALENDAR,https://www.census.gov/manufacturing/m3/definitions/index.html | https://www.census.gov/manufacturing/m3/adv/pdf/durgd.pdf | https://www.census.gov/manufacturing/m3/prel/pdf/table5p.pdf | https://economics.td.com/domains/economics.td.com/documents/reports/bottom-line/tables/2026-09-04/recent.htm
durables ex transportation,durables ex transportation,US0502,Manufacturing orders,Durable-goods new orders excluding transportation equipment,"Census Manufacturers Shipments, Inventories and Orders (M3)",Market shorthand,United States - national,Monthly,Nominal monthly dollars / percent change,Broader than nondefense capital goods excluding aircraft.,M3DEF; DURABLES; M3TAB; TDCALENDAR,https://www.census.gov/manufacturing/m3/definitions/index.html | https://www.census.gov/manufacturing/m3/adv/pdf/durgd.pdf | https://www.census.gov/manufacturing/m3/prel/pdf/table5p.pdf | https://economics.td.com/domains/economics.td.com/documents/reports/bottom-line/tables/2026-09-04/recent.htm
durables jobs,durables jobs,US0115,Payrolls,CES durable-goods manufacturing employment,BLS Employment Situation - CES,Component label,United States - national,Monthly,Jobs; usually reported in thousands,"Employment industry classification, not durable-goods consumption.",CES; EMPTECH,https://www.bls.gov/ces/ | https://www.bls.gov/news.release/empsit.tn.htm
durables shipments,durables shipments,US0519,Manufacturing orders,Shipments of durable manufactured goods,"Census Manufacturers Shipments, Inventories and Orders (M3)",Market shorthand,United States - national,Monthly,Nominal monthly dollars / percent change,Includes more than core capital goods.,M3DEF; DURABLES; M3TAB; TDCALENDAR,https://www.census.gov/manufacturing/m3/definitions/index.html | https://www.census.gov/manufacturing/m3/adv/pdf/durgd.pdf | https://www.census.gov/manufacturing/m3/prel/pdf/table5p.pdf | https://economics.td.com/domains/economics.td.com/documents/reports/bottom-line/tables/2026-09-04/recent.htm
e-commerce sales,e-commerce sales,US0485,Retail trade data,Census retail e-commerce sales,Census Quarterly Retail E-Commerce Sales,Market shorthand,United States - national,Quarterly,Nominal sales dollars,"Ordering channel, not all nonstore sales; can include online sales by store retailers.",ECOMMERCE,https://www.census.gov/retail/ecommerce.html
e-commerce share,e-commerce share,US0486,Retail trade data,Retail e-commerce sales as a share of total retail sales,Census Quarterly Retail E-Commerce Sales,Derived / published share,United States - national,Quarterly,Percent,"Denominator is retail sales, not total consumer spending.",ECOMMERCE,https://www.census.gov/retail/ecommerce.html
E-to-E,e-to-e,US0200,Employment,People employed in both consecutive monthly observations,BLS CPS research gross flows,Research measure / shorthand,United States - national,Monthly,People / gross monthly flows,Not an employer-to-employer job-switching series.,CPSFLOWS,https://www.bls.gov/cps/cps_flows.htm
E-to-N,e-to-n,US0196,Employment,People moving from employed to not in the labor force,BLS CPS research gross flows,Research measure / shorthand,United States - national,Monthly,People / gross monthly flows,Not the same as becoming unemployed.,CPSFLOWS,https://www.bls.gov/cps/cps_flows.htm
E-to-U,e-to-u,US0194,Employment,People moving from employed to unemployed,BLS CPS research gross flows,Research measure / shorthand,United States - national,Monthly,People / gross monthly flows,"Not all JOLTS separations, which can lead to another job or nonparticipation.",CPSFLOWS,https://www.bls.gov/cps/cps_flows.htm
E-to-U rate,e-to-u rate,US0204,Employment,CPS employed-to-unemployed flow divided by prior-month employed population,Analyst rates from BLS CPS flows,Derived measure,United States - national,Monthly,Probability / percent,One common definition; broader separation hazards may include exits to nonparticipation.,CPSFLOWS,https://www.bls.gov/cps/cps_flows.htm
E-U-N flows,e-u-n flows,US0193,Employment,CPS research series tracking month-to-month labor-force status,BLS CPS research gross flows,Research measure / shorthand,United States - national,Monthly,People / gross monthly flows,Counts and rates are different; state sequence matters.,CPSFLOWS,https://www.bls.gov/cps/cps_flows.htm
E/P,e/p,US0144,Employment,Employed as a percent of civilian noninstitutional population,BLS Employment Situation - CPS,Market shorthand,United States - national,Monthly,Percent of population,Different denominator from one minus the unemployment rate.,CPS; EMPTECH; EMPTABLES,https://www.bls.gov/cps/definitions.htm | https://www.bls.gov/news.release/empsit.tn.htm | https://www.bls.gov/news.release/empsit.toc.htm
eating and drinking,eating and drinking,US0473,Retail trade data,Sales of food services and drinking places,Census Advance Monthly Sales for Retail and Food Services,Market shorthand,United States - national,Monthly,Nominal sales dollars / monthly percent change,"Nominal sales, not real restaurant consumption.",RETAIL,https://www.census.gov/retail/index.html
ECEC,ecec,US0234,Wages and salaries,Average employer cost per employee hour worked for total compensation,BLS Employer Costs for Employee Compensation,Market shorthand,United States - national,Quarterly,Dollars per hour worked,Dollar cost level; unlike the fixed-composition ECI index.,ECEC,https://www.bls.gov/ecec/
ECEC benefits,ecec benefits,US0236,Wages and salaries,ECEC benefit costs per employee hour worked,BLS Employer Costs for Employee Compensation,Market shorthand,United States - national,Quarterly,Dollars per hour worked,Not the ECI benefits index or benefit share.,ECEC,https://www.bls.gov/ecec/
ECEC wages,ecec wages,US0235,Wages and salaries,ECEC wages and salaries per employee hour worked,BLS Employer Costs for Employee Compensation,Market shorthand,United States - national,Quarterly,Dollars per hour worked,Not CES average hourly earnings; specify civilian/private/state-local.,ECEC,https://www.bls.gov/ecec/
ECI,eci,US0215,Wages and salaries,Employment Cost Index for total compensation of civilian workers,BLS Employment Cost Index,Market shorthand,United States - national,Quarterly,Labor-cost index / percent change,"Fixed-composition index; headline includes private and state/local workers, not federal workers.",ECI,https://www.bls.gov/eci/
ECI benefits,eci benefits,US0217,Wages and salaries,ECI benefit costs component,BLS Employment Cost Index,Component label,United States - national,Quarterly,Labor-cost index / percent change,Not total compensation or the dollar cost per hour.,ECI,https://www.bls.gov/eci/
ECI wages,eci wages,US0216,Wages and salaries,ECI wages and salaries component,BLS Employment Cost Index,Market shorthand,United States - national,Quarterly,Labor-cost index / percent change,Excludes benefits; specify civilian/private/state-local coverage.,ECI,https://www.bls.gov/eci/
economic depreciation,economic depreciation,US0248,U.S. national accounts,NIPA consumption of fixed capital,BEA National Income and Product Accounts,Market shorthand,United States - national,Quarterly / annual,Current or chained dollars; annual rates where published,Economic depreciation rather than tax/book depreciation.,GDP; NIPA,https://www.bea.gov/news/gdp-release-additional-information | https://www.bea.gov/resources/methodologies/nipa-handbook
economic growth,economic growth,US0238,U.S. national accounts,Gross domestic product,BEA National Income and Product Accounts,Market shorthand,United States - national,Quarterly / annual,Current or chained dollars; annual rates where published,Market 'GDP growth' normally refers to real GDP; 'output' alone is ambiguous.,GDP; NIPA,https://www.bea.gov/news/gdp-release-additional-information | https://www.bea.gov/resources/methodologies/nipa-handbook
education and health jobs,education and health jobs,US0127,Payrolls,CES private education and health services employment,BLS Employment Situation - CES,Component label,United States - national,Monthly,Jobs; usually reported in thousands,"Public-school jobs are in government, not this private supersector.",CES; EMPTECH,https://www.bls.gov/ces/ | https://www.bls.gov/news.release/empsit.tn.htm
EE,ee,US0200,Employment,People employed in both consecutive monthly observations,BLS CPS research gross flows,Research measure / shorthand,United States - national,Monthly,People / gross monthly flows,Not an employer-to-employer job-switching series.,CPSFLOWS,https://www.bls.gov/cps/cps_flows.htm
electricity CPI,electricity cpi,US0024,Price indexes,CPI electricity,BLS Consumer Price Index,Component label,United States - U.S. city average,Monthly,Index / percent change,Household electricity prices.,CPIT2,https://www.bls.gov/news.release/cpi.t02.htm
electronics sales,electronics sales,US0480,Retail trade data,Sales of electronics and appliance retailers/stores,Census Advance Monthly Sales for Retail and Food Services,Component label,United States - national,Monthly,Nominal sales dollars / monthly percent change,"Store-based category, not all electronics bought by consumers.",RETAIL,https://www.census.gov/retail/index.html
Empire,empire,US0354,Surveys,Empire State Manufacturing Survey general business conditions index,New York Fed Empire State Manufacturing Survey,Market shorthand,United States - New York State,Monthly,Diffusion index,"New York State survey; headline is a direct question, not a weighted composite.",EMPIRE,https://www.newyorkfed.org/survey/empire/empiresurvey_overview
Empire employees,empire employees,US0357,Surveys,Empire State current number of employees index,New York Fed Empire State Manufacturing Survey,Component label,United States - New York State,Monthly,Diffusion index,Not payroll jobs.,EMPIRE,https://www.newyorkfed.org/survey/empire/empiresurvey_overview
Empire employment,empire employment,US0357,Surveys,Empire State current number of employees index,New York Fed Empire State Manufacturing Survey,Component label,United States - New York State,Monthly,Diffusion index,Not payroll jobs.,EMPIRE,https://www.newyorkfed.org/survey/empire/empiresurvey_overview
Empire future conditions,empire future conditions,US0360,Surveys,Empire State future general business conditions index,New York Fed Empire State Manufacturing Survey,Market shorthand,United States - New York State,Monthly,Diffusion index,Six-month-ahead expectations.,EMPIRE,https://www.newyorkfed.org/survey/empire/empiresurvey_overview
Empire new orders,empire new orders,US0355,Surveys,Empire State current new orders index,New York Fed Empire State Manufacturing Survey,Component label,United States - New York State,Monthly,Diffusion index,"Current conditions, not six-month expectations.",EMPIRE,https://www.newyorkfed.org/survey/empire/empiresurvey_overview
Empire orders,empire orders,US0355,Surveys,Empire State current new orders index,New York Fed Empire State Manufacturing Survey,Component label,United States - New York State,Monthly,Diffusion index,"Current conditions, not six-month expectations.",EMPIRE,https://www.newyorkfed.org/survey/empire/empiresurvey_overview
Empire outlook,empire outlook,US0360,Surveys,Empire State future general business conditions index,New York Fed Empire State Manufacturing Survey,Market shorthand,United States - New York State,Monthly,Diffusion index,Six-month-ahead expectations.,EMPIRE,https://www.newyorkfed.org/survey/empire/empiresurvey_overview
Empire prices paid,empire prices paid,US0358,Surveys,Empire State current prices paid index,New York Fed Empire State Manufacturing Survey,Component label,United States - New York State,Monthly,Diffusion index,"Input prices, not prices received.",EMPIRE,https://www.newyorkfed.org/survey/empire/empiresurvey_overview
Empire prices received,empire prices received,US0359,Surveys,Empire State current prices received index,New York Fed Empire State Manufacturing Survey,Component label,United States - New York State,Monthly,Diffusion index,Selling prices.,EMPIRE,https://www.newyorkfed.org/survey/empire/empiresurvey_overview
Empire shipments,empire shipments,US0356,Surveys,Empire State current shipments index,New York Fed Empire State Manufacturing Survey,Component label,United States - New York State,Monthly,Diffusion index,"Survey diffusion, not dollars shipped.",EMPIRE,https://www.newyorkfed.org/survey/empire/empiresurvey_overview
Empire State,empire state,US0354,Surveys,Empire State Manufacturing Survey general business conditions index,New York Fed Empire State Manufacturing Survey,Market shorthand,United States - New York State,Monthly,Diffusion index,"New York State survey; headline is a direct question, not a weighted composite.",EMPIRE,https://www.newyorkfed.org/survey/empire/empiresurvey_overview
employed to employed,employed to employed,US0200,Employment,People employed in both consecutive monthly observations,BLS CPS research gross flows,Research measure / shorthand,United States - national,Monthly,People / gross monthly flows,Not an employer-to-employer job-switching series.,CPSFLOWS,https://www.bls.gov/cps/cps_flows.htm
employee compensation,employee compensation,US0291,U.S. national accounts,Wages and salaries plus supplements to wages and salaries,BEA Personal Income and Outlays,Market shorthand,United States - national,Monthly / quarterly,Current or chained dollars; usually SAAR,Broader than wages; distinguish paid domestic compensation from receipts.,PIO; NIPA,https://www.bea.gov/news/pio-release-additional-information | https://www.bea.gov/resources/methodologies/nipa-handbook
employer compensation costs,employer compensation costs,US0234,Wages and salaries,Average employer cost per employee hour worked for total compensation,BLS Employer Costs for Employee Compensation,Market shorthand,United States - national,Quarterly,Dollars per hour worked,Dollar cost level; unlike the fixed-composition ECI index.,ECEC,https://www.bls.gov/ecec/
employment cost index,employment cost index,US0215,Wages and salaries,Employment Cost Index for total compensation of civilian workers,BLS Employment Cost Index,Market shorthand,United States - national,Quarterly,Labor-cost index / percent change,"Fixed-composition index; headline includes private and state/local workers, not federal workers.",ECI,https://www.bls.gov/eci/
employment costs,employment costs,US0215,Wages and salaries,Employment Cost Index for total compensation of civilian workers,BLS Employment Cost Index,Market shorthand,United States - national,Quarterly,Labor-cost index / percent change,"Fixed-composition index; headline includes private and state/local workers, not federal workers.",ECI,https://www.bls.gov/eci/
employment diffusion index,employment diffusion index,US0132,Payrolls,CES diffusion index of private-industry employment changes,BLS Employment Situation - CES diagnostics,Published analytical measure,United States - national,Monthly,Diffusion index,"Share rising plus half unchanged; specify one-, three-, six- or twelve-month window.",EMPTECH; CESTABLES,https://www.bls.gov/news.release/empsit.tn.htm | https://www.bls.gov/ces/data/employment-and-earnings/2026/
employment rate,employment rate,US0144,Employment,Employed as a percent of civilian noninstitutional population,BLS Employment Situation - CPS,Market shorthand,United States - national,Monthly,Percent of population,Different denominator from one minus the unemployment rate.,CPS; EMPTECH; EMPTABLES,https://www.bls.gov/cps/definitions.htm | https://www.bls.gov/news.release/empsit.tn.htm | https://www.bls.gov/news.release/empsit.toc.htm
employment report,employment report,US0104,Payrolls,BLS Employment Situation release,BLS Employment Situation - CES,Release / family label,United States - national,Monthly,Jobs; usually reported in thousands,Combines CES payroll data and CPS household data.,CES; EMPTECH,https://www.bls.gov/ces/ | https://www.bls.gov/news.release/empsit.tn.htm
employment situation,employment situation,US0104,Payrolls,BLS Employment Situation release,BLS Employment Situation - CES,Release / family label,United States - national,Monthly,Jobs; usually reported in thousands,Combines CES payroll data and CPS household data.,CES; EMPTECH,https://www.bls.gov/ces/ | https://www.bls.gov/news.release/empsit.tn.htm
employment to nonparticipation,employment to nonparticipation,US0196,Employment,People moving from employed to not in the labor force,BLS CPS research gross flows,Research measure / shorthand,United States - national,Monthly,People / gross monthly flows,Not the same as becoming unemployed.,CPSFLOWS,https://www.bls.gov/cps/cps_flows.htm
employment to unemployment,employment to unemployment,US0194,Employment,People moving from employed to unemployed,BLS CPS research gross flows,Research measure / shorthand,United States - national,Monthly,People / gross monthly flows,"Not all JOLTS separations, which can lead to another job or nonparticipation.",CPSFLOWS,https://www.bls.gov/cps/cps_flows.htm
employment-population ratio,employment-population ratio,US0144,Employment,Employed as a percent of civilian noninstitutional population,BLS Employment Situation - CPS,Market shorthand,United States - national,Monthly,Percent of population,Different denominator from one minus the unemployment rate.,CPS; EMPTECH; EMPTABLES,https://www.bls.gov/cps/definitions.htm | https://www.bls.gov/news.release/empsit.tn.htm | https://www.bls.gov/news.release/empsit.toc.htm
EN,en,US0196,Employment,People moving from employed to not in the labor force,BLS CPS research gross flows,Research measure / shorthand,United States - national,Monthly,People / gross monthly flows,Not the same as becoming unemployed.,CPSFLOWS,https://www.bls.gov/cps/cps_flows.htm
energy commodities,energy commodities,US0020,Price indexes,CPI energy commodities,BLS Consumer Price Index,Component label,United States - U.S. city average,Monthly,Index / percent change,Includes motor fuel and fuel oil.,CPIT2,https://www.bls.gov/news.release/cpi.t02.htm
energy CPI,energy cpi,US0019,Price indexes,CPI energy,BLS Consumer Price Index,Component label,United States - U.S. city average,Monthly,Index / percent change,Energy commodities plus energy services.,CPIT2,https://www.bls.gov/news.release/cpi.t02.htm
energy goods,energy goods,US0020,Price indexes,CPI energy commodities,BLS Consumer Price Index,Component label,United States - U.S. city average,Monthly,Index / percent change,Includes motor fuel and fuel oil.,CPIT2,https://www.bls.gov/news.release/cpi.t02.htm
energy prices,energy prices,US0019,Price indexes,CPI energy,BLS Consumer Price Index,Component label,United States - U.S. city average,Monthly,Index / percent change,Energy commodities plus energy services.,CPIT2,https://www.bls.gov/news.release/cpi.t02.htm
energy services,energy services,US0021,Price indexes,CPI energy services,BLS Consumer Price Index,Component label,United States - U.S. city average,Monthly,Index / percent change,Electricity plus utility piped gas services.,CPIT2,https://www.bls.gov/news.release/cpi.t02.htm
EPOP,epop,US0144,Employment,Employed as a percent of civilian noninstitutional population,BLS Employment Situation - CPS,Market shorthand,United States - national,Monthly,Percent of population,Different denominator from one minus the unemployment rate.,CPS; EMPTECH; EMPTABLES,https://www.bls.gov/cps/definitions.htm | https://www.bls.gov/news.release/empsit.tn.htm | https://www.bls.gov/news.release/empsit.toc.htm
equipment capex,equipment capex,US0253,U.S. national accounts,Private nonresidential investment in equipment,BEA National Income and Product Accounts,Market shorthand,United States - national,Quarterly / annual,Current or chained dollars; annual rates where published,"GDP equipment spending, not factory shipments alone.",GDP; NIPA,https://www.bea.gov/news/gdp-release-additional-information | https://www.bea.gov/resources/methodologies/nipa-handbook
equipment investment,equipment investment,US0253,U.S. national accounts,Private nonresidential investment in equipment,BEA National Income and Product Accounts,Market shorthand,United States - national,Quarterly / annual,Current or chained dollars; annual rates where published,"GDP equipment spending, not factory shipments alone.",GDP; NIPA,https://www.bea.gov/news/gdp-release-additional-information | https://www.bea.gov/resources/methodologies/nipa-handbook
equipment production,equipment production,US0445,Production data,G.17 business-equipment production,Federal Reserve G.17,Component label,United States - national,Monthly,Real-output index / percent change,"Not NIPA equipment investment, which includes imports.",IP,https://www.federalreserve.gov/releases/g17/current/default.htm
establishment survey,establishment survey,US0103,Payrolls,Current Employment Statistics program,BLS Employment Situation - CES,Release / family label,United States - national,Monthly,Jobs; usually reported in thousands,"Release/data-family alias, not a unique series.",CES; EMPTECH,https://www.bls.gov/ces/ | https://www.bls.gov/news.release/empsit.tn.htm
EU,eu,US0194,Employment,People moving from employed to unemployed,BLS CPS research gross flows,Research measure / shorthand,United States - national,Monthly,People / gross monthly flows,"Not all JOLTS separations, which can lead to another job or nonparticipation.",CPSFLOWS,https://www.bls.gov/cps/cps_flows.htm
EU rate,eu rate,US0204,Employment,CPS employed-to-unemployed flow divided by prior-month employed population,Analyst rates from BLS CPS flows,Derived measure,United States - national,Monthly,Probability / percent,One common definition; broader separation hazards may include exits to nonparticipation.,CPSFLOWS,https://www.bls.gov/cps/cps_flows.htm
ex gasoline retail,ex gasoline retail,US0465,Retail trade data,Retail and food services excluding gasoline stations,Census Advance Monthly Sales for Retail and Food Services,Market shorthand,United States - national,Monthly,Nominal sales dollars / monthly percent change,"Excludes stations' sales, not every gasoline sale in the economy.",RETAIL,https://www.census.gov/retail/index.html
ex motor vehicles,ex motor vehicles,US0464,Retail trade data,Retail and food services excluding motor vehicle and parts dealers,Census Advance Monthly Sales for Retail and Food Services,Market shorthand,United States - national,Monthly,Nominal sales dollars / monthly percent change,Dealer sales include parts; not a vehicle-unit measure.,RETAIL,https://www.census.gov/retail/index.html
ex-auto ex-gas retail,ex-auto ex-gas retail,US0466,Retail trade data,Retail and food services excluding motor vehicle/parts dealers and gasoline stations,Census Advance Monthly Sales for Retail and Food Services,Market shorthand,United States - national,Monthly,Nominal sales dollars / monthly percent change,Still includes building materials and restaurants; not the control group.,RETAIL,https://www.census.gov/retail/index.html
ex-auto retail,ex-auto retail,US0464,Retail trade data,Retail and food services excluding motor vehicle and parts dealers,Census Advance Monthly Sales for Retail and Food Services,Market shorthand,United States - national,Monthly,Nominal sales dollars / monthly percent change,Dealer sales include parts; not a vehicle-unit measure.,RETAIL,https://www.census.gov/retail/index.html
ex-defense orders,ex-defense orders,US0503,Manufacturing orders,Durable-goods new orders excluding defense,"Census Manufacturers Shipments, Inventories and Orders (M3)",Market shorthand,United States - national,Monthly,Nominal monthly dollars / percent change,Still contains nondefense aircraft and other transportation.,M3DEF; DURABLES; M3TAB; TDCALENDAR,https://www.census.gov/manufacturing/m3/definitions/index.html | https://www.census.gov/manufacturing/m3/adv/pdf/durgd.pdf | https://www.census.gov/manufacturing/m3/prel/pdf/table5p.pdf | https://economics.td.com/domains/economics.td.com/documents/reports/bottom-line/tables/2026-09-04/recent.htm
ex-trans orders,ex-trans orders,US0502,Manufacturing orders,Durable-goods new orders excluding transportation equipment,"Census Manufacturers Shipments, Inventories and Orders (M3)",Market shorthand,United States - national,Monthly,Nominal monthly dollars / percent change,Broader than nondefense capital goods excluding aircraft.,M3DEF; DURABLES; M3TAB; TDCALENDAR,https://www.census.gov/manufacturing/m3/definitions/index.html | https://www.census.gov/manufacturing/m3/adv/pdf/durgd.pdf | https://www.census.gov/manufacturing/m3/prel/pdf/table5p.pdf | https://economics.td.com/domains/economics.td.com/documents/reports/bottom-line/tables/2026-09-04/recent.htm
ex-transport durables,ex-transport durables,US0502,Manufacturing orders,Durable-goods new orders excluding transportation equipment,"Census Manufacturers Shipments, Inventories and Orders (M3)",Market shorthand,United States - national,Monthly,Nominal monthly dollars / percent change,Broader than nondefense capital goods excluding aircraft.,M3DEF; DURABLES; M3TAB; TDCALENDAR,https://www.census.gov/manufacturing/m3/definitions/index.html | https://www.census.gov/manufacturing/m3/adv/pdf/durgd.pdf | https://www.census.gov/manufacturing/m3/prel/pdf/table5p.pdf | https://economics.td.com/domains/economics.td.com/documents/reports/bottom-line/tables/2026-09-04/recent.htm
ex-transport factory orders,ex-transport factory orders,US0504,Manufacturing orders,All manufacturing new orders excluding transportation equipment,"Census Manufacturers Shipments, Inventories and Orders (M3)",Market shorthand,United States - national,Monthly,Nominal monthly dollars / percent change,Includes nondurables; not identical to durable orders ex transport.,M3DEF; DURABLES; M3TAB; TDCALENDAR,https://www.census.gov/manufacturing/m3/definitions/index.html | https://www.census.gov/manufacturing/m3/adv/pdf/durgd.pdf | https://www.census.gov/manufacturing/m3/prel/pdf/table5p.pdf | https://economics.td.com/domains/economics.td.com/documents/reports/bottom-line/tables/2026-09-04/recent.htm
expectations,expectations,US0332,Surveys,Conference Board Expectations Index,The Conference Board Consumer Confidence Survey,Component label,United States - national,Monthly,Index / response share,"Six-month expectations, not Michigan's index with the same generic label.",CBCCI,https://www.conference-board.org/topics/consumer-confidence/index.cfm
expected earnings growth,expected earnings growth,US0399,Surveys,Median expected growth in earnings over the next year,New York Fed Survey of Consumer Expectations,Component label,United States - national,Monthly,Percent expected growth / probability,"Expectations, not realized wage growth.",SCE,https://www.newyorkfed.org/microeconomics/sceIndex/index.html
expected real sales,expected real sales,US0350,Surveys,Net share expecting higher real sales,NFIB Small Business Economic Trends,Component label,United States - national,Monthly,Index / percent of firms / net percent,"Expected sales, not actual sales.",NFIB; NFIBJOBS,https://www.nfib.com/wp-content/uploads/2026/09/NFIB-SBET-Report-August-2026.pdf | https://www.nfib.com/wp-content/uploads/2026/09/NFIB-August-2026-Jobs-Report.pdf
expected spending growth,expected spending growth,US0400,Surveys,Median expected household spending growth,New York Fed Survey of Consumer Expectations,Component label,United States - national,Monthly,Percent expected growth / probability,Nominal reported expectations.,SCE,https://www.newyorkfed.org/microeconomics/sceIndex/index.html
export inflation,export inflation,US0075,Price indexes,"U.S. export price index, all exports",BLS International Price Program,Market shorthand,United States - national,Monthly,Index / percent change,Not the export deflator in national accounts.,IPP; IPPDATA,https://www.bls.gov/mxp/ | https://www.bls.gov/mxp/data/
export price index,export price index,US0075,Price indexes,"U.S. export price index, all exports",BLS International Price Program,Market shorthand,United States - national,Monthly,Index / percent change,Not the export deflator in national accounts.,IPP; IPPDATA,https://www.bls.gov/mxp/ | https://www.bls.gov/mxp/data/
export prices,export prices,US0075,Price indexes,"U.S. export price index, all exports",BLS International Price Program,Market shorthand,United States - national,Monthly,Index / percent change,Not the export deflator in national accounts.,IPP; IPPDATA,https://www.bls.gov/mxp/ | https://www.bls.gov/mxp/data/
exports,exports,US0266,U.S. national accounts,Exports of goods and services in NIPA,BEA National Income and Product Accounts,Component label,United States - national,Quarterly / annual,Current or chained dollars; annual rates where published,Specify real/nominal; GDP exports are not goods-only trade.,GDP; NIPA,https://www.bea.gov/news/gdp-release-additional-information | https://www.bea.gov/resources/methodologies/nipa-handbook
exports ex agriculture,exports ex agriculture,US0077,Price indexes,U.S. nonagricultural export price index,BLS International Price Program,Market shorthand,United States - national,Monthly,Index / percent change,Not necessarily an ex-energy aggregate.,IPP; IPPDATA,https://www.bls.gov/mxp/ | https://www.bls.gov/mxp/data/
factory I/S,factory i/s,US0527,Manufacturing orders,Manufacturers' inventories divided by shipments,"Census Manufacturers Shipments, Inventories and Orders (M3)",Derived / published ratio,United States - national,Monthly,Ratio / months,Stock relative to monthly flow; specify total/durable industry.,M3DEF; DURABLES; M3TAB; TDCALENDAR,https://www.census.gov/manufacturing/m3/definitions/index.html | https://www.census.gov/manufacturing/m3/adv/pdf/durgd.pdf | https://www.census.gov/manufacturing/m3/prel/pdf/table5p.pdf | https://economics.td.com/domains/economics.td.com/documents/reports/bottom-line/tables/2026-09-04/recent.htm
factory inventories,factory inventories,US0523,Manufacturing orders,End-of-month inventories at manufacturing establishments,"Census Manufacturers Shipments, Inventories and Orders (M3)",Market shorthand,United States - national,Monthly,Nominal end-month dollars,Stock at cost; not the change-in-inventories GDP contribution.,M3DEF; DURABLES; M3TAB; TDCALENDAR,https://www.census.gov/manufacturing/m3/definitions/index.html | https://www.census.gov/manufacturing/m3/adv/pdf/durgd.pdf | https://www.census.gov/manufacturing/m3/prel/pdf/table5p.pdf | https://economics.td.com/domains/economics.td.com/documents/reports/bottom-line/tables/2026-09-04/recent.htm
factory jobs,factory jobs,US0114,Payrolls,CES manufacturing employment,BLS Employment Situation - CES,Market shorthand,United States - national,Monthly,Jobs; usually reported in thousands,Not the ISM employment diffusion index.,CES; EMPTECH,https://www.bls.gov/ces/ | https://www.bls.gov/news.release/empsit.tn.htm
factory orders,factory orders,US0500,Manufacturing orders,New orders for manufactured goods,"Census Manufacturers Shipments, Inventories and Orders (M3)",Market shorthand,United States - national,Monthly,Nominal monthly dollars / percent change,"Durable plus nondurable goods; nominal dollars, not order counts.",M3DEF; DURABLES; M3TAB; TDCALENDAR,https://www.census.gov/manufacturing/m3/definitions/index.html | https://www.census.gov/manufacturing/m3/adv/pdf/durgd.pdf | https://www.census.gov/manufacturing/m3/prel/pdf/table5p.pdf | https://economics.td.com/domains/economics.td.com/documents/reports/bottom-line/tables/2026-09-04/recent.htm
factory orders ex transport,factory orders ex transport,US0504,Manufacturing orders,All manufacturing new orders excluding transportation equipment,"Census Manufacturers Shipments, Inventories and Orders (M3)",Market shorthand,United States - national,Monthly,Nominal monthly dollars / percent change,Includes nondurables; not identical to durable orders ex transport.,M3DEF; DURABLES; M3TAB; TDCALENDAR,https://www.census.gov/manufacturing/m3/definitions/index.html | https://www.census.gov/manufacturing/m3/adv/pdf/durgd.pdf | https://www.census.gov/manufacturing/m3/prel/pdf/table5p.pdf | https://economics.td.com/domains/economics.td.com/documents/reports/bottom-line/tables/2026-09-04/recent.htm
factory output,factory output,US0436,Production data,G.17 manufacturing production index,Federal Reserve G.17,Market shorthand,United States - national,Monthly,Real-output index / percent change,Real output; not factory-order or shipment dollars.,IP,https://www.federalreserve.gov/releases/g17/current/default.htm
factory output ex autos,factory output ex autos,US0437,Production data,G.17 manufacturing excluding motor vehicles and parts,Federal Reserve G.17,Market shorthand,United States - national,Monthly,Real-output index / percent change,Autos exclusion here includes parts.,IP,https://www.federalreserve.gov/releases/g17/current/default.htm
factory overtime,factory overtime,US0210,Wages and salaries,CES average weekly overtime hours in manufacturing,BLS CES hours and earnings,Market shorthand,United States - national,Monthly,Overtime hours per week,Not all hours worked beyond 40 across the economy.,CESTABLES; EMPTECH,https://www.bls.gov/ces/data/employment-and-earnings/2026/ | https://www.bls.gov/news.release/empsit.tn.htm
factory payrolls,factory payrolls,US0114,Payrolls,CES manufacturing employment,BLS Employment Situation - CES,Market shorthand,United States - national,Monthly,Jobs; usually reported in thousands,Not the ISM employment diffusion index.,CES; EMPTECH,https://www.bls.gov/ces/ | https://www.bls.gov/news.release/empsit.tn.htm
factory report,factory report,US0499,Manufacturing orders,"Manufacturers' Shipments, Inventories and Orders survey","Census Manufacturers Shipments, Inventories and Orders (M3)",Release / family label,United States - national,Monthly,Series family,"Report family, not money supply M3.",M3DEF; DURABLES; M3TAB; TDCALENDAR,https://www.census.gov/manufacturing/m3/definitions/index.html | https://www.census.gov/manufacturing/m3/adv/pdf/durgd.pdf | https://www.census.gov/manufacturing/m3/prel/pdf/table5p.pdf | https://economics.td.com/domains/economics.td.com/documents/reports/bottom-line/tables/2026-09-04/recent.htm
factory sales,factory sales,US0518,Manufacturing orders,Manufacturers' shipments,"Census Manufacturers Shipments, Inventories and Orders (M3)",Market shorthand,United States - national,Monthly,Nominal monthly dollars / percent change,Dollar value of goods shipped/sold; not new orders or real output.,M3DEF; DURABLES; M3TAB; TDCALENDAR,https://www.census.gov/manufacturing/m3/definitions/index.html | https://www.census.gov/manufacturing/m3/adv/pdf/durgd.pdf | https://www.census.gov/manufacturing/m3/prel/pdf/table5p.pdf | https://economics.td.com/domains/economics.td.com/documents/reports/bottom-line/tables/2026-09-04/recent.htm
factory shipments,factory shipments,US0518,Manufacturing orders,Manufacturers' shipments,"Census Manufacturers Shipments, Inventories and Orders (M3)",Market shorthand,United States - national,Monthly,Nominal monthly dollars / percent change,Dollar value of goods shipped/sold; not new orders or real output.,M3DEF; DURABLES; M3TAB; TDCALENDAR,https://www.census.gov/manufacturing/m3/definitions/index.html | https://www.census.gov/manufacturing/m3/adv/pdf/durgd.pdf | https://www.census.gov/manufacturing/m3/prel/pdf/table5p.pdf | https://economics.td.com/domains/economics.td.com/documents/reports/bottom-line/tables/2026-09-04/recent.htm
factory stocks,factory stocks,US0523,Manufacturing orders,End-of-month inventories at manufacturing establishments,"Census Manufacturers Shipments, Inventories and Orders (M3)",Market shorthand,United States - national,Monthly,Nominal end-month dollars,Stock at cost; not the change-in-inventories GDP contribution.,M3DEF; DURABLES; M3TAB; TDCALENDAR,https://www.census.gov/manufacturing/m3/definitions/index.html | https://www.census.gov/manufacturing/m3/adv/pdf/durgd.pdf | https://www.census.gov/manufacturing/m3/prel/pdf/table5p.pdf | https://economics.td.com/domains/economics.td.com/documents/reports/bottom-line/tables/2026-09-04/recent.htm
factory utilization,factory utilization,US0450,Production data,G.17 manufacturing capacity utilization,Federal Reserve G.17,Market shorthand,United States - national,Monthly,Percent of capacity,Not economy-wide resource utilization.,IP,https://www.federalreserve.gov/releases/g17/current/default.htm
factory workweek,factory workweek,US0209,Wages and salaries,CES average weekly hours in manufacturing,BLS CES hours and earnings,Market shorthand,United States - national,Monthly,Hours per week,Specify all employees or production workers.,CESTABLES; EMPTECH,https://www.bls.gov/ces/data/employment-and-earnings/2026/ | https://www.bls.gov/news.release/empsit.tn.htm
FAFH,fafh,US0018,Price indexes,CPI food away from home,BLS Consumer Price Index,Market shorthand,United States - U.S. city average,Monthly,Index / percent change,Broader than full-service restaurant meals.,CPIT2,https://www.bls.gov/news.release/cpi.t02.htm
FAH,fah,US0017,Price indexes,CPI food at home,BLS Consumer Price Index,Market shorthand,United States - U.S. city average,Monthly,Index / percent change,Not all merchandise sold at grocery stores.,CPIT2,https://www.bls.gov/news.release/cpi.t02.htm
Fed dots,fed dots,US0407,Surveys,FOMC participants' projected appropriate federal funds rates,Federal Reserve Summary of Economic Projections,Market shorthand,United States - national,Quarterly projection rounds,Projection / percent,"Interest-rate projections, not commitments or market prices.",SEP,https://www.federalreserve.gov/monetarypolicy/files/fomcprojtabl20250917.pdf
Fed GDP forecast,fed gdp forecast,US0411,Surveys,Participants' fourth-quarter-over-fourth-quarter real GDP growth projections,Federal Reserve Summary of Economic Projections,Component label,United States - national,Quarterly projection rounds,Projection / percent,Not the annual-average growth convention used in some other forecasts.,SEP,https://www.federalreserve.gov/monetarypolicy/files/fomcprojtabl20250917.pdf
Fed PCE forecast,fed pce forecast,US0412,Surveys,Participants' Q4-over-Q4 PCE or core PCE inflation projections,Federal Reserve Summary of Economic Projections,Component label,United States - national,Quarterly projection rounds,Projection / percent,Identify headline/core; not necessarily annual-average inflation.,SEP,https://www.federalreserve.gov/monetarypolicy/files/fomcprojtabl20250917.pdf
Fed projections,fed projections,US0406,Surveys,FOMC participants' Summary of Economic Projections,Federal Reserve Summary of Economic Projections,Release / family label,United States - national,Quarterly projection rounds,Projection / percent,"Policy participants' projections, not a standard representative survey.",SEP,https://www.federalreserve.gov/monetarypolicy/files/fomcprojtabl20250917.pdf
Fed unemployment forecast,fed unemployment forecast,US0410,Surveys,Participants' Q4-average civilian unemployment-rate projections,Federal Reserve Summary of Economic Projections,Component label,United States - national,Quarterly projection rounds,Projection / percent,Not a full-year average.,SEP,https://www.federalreserve.gov/monetarypolicy/files/fomcprojtabl20250917.pdf
federal jobs,federal jobs,US0107,Payrolls,Federal government employment in CES,BLS Employment Situation - CES,Component label,United States - national,Monthly,Jobs; usually reported in thousands,Separate from state/local; inspect postal-service treatment when comparing.,CES; EMPTECH,https://www.bls.gov/ces/ | https://www.bls.gov/news.release/empsit.tn.htm
federal payrolls,federal payrolls,US0107,Payrolls,Federal government employment in CES,BLS Employment Situation - CES,Component label,United States - national,Monthly,Jobs; usually reported in thousands,Separate from state/local; inspect postal-service treatment when comparing.,CES; EMPTECH,https://www.bls.gov/ces/ | https://www.bls.gov/news.release/empsit.tn.htm
federal purchases,federal purchases,US0261,U.S. national accounts,Federal government consumption expenditures and gross investment,BEA National Income and Product Accounts,Market shorthand,United States - national,Quarterly / annual,Current or chained dollars; annual rates where published,Different from all federal budget outlays.,GDP; NIPA,https://www.bea.gov/news/gdp-release-additional-information | https://www.bea.gov/resources/methodologies/nipa-handbook
federal spending GDP,federal spending gdp,US0261,U.S. national accounts,Federal government consumption expenditures and gross investment,BEA National Income and Product Accounts,Market shorthand,United States - national,Quarterly / annual,Current or chained dollars; annual rates where published,Different from all federal budget outlays.,GDP; NIPA,https://www.bea.gov/news/gdp-release-additional-information | https://www.bea.gov/resources/methodologies/nipa-handbook
FHFA all-transactions,fhfa all-transactions,US0094,Price indexes,FHFA all-transactions house price index,FHFA House Price Index,Market shorthand,United States - national,Quarterly,Index / growth,Uses sales prices and appraisal data; differs from purchase-only.,FHFA,https://www.fhfa.gov/house-price-index
FHFA house prices,fhfa house prices,US0093,Price indexes,FHFA purchase-only house price index,FHFA House Price Index,Market shorthand,United States - national,Monthly,Index / growth,The monthly headline is purchase-only; geographic/version selection matters.,FHFA,https://www.fhfa.gov/house-price-index
FHFA HPI,fhfa hpi,US0093,Price indexes,FHFA purchase-only house price index,FHFA House Price Index,Market shorthand,United States - national,Monthly,Index / growth,The monthly headline is purchase-only; geographic/version selection matters.,FHFA,https://www.fhfa.gov/house-price-index
final demand goods,final demand goods,US0060,Price indexes,PPI final demand goods,BLS Producer Price Index,Component label,United States - national,Monthly,Index / percent change,"Producer prices, not retail consumer goods prices.",PPI; PPIHOME,https://www.bls.gov/news.release/archives/ppi_09102026.htm | https://www.bls.gov/ppi/
final demand services,final demand services,US0062,Price indexes,PPI final demand services,BLS Producer Price Index,Component label,United States - national,Monthly,Index / percent change,Includes trade margins and transport/warehousing.,PPI; PPIHOME,https://www.bls.gov/news.release/archives/ppi_09102026.htm | https://www.bls.gov/ppi/
final domestic demand,final domestic demand,US0276,U.S. national accounts,PCE plus private fixed investment plus government consumption/investment,BEA domestic demand and final sales aggregates,Market shorthand,United States - national,Quarterly / annual,Current or chained dollars / growth,Excludes inventories and net exports.,FS_PRODUCT; FS_DOMESTIC; FS_PRIVATE; NIPA,https://www.bea.gov/help/glossary/final-sales-domestic-product | https://www.bea.gov/help/glossary/final-sales-domestic-purchasers | https://www.bea.gov/help/glossary/final-sales-private-domestic-purchasers | https://www.bea.gov/resources/methodologies/nipa-handbook
final sales,final sales,US0273,U.S. national accounts,GDP less change in private inventories,BEA domestic demand and final sales aggregates,Ambiguous shorthand,United States - national,Quarterly / annual,Current or chained dollars / growth,Still includes government and net exports; do not substitute private final demand.,FS_PRODUCT; FS_DOMESTIC; FS_PRIVATE; NIPA,https://www.bea.gov/help/glossary/final-sales-domestic-product | https://www.bea.gov/help/glossary/final-sales-domestic-purchasers | https://www.bea.gov/help/glossary/final-sales-private-domestic-purchasers | https://www.bea.gov/resources/methodologies/nipa-handbook
final sales of domestic product,final sales of domestic product,US0273,U.S. national accounts,GDP less change in private inventories,BEA domestic demand and final sales aggregates,Ambiguous shorthand,United States - national,Quarterly / annual,Current or chained dollars / growth,Still includes government and net exports; do not substitute private final demand.,FS_PRODUCT; FS_DOMESTIC; FS_PRIVATE; NIPA,https://www.bea.gov/help/glossary/final-sales-domestic-product | https://www.bea.gov/help/glossary/final-sales-domestic-purchasers | https://www.bea.gov/help/glossary/final-sales-private-domestic-purchasers | https://www.bea.gov/resources/methodologies/nipa-handbook
final sales to domestic purchasers,final sales to domestic purchasers,US0276,U.S. national accounts,PCE plus private fixed investment plus government consumption/investment,BEA domestic demand and final sales aggregates,Market shorthand,United States - national,Quarterly / annual,Current or chained dollars / growth,Excludes inventories and net exports.,FS_PRODUCT; FS_DOMESTIC; FS_PRIVATE; NIPA,https://www.bea.gov/help/glossary/final-sales-domestic-product | https://www.bea.gov/help/glossary/final-sales-domestic-purchasers | https://www.bea.gov/help/glossary/final-sales-private-domestic-purchasers | https://www.bea.gov/resources/methodologies/nipa-handbook
final sales to private domestic purchasers,final sales to private domestic purchasers,US0277,U.S. national accounts,PCE plus private fixed investment,BEA domestic demand and final sales aggregates,Market shorthand,United States - national,Quarterly / annual,Current or chained dollars / growth,"'Core GDP' is informal; excludes government, inventories and net exports.",FS_PRODUCT; FS_DOMESTIC; FS_PRIVATE; NIPA,https://www.bea.gov/help/glossary/final-sales-domestic-product | https://www.bea.gov/help/glossary/final-sales-domestic-purchasers | https://www.bea.gov/help/glossary/final-sales-private-domestic-purchasers | https://www.bea.gov/resources/methodologies/nipa-handbook
financial activities payrolls,financial activities payrolls,US0129,Payrolls,CES financial activities employment,BLS Employment Situation - CES,Component label,United States - national,Monthly,Jobs; usually reported in thousands,"Includes finance, insurance, real estate, rental and leasing.",CES; EMPTECH,https://www.bls.gov/ces/ | https://www.bls.gov/news.release/empsit.tn.htm
financial jobs,financial jobs,US0129,Payrolls,CES financial activities employment,BLS Employment Situation - CES,Component label,United States - national,Monthly,Jobs; usually reported in thousands,"Includes finance, insurance, real estate, rental and leasing.",CES; EMPTECH,https://www.bls.gov/ces/ | https://www.bls.gov/news.release/empsit.tn.htm
finished goods inventories,finished goods inventories,US0526,Manufacturing orders,Manufacturing finished-goods inventories,"Census Manufacturers Shipments, Inventories and Orders (M3)",Market shorthand,United States - national,Monthly,Nominal end-month dollars,Completed products ready for shipment.,M3DEF; DURABLES; M3TAB; TDCALENDAR,https://www.census.gov/manufacturing/m3/definitions/index.html | https://www.census.gov/manufacturing/m3/adv/pdf/durgd.pdf | https://www.census.gov/manufacturing/m3/prel/pdf/table5p.pdf | https://economics.td.com/domains/economics.td.com/documents/reports/bottom-line/tables/2026-09-04/recent.htm
finished goods PPI,finished goods ppi,US0071,Price indexes,PPI finished goods,BLS Producer Price Index,Legacy label,United States - national,Monthly,Index / percent change,"Historical headline concept, not the modern final-demand aggregate.",PPI; PPIHOME,https://www.bls.gov/news.release/archives/ppi_09102026.htm | https://www.bls.gov/ppi/
finished stocks,finished stocks,US0526,Manufacturing orders,Manufacturing finished-goods inventories,"Census Manufacturers Shipments, Inventories and Orders (M3)",Market shorthand,United States - national,Monthly,Nominal end-month dollars,Completed products ready for shipment.,M3DEF; DURABLES; M3TAB; TDCALENDAR,https://www.census.gov/manufacturing/m3/definitions/index.html | https://www.census.gov/manufacturing/m3/adv/pdf/durgd.pdf | https://www.census.gov/manufacturing/m3/prel/pdf/table5p.pdf | https://economics.td.com/domains/economics.td.com/documents/reports/bottom-line/tables/2026-09-04/recent.htm
first-time jobseekers,first-time jobseekers,US0167,Employment,Unemployed people who have never previously worked,BLS Employment Situation - CPS,Market shorthand,United States - national,Monthly,People,Not all new payroll hires.,CPS; EMPTECH; EMPTABLES,https://www.bls.gov/cps/definitions.htm | https://www.bls.gov/news.release/empsit.tn.htm | https://www.bls.gov/news.release/empsit.toc.htm
fixed investment,fixed investment,US0250,U.S. national accounts,Private residential plus nonresidential fixed investment,BEA National Income and Product Accounts,Market shorthand,United States - national,Quarterly / annual,Current or chained dollars; annual rates where published,Excludes inventory investment.,GDP; NIPA,https://www.bea.gov/news/gdp-release-additional-information | https://www.bea.gov/resources/methodologies/nipa-handbook
flash manufacturing,flash manufacturing,US0324,Surveys,Preliminary S&P Global U.S. PMI estimates,S&P Global U.S. PMI,Release / family label,United States - national,Monthly,Diffusion / composite index,"An estimate vintage; choose manufacturing, services or composite.",SPPMI,https://www.spglobal.com/market-intelligence/en/solutions/products/resources/pmi-faq
flash PMI,flash pmi,US0324,Surveys,Preliminary S&P Global U.S. PMI estimates,S&P Global U.S. PMI,Release / family label,United States - national,Monthly,Diffusion / composite index,"An estimate vintage; choose manufacturing, services or composite.",SPPMI,https://www.spglobal.com/market-intelligence/en/solutions/products/resources/pmi-faq
flash services,flash services,US0324,Surveys,Preliminary S&P Global U.S. PMI estimates,S&P Global U.S. PMI,Release / family label,United States - national,Monthly,Diffusion / composite index,"An estimate vintage; choose manufacturing, services or composite.",SPPMI,https://www.spglobal.com/market-intelligence/en/solutions/products/resources/pmi-faq
flexible core,flexible core,US0085,Price indexes,Atlanta Fed flexible-price CPI excluding food and energy,Federal Reserve alternative inflation measures,Published analytical measure,United States - national,Monthly,Index / percent change,Not the complement of core CPI.,STICKY,https://www.atlantafed.org/research-and-data/data/sticky-price-cpi
flexible CPI,flexible cpi,US0084,Price indexes,Atlanta Fed flexible-price CPI,Federal Reserve alternative inflation measures,Published analytical measure,United States - national,Monthly,Index / percent change,Components whose prices change relatively frequently.,STICKY,https://www.atlantafed.org/research-and-data/data/sticky-price-cpi
flexible-price core CPI,flexible-price core cpi,US0085,Price indexes,Atlanta Fed flexible-price CPI excluding food and energy,Federal Reserve alternative inflation measures,Published analytical measure,United States - national,Monthly,Index / percent change,Not the complement of core CPI.,STICKY,https://www.atlantafed.org/research-and-data/data/sticky-price-cpi
flexible-price CPI,flexible-price cpi,US0084,Price indexes,Atlanta Fed flexible-price CPI,Federal Reserve alternative inflation measures,Published analytical measure,United States - national,Monthly,Index / percent change,Components whose prices change relatively frequently.,STICKY,https://www.atlantafed.org/research-and-data/data/sticky-price-cpi
food at home,food at home,US0017,Price indexes,CPI food at home,BLS Consumer Price Index,Market shorthand,United States - U.S. city average,Monthly,Index / percent change,Not all merchandise sold at grocery stores.,CPIT2,https://www.bls.gov/news.release/cpi.t02.htm
food away from home,food away from home,US0018,Price indexes,CPI food away from home,BLS Consumer Price Index,Market shorthand,United States - U.S. city average,Monthly,Index / percent change,Broader than full-service restaurant meals.,CPIT2,https://www.bls.gov/news.release/cpi.t02.htm
food CPI,food cpi,US0016,Price indexes,CPI food,BLS Consumer Price Index,Component label,United States - U.S. city average,Monthly,Index / percent change,Includes food at home and food away from home.,CPIT2,https://www.bls.gov/news.release/cpi.t02.htm
food prices,food prices,US0016,Price indexes,CPI food,BLS Consumer Price Index,Component label,United States - U.S. city average,Monthly,Index / percent change,Includes food at home and food away from home.,CPIT2,https://www.bls.gov/news.release/cpi.t02.htm
food services,food services,US0473,Retail trade data,Sales of food services and drinking places,Census Advance Monthly Sales for Retail and Food Services,Market shorthand,United States - national,Monthly,Nominal sales dollars / monthly percent change,"Nominal sales, not real restaurant consumption.",RETAIL,https://www.census.gov/retail/index.html
food services jobs,food services jobs,US0125,Payrolls,CES food services and drinking places employment,BLS Employment Situation - CES,Market shorthand,United States - national,Monthly,Jobs; usually reported in thousands,Not the entire leisure and hospitality group.,CES; EMPTECH,https://www.bls.gov/ces/ | https://www.bls.gov/news.release/empsit.tn.htm
food store sales,food store sales,US0477,Retail trade data,Sales of the specified grocery or food-and-beverage store group,Census Advance Monthly Sales for Retail and Food Services,Component label,United States - national,Monthly,Nominal sales dollars / monthly percent change,Grocery stores and all food/beverage stores are not identical.,RETAIL,https://www.census.gov/retail/index.html
foreign-born employment,foreign-born employment,US0172,Employment,CPS employment of foreign-born people,BLS Employment Situation - CPS,Market shorthand,United States - national,Monthly,People,Does not identify legal immigration status; not a count of recent arrivals.,CPS; EMPTECH; EMPTABLES,https://www.bls.gov/cps/definitions.htm | https://www.bls.gov/news.release/empsit.tn.htm | https://www.bls.gov/news.release/empsit.toc.htm
FT jobs CPS,ft jobs cps,US0159,Employment,Employed people who usually work 35 or more hours per week,BLS Employment Situation - CPS,Market shorthand,United States - national,Monthly,People,"People, not CES payroll jobs.",CPS; EMPTECH; EMPTABLES,https://www.bls.gov/cps/definitions.htm | https://www.bls.gov/news.release/empsit.tn.htm | https://www.bls.gov/news.release/empsit.toc.htm
fuel import prices,fuel import prices,US0074,Price indexes,U.S. import price index for fuels,BLS International Price Program,Component label,United States - national,Monthly,Index / percent change,Not domestic retail energy prices.,IPP; IPPDATA,https://www.bls.gov/mxp/ | https://www.bls.gov/mxp/data/
fuel oil CPI,fuel oil cpi,US0023,Price indexes,CPI fuel oil,BLS Consumer Price Index,Component label,United States - U.S. city average,Monthly,Index / percent change,Not the complete energy commodities aggregate.,CPIT2,https://www.bls.gov/news.release/cpi.t02.htm
full-time employment,full-time employment,US0159,Employment,Employed people who usually work 35 or more hours per week,BLS Employment Situation - CPS,Market shorthand,United States - national,Monthly,People,"People, not CES payroll jobs.",CPS; EMPTECH; EMPTABLES,https://www.bls.gov/cps/definitions.htm | https://www.bls.gov/news.release/empsit.tn.htm | https://www.bls.gov/news.release/empsit.toc.htm
furnishings retail,furnishings retail,US0479,Retail trade data,Sales of furniture and home furnishings retailers/stores,Census Advance Monthly Sales for Retail and Food Services,Component label,United States - national,Monthly,Nominal sales dollars / monthly percent change,Retain reporting classification/version.,RETAIL,https://www.census.gov/retail/index.html
furniture sales,furniture sales,US0479,Retail trade data,Sales of furniture and home furnishings retailers/stores,Census Advance Monthly Sales for Retail and Food Services,Component label,United States - national,Monthly,Nominal sales dollars / monthly percent change,Retain reporting classification/version.,RETAIL,https://www.census.gov/retail/index.html
G,g,US0260,U.S. national accounts,Government consumption expenditures and gross investment,BEA National Income and Product Accounts,Market shorthand,United States - national,Quarterly / annual,Current or chained dollars; annual rates where published,Does not include transfer payments as direct GDP expenditure.,GDP; NIPA,https://www.bea.gov/news/gdp-release-additional-information | https://www.bea.gov/resources/methodologies/nipa-handbook
gas prices CPI,gas prices cpi,US0022,Price indexes,CPI gasoline (all types),BLS Consumer Price Index,Market shorthand,United States - U.S. city average,Monthly,Index / percent change,'Gas' can also mean utility natural gas; retain the gasoline label.,CPIT2,https://www.bls.gov/news.release/cpi.t02.htm
gas station sales,gas station sales,US0471,Retail trade data,Sales of gasoline stations,Census Advance Monthly Sales for Retail and Food Services,Market shorthand,United States - national,Monthly,Nominal sales dollars / monthly percent change,Includes nonfuel merchandise sold by gasoline stations.,RETAIL,https://www.census.gov/retail/index.html
gasoline CPI,gasoline cpi,US0022,Price indexes,CPI gasoline (all types),BLS Consumer Price Index,Market shorthand,United States - U.S. city average,Monthly,Index / percent change,'Gas' can also mean utility natural gas; retain the gasoline label.,CPIT2,https://www.bls.gov/news.release/cpi.t02.htm
gasoline sales retail,gasoline sales retail,US0471,Retail trade data,Sales of gasoline stations,Census Advance Monthly Sales for Retail and Food Services,Market shorthand,United States - national,Monthly,Nominal sales dollars / monthly percent change,Includes nonfuel merchandise sold by gasoline stations.,RETAIL,https://www.census.gov/retail/index.html
GDI,gdi,US0241,U.S. national accounts,Gross domestic income,BEA National Income and Product Accounts,Market shorthand,United States - national,Quarterly / annual,Current or chained dollars; annual rates where published,"Conceptually matches GDP; measured independently, so a discrepancy remains.",GDP; NIPA,https://www.bea.gov/news/gdp-release-additional-information | https://www.bea.gov/resources/methodologies/nipa-handbook
GDO,gdo,US0243,U.S. national accounts,Average of GDP and GDI,BEA National Income and Product Accounts,Derived measure,United States - national,Quarterly / annual,Current or chained dollars; annual rates where published,'GDO' is analytical shorthand; specify real or nominal version.,GDP; NIPA,https://www.bea.gov/news/gdp-release-additional-information | https://www.bea.gov/resources/methodologies/nipa-handbook
GDP,gdp,US0238,U.S. national accounts,Gross domestic product,BEA National Income and Product Accounts,Market shorthand,United States - national,Quarterly / annual,Current or chained dollars; annual rates where published,Market 'GDP growth' normally refers to real GDP; 'output' alone is ambiguous.,GDP; NIPA,https://www.bea.gov/news/gdp-release-additional-information | https://www.bea.gov/resources/methodologies/nipa-handbook
GDP chain price index,gdp chain price index,US0090,Price indexes,GDP chain-type price index,BEA GDP price measures,Component label,United States - national,Quarterly,Index / percent change,Retain the published series identity rather than treating every 'deflator' as identical.,GDP; GDPPRICE,https://www.bea.gov/news/gdp-release-additional-information | https://www.bea.gov/data/prices-inflation/gross-domestic-purchases-price-index
GDP deflator,gdp deflator,US0089,Price indexes,Implicit price deflator for gross domestic product,BEA GDP price measures,Market shorthand,United States - national,Quarterly,Index / percent change,Covers domestic production; not gross domestic purchases prices.,GDP; GDPPRICE,https://www.bea.gov/news/gdp-release-additional-information | https://www.bea.gov/data/prices-inflation/gross-domestic-purchases-price-index
GDP ex inventories,gdp ex inventories,US0274,U.S. national accounts,Final sales of domestic product,BEA domestic demand and final sales aggregates,Market shorthand,United States - national,Quarterly / annual,Current or chained dollars / growth,"Exact concept, but real chained components are not simply additive.",FS_PRODUCT; FS_DOMESTIC; FS_PRIVATE; NIPA,https://www.bea.gov/help/glossary/final-sales-domestic-product | https://www.bea.gov/help/glossary/final-sales-domestic-purchasers | https://www.bea.gov/help/glossary/final-sales-private-domestic-purchasers | https://www.bea.gov/resources/methodologies/nipa-handbook
GDP implicit price deflator,gdp implicit price deflator,US0089,Price indexes,Implicit price deflator for gross domestic product,BEA GDP price measures,Market shorthand,United States - national,Quarterly,Index / percent change,Covers domestic production; not gross domestic purchases prices.,GDP; GDPPRICE,https://www.bea.gov/news/gdp-release-additional-information | https://www.bea.gov/data/prices-inflation/gross-domestic-purchases-price-index
GDP price index,gdp price index,US0090,Price indexes,GDP chain-type price index,BEA GDP price measures,Component label,United States - national,Quarterly,Index / percent change,Retain the published series identity rather than treating every 'deflator' as identical.,GDP; GDPPRICE,https://www.bea.gov/news/gdp-release-additional-information | https://www.bea.gov/data/prices-inflation/gross-domestic-purchases-price-index
GDP-GDI gap,gdp-gdi gap,US0244,U.S. national accounts,GDP less GDI,BEA National Income and Product Accounts,Component label,United States - national,Quarterly / annual,Current or chained dollars; annual rates where published,Use the sign convention GDP minus GDI; not a GDP output gap.,GDP; NIPA,https://www.bea.gov/news/gdp-release-additional-information | https://www.bea.gov/resources/methodologies/nipa-handbook
GDPNow,gdpnow,US0300,U.S. national accounts,Model-based nowcast of quarterly real GDP growth,Atlanta Fed GDPNow model,Model estimate,United States - national,Updated as source releases arrive,"Quarterly growth, SAAR","Forecast of BEA output, not an official Atlanta Fed policy forecast or realized GDP.",GDPNOW,https://www.atlantafed.org/research-and-data/data/gdpnow
general merch sales,general merch sales,US0475,Retail trade data,Sales of general merchandise retailers/stores,Census Advance Monthly Sales for Retail and Food Services,Market shorthand,United States - national,Monthly,Nominal sales dollars / monthly percent change,Includes categories beyond department stores.,RETAIL,https://www.census.gov/retail/index.html
general merchandise,general merchandise,US0475,Retail trade data,Sales of general merchandise retailers/stores,Census Advance Monthly Sales for Retail and Food Services,Market shorthand,United States - national,Monthly,Nominal sales dollars / monthly percent change,Includes categories beyond department stores.,RETAIL,https://www.census.gov/retail/index.html
GNP,gnp,US0245,U.S. national accounts,Gross national product,BEA National Income and Product Accounts,Official acronym,United States - national,Quarterly / annual,Current or chained dollars; annual rates where published,GDP plus income receipts from abroad less income payments to abroad.,GDP; NIPA,https://www.bea.gov/news/gdp-release-additional-information | https://www.bea.gov/resources/methodologies/nipa-handbook
good time to expand,good time to expand,US0352,Surveys,Share saying now is a good time to expand,NFIB Small Business Economic Trends,Component label,United States - national,Monthly,Index / percent of firms / net percent,Different from hiring or capital-spending plans.,NFIB; NFIBJOBS,https://www.nfib.com/wp-content/uploads/2026/09/NFIB-SBET-Report-August-2026.pdf | https://www.nfib.com/wp-content/uploads/2026/09/NFIB-August-2026-Jobs-Report.pdf
goods consumption,goods consumption,US0281,U.S. national accounts,PCE on goods,BEA Personal Income and Outlays,Component label,United States - national,Monthly / quarterly,Current or chained dollars; usually SAAR,Includes durable and nondurable goods.,PIO; NIPA,https://www.bea.gov/news/pio-release-additional-information | https://www.bea.gov/resources/methodologies/nipa-handbook
goods deflator,goods deflator,US0047,Price indexes,PCE goods chain-type price index,BEA Personal Income and Outlays / NIPA price tables,Component label,United States - national,Monthly,Index / percent change,Add 'PCE'; GDP and other releases also contain goods prices.,PCEPRICE; NIPA,https://www.bea.gov/data/personal-consumption-expenditures-price-index | https://www.bea.gov/resources/methodologies/nipa-handbook
goods jobs,goods jobs,US0111,Payrolls,CES employment in goods-producing industries,BLS Employment Situation - CES,Market shorthand,United States - national,Monthly,Jobs; usually reported in thousands,"Mining/logging, construction and manufacturing.",CES; EMPTECH,https://www.bls.gov/ces/ | https://www.bls.gov/news.release/empsit.tn.htm
goods PPI,goods ppi,US0060,Price indexes,PPI final demand goods,BLS Producer Price Index,Component label,United States - national,Monthly,Index / percent change,"Producer prices, not retail consumer goods prices.",PPI; PPIHOME,https://www.bls.gov/news.release/archives/ppi_09102026.htm | https://www.bls.gov/ppi/
goods spending,goods spending,US0281,U.S. national accounts,PCE on goods,BEA Personal Income and Outlays,Component label,United States - national,Monthly / quarterly,Current or chained dollars; usually SAAR,Includes durable and nondurable goods.,PIO; NIPA,https://www.bea.gov/news/pio-release-additional-information | https://www.bea.gov/resources/methodologies/nipa-handbook
goods-producing payrolls,goods-producing payrolls,US0111,Payrolls,CES employment in goods-producing industries,BLS Employment Situation - CES,Market shorthand,United States - national,Monthly,Jobs; usually reported in thousands,"Mining/logging, construction and manufacturing.",CES; EMPTECH,https://www.bls.gov/ces/ | https://www.bls.gov/news.release/empsit.tn.htm
government benefits,government benefits,US0301,U.S. national accounts,Government social benefits to persons,BEA Personal Income and Outlays,Market shorthand,United States - national,Monthly / quarterly,"Current dollars, usually SAAR","Subset of personal current transfer receipts, not direct government purchases in GDP.",PIO; NIPA,https://www.bea.gov/news/pio-release-additional-information | https://www.bea.gov/resources/methodologies/nipa-handbook
government jobs,government jobs,US0106,Payrolls,Government employment in CES,BLS Employment Situation - CES,Market shorthand,United States - national,Monthly,Jobs; usually reported in thousands,"Federal, state and local jobs; not public contractors.",CES; EMPTECH,https://www.bls.gov/ces/ | https://www.bls.gov/news.release/empsit.tn.htm
government payrolls,government payrolls,US0106,Payrolls,Government employment in CES,BLS Employment Situation - CES,Market shorthand,United States - national,Monthly,Jobs; usually reported in thousands,"Federal, state and local jobs; not public contractors.",CES; EMPTECH,https://www.bls.gov/ces/ | https://www.bls.gov/news.release/empsit.tn.htm
government purchases,government purchases,US0260,U.S. national accounts,Government consumption expenditures and gross investment,BEA National Income and Product Accounts,Market shorthand,United States - national,Quarterly / annual,Current or chained dollars; annual rates where published,Does not include transfer payments as direct GDP expenditure.,GDP; NIPA,https://www.bea.gov/news/gdp-release-additional-information | https://www.bea.gov/resources/methodologies/nipa-handbook
government spending GDP,government spending gdp,US0260,U.S. national accounts,Government consumption expenditures and gross investment,BEA National Income and Product Accounts,Market shorthand,United States - national,Quarterly / annual,Current or chained dollars; annual rates where published,Does not include transfer payments as direct GDP expenditure.,GDP; NIPA,https://www.bea.gov/news/gdp-release-additional-information | https://www.bea.gov/resources/methodologies/nipa-handbook
GPDI,gpdi,US0249,U.S. national accounts,Private fixed investment plus change in private inventories,BEA National Income and Product Accounts,Official acronym,United States - national,Quarterly / annual,Current or chained dollars; annual rates where published,Broader than capital spending on equipment.,GDP; NIPA,https://www.bea.gov/news/gdp-release-additional-information | https://www.bea.gov/resources/methodologies/nipa-handbook
grocery prices,grocery prices,US0017,Price indexes,CPI food at home,BLS Consumer Price Index,Market shorthand,United States - U.S. city average,Monthly,Index / percent change,Not all merchandise sold at grocery stores.,CPIT2,https://www.bls.gov/news.release/cpi.t02.htm
grocery sales,grocery sales,US0477,Retail trade data,Sales of the specified grocery or food-and-beverage store group,Census Advance Monthly Sales for Retail and Food Services,Component label,United States - national,Monthly,Nominal sales dollars / monthly percent change,Grocery stores and all food/beverage stores are not identical.,RETAIL,https://www.census.gov/retail/index.html
gross domestic output,gross domestic output,US0243,U.S. national accounts,Average of GDP and GDI,BEA National Income and Product Accounts,Derived measure,United States - national,Quarterly / annual,Current or chained dollars; annual rates where published,'GDO' is analytical shorthand; specify real or nominal version.,GDP; NIPA,https://www.bea.gov/news/gdp-release-additional-information | https://www.bea.gov/resources/methodologies/nipa-handbook
gross domestic purchases,gross domestic purchases,US0275,U.S. national accounts,PCE plus private investment plus government consumption/investment,BEA domestic demand and final sales aggregates,Component label,United States - national,Quarterly / annual,Current or chained dollars / growth,Equals GDP minus exports plus imports; includes inventories.,FS_PRODUCT; FS_DOMESTIC; FS_PRIVATE; NIPA,https://www.bea.gov/help/glossary/final-sales-domestic-product | https://www.bea.gov/help/glossary/final-sales-domestic-purchasers | https://www.bea.gov/help/glossary/final-sales-private-domestic-purchasers | https://www.bea.gov/resources/methodologies/nipa-handbook
gross flows,gross flows,US0193,Employment,CPS research series tracking month-to-month labor-force status,BLS CPS research gross flows,Research measure / shorthand,United States - national,Monthly,People / gross monthly flows,Counts and rates are different; state sequence matters.,CPSFLOWS,https://www.bls.gov/cps/cps_flows.htm
gross hires,gross hires,US0177,Employment,JOLTS hires,BLS JOLTS,Market shorthand,United States - national,Monthly,People / payroll additions,"Additions to payroll during the month, not net payroll growth.",JOLTS,https://www.bls.gov/news.release/jolts.tn.htm
gross job gains,gross job gains,US0136,Payrolls,Jobs gained at opening and expanding private establishments,BLS Business Employment Dynamics,Market shorthand,United States - national,Quarterly,Jobs / gross job-flow rate,"Gross establishment employment gains, not all individual hires.",BED,https://www.bls.gov/bdm/
gross job losses,gross job losses,US0137,Payrolls,Jobs lost at closing and contracting private establishments,BLS Business Employment Dynamics,Market shorthand,United States - national,Quarterly,Jobs / gross job-flow rate,"Gross establishment employment losses, not all separations.",BED,https://www.bls.gov/bdm/
gross private domestic investment,gross private domestic investment,US0249,U.S. national accounts,Private fixed investment plus change in private inventories,BEA National Income and Product Accounts,Official acronym,United States - national,Quarterly / annual,Current or chained dollars; annual rates where published,Broader than capital spending on equipment.,GDP; NIPA,https://www.bea.gov/news/gdp-release-additional-information | https://www.bea.gov/resources/methodologies/nipa-handbook
hard-to-fill jobs,hard-to-fill jobs,US0344,Surveys,Share of firms with job openings they cannot fill,NFIB Small Business Economic Trends,Market shorthand,United States - national,Monthly,Index / percent of firms / net percent,Not JOLTS openings or the household jobless rate.,NFIB; NFIBJOBS,https://www.nfib.com/wp-content/uploads/2026/09/NFIB-SBET-Report-August-2026.pdf | https://www.nfib.com/wp-content/uploads/2026/09/NFIB-August-2026-Jobs-Report.pdf
hard-to-get jobs,hard-to-get jobs,US0334,Surveys,Share of respondents saying jobs are hard to get,The Conference Board Consumer Confidence Survey,Component label,United States - national,Monthly,Index / response share,Not the unemployment rate.,CBCCI,https://www.conference-board.org/topics/consumer-confidence/index.cfm
headline CPI,headline cpi,US0001,Price indexes,"Consumer Price Index for All Urban Consumers, all items",BLS Consumer Price Index,Market shorthand,United States - U.S. city average,Monthly,Index / percent change,"Usually CPI-U U.S. city average; inflation is its change, not its level.",CPI; CPIT3,https://www.bls.gov/cpi/ | https://www.bls.gov/news.release/cpi.t03.htm
headline ex shelter,headline ex shelter,US0008,Price indexes,CPI-U all items less shelter,BLS Consumer Price Index,Market shorthand,United States - U.S. city average,Monthly,Index / percent change,Still includes food and energy.,CPI; CPIT3,https://www.bls.gov/cpi/ | https://www.bls.gov/news.release/cpi.t03.htm
headline jobs,headline jobs,US0102,Payrolls,Total nonfarm payroll employment,BLS Employment Situation - CES,Market shorthand,United States - national,Monthly,Jobs; usually reported in thousands,"Jobs, not distinct people; news headlines usually quote its monthly net change.",CES; EMPTECH,https://www.bls.gov/ces/ | https://www.bls.gov/news.release/empsit.tn.htm
headline PCE,headline pce,US0045,Price indexes,Personal consumption expenditures chain-type price index,BEA Personal Income and Outlays / NIPA price tables,Market shorthand,United States - national,Monthly,Index / percent change,'PCE' by itself can mean spending instead of prices.,PCEPRICE; NIPA,https://www.bea.gov/data/personal-consumption-expenditures-price-index | https://www.bea.gov/resources/methodologies/nipa-handbook
headline PPI,headline ppi,US0057,Price indexes,Producer Price Index for final demand,BLS Producer Price Index,Market shorthand,United States - national,Monthly,Index / percent change,'PPI' is also an entire family; old reports may refer to finished goods.,PPI; PPIHOME,https://www.bls.gov/news.release/archives/ppi_09102026.htm | https://www.bls.gov/ppi/
headline retail sales,headline retail sales,US0462,Retail trade data,Retail and food services sales,Census Advance Monthly Sales for Retail and Food Services,Market shorthand,United States - national,Monthly,Nominal sales dollars / monthly percent change,"Nominal dollars, not real consumption; includes food services.",RETAIL,https://www.census.gov/retail/index.html
health and personal care sales,health and personal care sales,US0481,Retail trade data,Sales of health and personal care retailers/stores,Census Advance Monthly Sales for Retail and Food Services,Ambiguous shorthand,United States - national,Monthly,Nominal sales dollars / monthly percent change,Drugstores are a narrower subgroup; shorthand needs context.,RETAIL,https://www.census.gov/retail/index.html
health care payrolls,health care payrolls,US0126,Payrolls,CES health care employment,BLS Employment Situation - CES,Component label,United States - national,Monthly,Jobs; usually reported in thousands,Distinguish health care alone from health care and social assistance.,CES; EMPTECH,https://www.bls.gov/ces/ | https://www.bls.gov/news.release/empsit.tn.htm
healthcare jobs,healthcare jobs,US0126,Payrolls,CES health care employment,BLS Employment Situation - CES,Component label,United States - national,Monthly,Jobs; usually reported in thousands,Distinguish health care alone from health care and social assistance.,CES; EMPTECH,https://www.bls.gov/ces/ | https://www.bls.gov/news.release/empsit.tn.htm
heating oil CPI,heating oil cpi,US0023,Price indexes,CPI fuel oil,BLS Consumer Price Index,Component label,United States - U.S. city average,Monthly,Index / percent change,Not the complete energy commodities aggregate.,CPIT2,https://www.bls.gov/news.release/cpi.t02.htm
HH employment,hh employment,US0139,Employment,Employed civilian noninstitutional population age 16 and over,BLS Employment Situation - CPS,Market shorthand,United States - national,Monthly,People,"Counts people once, even when they hold multiple jobs.",CPS; EMPTECH; EMPTABLES,https://www.bls.gov/cps/definitions.htm | https://www.bls.gov/news.release/empsit.tn.htm | https://www.bls.gov/news.release/empsit.toc.htm
HH survey,hh survey,US0138,Employment,Current Population Survey labor-force data,BLS Employment Situation - CPS,Release / family label,United States - national,Monthly,Series family,Release/data-family alias; distinct from CES.,CPS; EMPTECH; EMPTABLES,https://www.bls.gov/cps/definitions.htm | https://www.bls.gov/news.release/empsit.tn.htm | https://www.bls.gov/news.release/empsit.toc.htm
hires,hires,US0177,Employment,JOLTS hires,BLS JOLTS,Market shorthand,United States - national,Monthly,People / payroll additions,"Additions to payroll during the month, not net payroll growth.",JOLTS,https://www.bls.gov/news.release/jolts.tn.htm
hires rate,hires rate,US0178,Employment,JOLTS hires divided by employment,BLS JOLTS,Market shorthand,United States - national,Monthly,Percent,Not the CPS unemployed-to-employed transition probability.,JOLTS,https://www.bls.gov/news.release/jolts.tn.htm
hiring,hiring,US0177,Employment,JOLTS hires,BLS JOLTS,Market shorthand,United States - national,Monthly,People / payroll additions,"Additions to payroll during the month, not net payroll growth.",JOLTS,https://www.bls.gov/news.release/jolts.tn.htm
hiring rate,hiring rate,US0178,Employment,JOLTS hires divided by employment,BLS JOLTS,Market shorthand,United States - national,Monthly,Percent,Not the CPS unemployed-to-employed transition probability.,JOLTS,https://www.bls.gov/news.release/jolts.tn.htm
HMI,hmi,US0413,Surveys,NAHB/Wells Fargo Housing Market Index,NAHB/Wells Fargo Housing Market Index,Market shorthand,United States - national,Monthly,Diffusion / composite index,"Survey of single-family homebuilders, not actual housing starts.",NAHB,https://www.nahb.org/News-and-Economics/Housing-Economics/Indices/Housing-Market-Index
HMI current sales,hmi current sales,US0414,Surveys,HMI present-sales component,NAHB/Wells Fargo Housing Market Index,Component label,United States - national,Monthly,Diffusion / composite index,"Assessment, not a count of home closings.",NAHB,https://www.nahb.org/News-and-Economics/Housing-Economics/Indices/Housing-Market-Index
HMI future sales,hmi future sales,US0415,Surveys,HMI expected sales over the next six months,NAHB/Wells Fargo Housing Market Index,Component label,United States - national,Monthly,Diffusion / composite index,Forward-looking survey component.,NAHB,https://www.nahb.org/News-and-Economics/Housing-Economics/Indices/Housing-Market-Index
homebuilder sentiment,homebuilder sentiment,US0413,Surveys,NAHB/Wells Fargo Housing Market Index,NAHB/Wells Fargo Housing Market Index,Market shorthand,United States - national,Monthly,Diffusion / composite index,"Survey of single-family homebuilders, not actual housing starts.",NAHB,https://www.nahb.org/News-and-Economics/Housing-Economics/Indices/Housing-Market-Index
hospital prices CPI,hospital prices cpi,US0043,Price indexes,CPI hospital services,BLS Consumer Price Index,Component label,United States - U.S. city average,Monthly,Index / percent change,A medical-care service component.,CPIT2,https://www.bls.gov/news.release/cpi.t02.htm
hospital services,hospital services,US0043,Price indexes,CPI hospital services,BLS Consumer Price Index,Component label,United States - U.S. city average,Monthly,Index / percent change,A medical-care service component.,CPIT2,https://www.bls.gov/news.release/cpi.t02.htm
hotel prices,hotel prices,US0030,Price indexes,CPI lodging away from home,BLS Consumer Price Index,Market shorthand,United States - U.S. city average,Monthly,Index / percent change,Broader category than hotels alone.,CPIT2,https://www.bls.gov/news.release/cpi.t02.htm
hourly compensation,hourly compensation,US0230,Wages and salaries,Compensation per hour in the nonfarm business sector,BLS Productivity and Costs,Market shorthand,United States - national,Quarterly,Compensation-per-hour index / growth,Includes wages and supplements; broader than CES earnings.,PRODUCTIVITY,https://www.bls.gov/news.release/prod2.htm
hourly earnings,hourly earnings,US0205,Wages and salaries,Average hourly earnings of all employees on private nonfarm payrolls,BLS CES hours and earnings,Market shorthand,United States - national,Monthly,Dollars per hour,Standard headline is all private employees; composition changes can affect it.,CESTABLES; EMPTECH,https://www.bls.gov/ces/data/employment-and-earnings/2026/ | https://www.bls.gov/news.release/empsit.tn.htm
household credit tightening,household credit tightening,US0392,Surveys,Net tightening for the selected consumer loan type,Federal Reserve Senior Loan Officer Opinion Survey,Component label,United States - national,Quarterly,Net percentage of responding banks,"Credit card, auto and other consumer categories differ.",SLOOS,https://www.federalreserve.gov/data/sloos/sloos-202607-chart-data.htm
household employment,household employment,US0139,Employment,Employed civilian noninstitutional population age 16 and over,BLS Employment Situation - CPS,Market shorthand,United States - national,Monthly,People,"Counts people once, even when they hold multiple jobs.",CPS; EMPTECH; EMPTABLES,https://www.bls.gov/cps/definitions.htm | https://www.bls.gov/news.release/empsit.tn.htm | https://www.bls.gov/news.release/empsit.toc.htm
household outlays,household outlays,US0297,U.S. national accounts,PCE plus personal interest payments plus personal current transfer payments,BEA Personal Income and Outlays,Component label,United States - national,Monthly / quarterly,Current or chained dollars; usually SAAR,Broader than PCE.,PIO; NIPA,https://www.bea.gov/news/pio-release-additional-information | https://www.bea.gov/resources/methodologies/nipa-handbook
household survey,household survey,US0138,Employment,Current Population Survey labor-force data,BLS Employment Situation - CPS,Release / family label,United States - national,Monthly,Series family,Release/data-family alias; distinct from CES.,CPS; EMPTECH; EMPTABLES,https://www.bls.gov/cps/definitions.htm | https://www.bls.gov/news.release/empsit.tn.htm | https://www.bls.gov/news.release/empsit.toc.htm
housing CPI,housing cpi,US0026,Price indexes,CPI housing major group,BLS Consumer Price Index,Component label,United States - U.S. city average,Monthly,Index / percent change,Broader than shelter; includes utilities and other housing-related expenditures.,CPIT2,https://www.bls.gov/news.release/cpi.t02.htm
housing inflation,housing inflation,US0027,Price indexes,CPI shelter,BLS Consumer Price Index,Market shorthand,United States - U.S. city average,Monthly,Index / percent change,'Housing inflation' requires context; shelter is not a house-purchase price index.,CPIT2,https://www.bls.gov/news.release/cpi.t02.htm
housing investment,housing investment,US0252,U.S. national accounts,Private residential fixed investment,BEA National Income and Product Accounts,Market shorthand,United States - national,Quarterly / annual,Current or chained dollars; annual rates where published,"Includes new construction, improvements and ownership-transfer costs; not existing-home sale values.",GDP; NIPA,https://www.bea.gov/news/gdp-release-additional-information | https://www.bea.gov/resources/methodologies/nipa-handbook
housing services PCE,housing services pce,US0053,Price indexes,PCE housing services price index,BEA Personal Income and Outlays / NIPA price tables,Component label,United States - national,Monthly,Index / percent change,Not all housing-and-utilities prices; not house-price inflation.,PCEPRICE; NIPA,https://www.bea.gov/data/personal-consumption-expenditures-price-index | https://www.bea.gov/resources/methodologies/nipa-handbook
I/S ratio,i/s ratio,US0489,Retail trade data,Inventories divided by monthly sales for a specified sector,Census Manufacturing and Trade Inventories and Sales,Market shorthand,United States - national,Monthly,Ratio / months of sales,Commonly expressed in months of sales; specify business/retail/wholesale/manufacturing.,MTIS; RETAIL,https://www.census.gov/mtis/current/index.html | https://www.census.gov/retail/index.html
IC,ic,US0187,Employment,Initial claims for unemployment insurance,U.S. Department of Labor UI Weekly Claims,Market shorthand,United States - national,Weekly,Claims / week,"Usually regular state programs, seasonally adjusted; not the full count of layoffs.",CLAIMS; CLAIMSREC,https://www.dol.gov/sites/dolgov/files/OPA/newsreleases/2020/07/UI-ESR%20side-by-side_07022020.pdf | https://www.dol.gov/sites/dolgov/files/OPA/newsreleases/20261503.pdf
immigrant employment CPS,immigrant employment cps,US0172,Employment,CPS employment of foreign-born people,BLS Employment Situation - CPS,Market shorthand,United States - national,Monthly,People,Does not identify legal immigration status; not a count of recent arrivals.,CPS; EMPTECH; EMPTABLES,https://www.bls.gov/cps/definitions.htm | https://www.bls.gov/news.release/empsit.tn.htm | https://www.bls.gov/news.release/empsit.toc.htm
import index ISM,import index ism,US0312,Surveys,ISM Manufacturing Imports Index,ISM Manufacturing PMI Report,Component label,United States - national,Monthly,Diffusion / composite index,"Survey input-import activity, not the trade-balance series.",ISM,https://www.ismworld.org/globalassets/pub/research-and-surveys/rob/pmi/nope202608pmi.pdf
import inflation,import inflation,US0072,Price indexes,"U.S. import price index, all imports",BLS International Price Program,Market shorthand,United States - national,Monthly,Index / percent change,U.S. cross-border prices; specify goods/services coverage of the selected index.,IPP; IPPDATA,https://www.bls.gov/mxp/ | https://www.bls.gov/mxp/data/
import price index,import price index,US0072,Price indexes,"U.S. import price index, all imports",BLS International Price Program,Market shorthand,United States - national,Monthly,Index / percent change,U.S. cross-border prices; specify goods/services coverage of the selected index.,IPP; IPPDATA,https://www.bls.gov/mxp/ | https://www.bls.gov/mxp/data/
import prices,import prices,US0072,Price indexes,"U.S. import price index, all imports",BLS International Price Program,Market shorthand,United States - national,Monthly,Index / percent change,U.S. cross-border prices; specify goods/services coverage of the selected index.,IPP; IPPDATA,https://www.bls.gov/mxp/ | https://www.bls.gov/mxp/data/
imported energy prices,imported energy prices,US0074,Price indexes,U.S. import price index for fuels,BLS International Price Program,Component label,United States - national,Monthly,Index / percent change,Not domestic retail energy prices.,IPP; IPPDATA,https://www.bls.gov/mxp/ | https://www.bls.gov/mxp/data/
imports,imports,US0267,U.S. national accounts,Imports of goods and services in NIPA,BEA National Income and Product Accounts,Component label,United States - national,Quarterly / annual,Current or chained dollars; annual rates where published,Subtracted in GDP to remove foreign output included elsewhere.,GDP; NIPA,https://www.bea.gov/news/gdp-release-additional-information | https://www.bea.gov/resources/methodologies/nipa-handbook
imports ex fuel,imports ex fuel,US0073,Price indexes,U.S. import price index excluding fuels,BLS International Price Program,Market shorthand,United States - national,Monthly,Index / percent change,"'Core import prices' may mean this, but verify exclusions.",IPP; IPPDATA,https://www.bls.gov/mxp/ | https://www.bls.gov/mxp/data/
imputed rent,imputed rent,US0029,Price indexes,CPI owners' equivalent rent of residences,BLS Consumer Price Index,Market shorthand,United States - U.S. city average,Monthly,Index / percent change,"Rental value of owner-occupied housing, not mortgage payments or house prices.",CPIT2,https://www.bls.gov/news.release/cpi.t02.htm
imputed rental income NIPA,imputed rental income nipa,US0294,U.S. national accounts,Rental income of persons with capital consumption adjustment,BEA Personal Income and Outlays,Component label,United States - national,Monthly / quarterly,Current or chained dollars; usually SAAR,Includes imputed owner-occupied rent; not merely landlord cash rent.,PIO; NIPA,https://www.bea.gov/news/pio-release-additional-information | https://www.bea.gov/resources/methodologies/nipa-handbook
income and product accounts,income and product accounts,US0237,U.S. national accounts,U.S. National Income and Product Accounts,BEA National Income and Product Accounts,Release / family label,United States - national,Quarterly / annual,Series family,"A system of accounts, not a unique time series.",GDP; NIPA,https://www.bea.gov/news/gdp-release-additional-information | https://www.bea.gov/resources/methodologies/nipa-handbook
income-side GDP,income-side gdp,US0241,U.S. national accounts,Gross domestic income,BEA National Income and Product Accounts,Market shorthand,United States - national,Quarterly / annual,Current or chained dollars; annual rates where published,"Conceptually matches GDP; measured independently, so a discrepancy remains.",GDP; NIPA,https://www.bea.gov/news/gdp-release-additional-information | https://www.bea.gov/resources/methodologies/nipa-handbook
incomes,incomes,US0285,U.S. national accounts,Personal income,BEA Personal Income and Outlays,Market shorthand,United States - national,Monthly / quarterly,Current or chained dollars; usually SAAR,Income received by persons under NIPA; not just labor pay.,PIO; NIPA,https://www.bea.gov/news/pio-release-additional-information | https://www.bea.gov/resources/methodologies/nipa-handbook
industrial capacity,industrial capacity,US0451,Production data,G.17 industrial capacity index,Federal Reserve G.17,Component label,United States - national,Monthly,Real-output index / percent change,"Estimated sustainable production capability, not actual output.",IP,https://www.federalreserve.gov/releases/g17/current/default.htm
industrial output,industrial output,US0435,Production data,Federal Reserve total industrial production index,Federal Reserve G.17,Market shorthand,United States - national,Monthly,Real-output index / percent change,"Real output of manufacturing, mining and utilities; not total GDP.",IP,https://www.federalreserve.gov/releases/g17/current/default.htm
industrial production,industrial production,US0435,Production data,Federal Reserve total industrial production index,Federal Reserve G.17,Market shorthand,United States - national,Monthly,Real-output index / percent change,"Real output of manufacturing, mining and utilities; not total GDP.",IP,https://www.federalreserve.gov/releases/g17/current/default.htm
information jobs,information jobs,US0128,Payrolls,CES information employment,BLS Employment Situation - CES,Component label,United States - national,Monthly,Jobs; usually reported in thousands,Industry group is not a comprehensive measure of 'tech jobs'.,CES; EMPTECH,https://www.bls.gov/ces/ | https://www.bls.gov/news.release/empsit.tn.htm
information payrolls,information payrolls,US0128,Payrolls,CES information employment,BLS Employment Situation - CES,Component label,United States - national,Monthly,Jobs; usually reported in thousands,Industry group is not a comprehensive measure of 'tech jobs'.,CES; EMPTECH,https://www.bls.gov/ces/ | https://www.bls.gov/news.release/empsit.tn.htm
initial claims,initial claims,US0187,Employment,Initial claims for unemployment insurance,U.S. Department of Labor UI Weekly Claims,Market shorthand,United States - national,Weekly,Claims / week,"Usually regular state programs, seasonally adjusted; not the full count of layoffs.",CLAIMS; CLAIMSREC,https://www.dol.gov/sites/dolgov/files/OPA/newsreleases/2020/07/UI-ESR%20side-by-side_07022020.pdf | https://www.dol.gov/sites/dolgov/files/OPA/newsreleases/20261503.pdf
input costs PMI,input costs pmi,US0325,Surveys,S&P Global U.S. sector input-prices index,S&P Global U.S. PMI,Component label,United States - national,Monthly,Diffusion / composite index,Retain manufacturing/services/composite identity; not ISM prices paid.,SPPMI,https://www.spglobal.com/market-intelligence/en/solutions/products/resources/pmi-faq
insured unemployment,insured unemployment,US0188,Employment,Continued weeks claimed under unemployment insurance,U.S. Department of Labor UI Weekly Claims,Market shorthand,United States - national,Weekly,Continued claims,"Weekly claims measure, not the CPS number unemployed or simply checks paid.",CLAIMS; CLAIMSREC,https://www.dol.gov/sites/dolgov/files/OPA/newsreleases/2020/07/UI-ESR%20side-by-side_07022020.pdf | https://www.dol.gov/sites/dolgov/files/OPA/newsreleases/20261503.pdf
insured unemployment rate,insured unemployment rate,US0189,Employment,Insured unemployed as a percent of covered employment,U.S. Department of Labor UI Weekly Claims,Official acronym,United States - national,Weekly,Percent of covered employment,Narrower administrative program concept than U-3.,CLAIMS; CLAIMSREC,https://www.dol.gov/sites/dolgov/files/OPA/newsreleases/2020/07/UI-ESR%20side-by-side_07022020.pdf | https://www.dol.gov/sites/dolgov/files/OPA/newsreleases/20261503.pdf
intellectual property investment,intellectual property investment,US0255,U.S. national accounts,Private nonresidential investment in intellectual property products,BEA National Income and Product Accounts,Official acronym,United States - national,Quarterly / annual,Current or chained dollars; annual rates where published,"In NIPA, IPP means intellectual property; BLS IPP means International Price Program.",GDP; NIPA,https://www.bea.gov/news/gdp-release-additional-information | https://www.bea.gov/resources/methodologies/nipa-handbook
interest and dividend income,interest and dividend income,US0295,U.S. national accounts,Personal income receipts on assets,BEA Personal Income and Outlays,Market shorthand,United States - national,Monthly / quarterly,Current or chained dollars; usually SAAR,Sum of personal interest and dividend income; not asset-price gains.,PIO; NIPA,https://www.bea.gov/news/pio-release-additional-information | https://www.bea.gov/resources/methodologies/nipa-handbook
intermediate demand,intermediate demand,US0067,Price indexes,PPI intermediate-demand price measures,BLS Producer Price Index,Release / family label,United States - national,Monthly,Index / percent change,"Family, not a single modern headline index.",PPI; PPIHOME,https://www.bls.gov/news.release/archives/ppi_09102026.htm | https://www.bls.gov/ppi/
intermediate PPI,intermediate ppi,US0067,Price indexes,PPI intermediate-demand price measures,BLS Producer Price Index,Release / family label,United States - national,Monthly,Index / percent change,"Family, not a single modern headline index.",PPI; PPIHOME,https://www.bls.gov/news.release/archives/ppi_09102026.htm | https://www.bls.gov/ppi/
inventories,inventories,US0258,U.S. national accounts,Change in private inventories in GDP,BEA National Income and Product Accounts,Market shorthand,United States - national,Quarterly / annual,Current or chained dollars; annual rates where published,This is a flow; not the stock of inventories. GDP-growth contribution depends on the change in that flow.,GDP; NIPA,https://www.bea.gov/news/gdp-release-additional-information | https://www.bea.gov/resources/methodologies/nipa-handbook
inventory accumulation,inventory accumulation,US0258,U.S. national accounts,Change in private inventories in GDP,BEA National Income and Product Accounts,Market shorthand,United States - national,Quarterly / annual,Current or chained dollars; annual rates where published,This is a flow; not the stock of inventories. GDP-growth contribution depends on the change in that flow.,GDP; NIPA,https://www.bea.gov/news/gdp-release-additional-information | https://www.bea.gov/resources/methodologies/nipa-handbook
inventory contribution,inventory contribution,US0259,U.S. national accounts,Contribution of change in private inventories to real GDP growth,BEA National Income and Product Accounts,Derived / published contribution,United States - national,Quarterly / annual,Percentage points,Not identical to the inventory-investment level.,GDP; NIPA,https://www.bea.gov/news/gdp-release-additional-information | https://www.bea.gov/resources/methodologies/nipa-handbook
inventory investment,inventory investment,US0258,U.S. national accounts,Change in private inventories in GDP,BEA National Income and Product Accounts,Market shorthand,United States - national,Quarterly / annual,Current or chained dollars; annual rates where published,This is a flow; not the stock of inventories. GDP-growth contribution depends on the change in that flow.,GDP; NIPA,https://www.bea.gov/news/gdp-release-additional-information | https://www.bea.gov/resources/methodologies/nipa-handbook
inventory swing,inventory swing,US0259,U.S. national accounts,Contribution of change in private inventories to real GDP growth,BEA National Income and Product Accounts,Derived / published contribution,United States - national,Quarterly / annual,Percentage points,Not identical to the inventory-investment level.,GDP; NIPA,https://www.bea.gov/news/gdp-release-additional-information | https://www.bea.gov/resources/methodologies/nipa-handbook
inventory valuation adjustment,inventory valuation adjustment,US0269,U.S. national accounts,NIPA adjustment removing inventory holding gains/losses from measured business income,BEA National Income and Product Accounts,Official acronym,United States - national,Quarterly / annual,Current or chained dollars; annual rates where published,Not an inventory quantity change.,GDP; NIPA,https://www.bea.gov/news/gdp-release-additional-information | https://www.bea.gov/resources/methodologies/nipa-handbook
inventory-sales ratio,inventory-sales ratio,US0489,Retail trade data,Inventories divided by monthly sales for a specified sector,Census Manufacturing and Trade Inventories and Sales,Market shorthand,United States - national,Monthly,Ratio / months of sales,Commonly expressed in months of sales; specify business/retail/wholesale/manufacturing.,MTIS; RETAIL,https://www.census.gov/mtis/current/index.html | https://www.census.gov/retail/index.html
inventory-shipments ratio,inventory-shipments ratio,US0527,Manufacturing orders,Manufacturers' inventories divided by shipments,"Census Manufacturers Shipments, Inventories and Orders (M3)",Derived / published ratio,United States - national,Monthly,Ratio / months,Stock relative to monthly flow; specify total/durable industry.,M3DEF; DURABLES; M3TAB; TDCALENDAR,https://www.census.gov/manufacturing/m3/definitions/index.html | https://www.census.gov/manufacturing/m3/adv/pdf/durgd.pdf | https://www.census.gov/manufacturing/m3/prel/pdf/table5p.pdf | https://economics.td.com/domains/economics.td.com/documents/reports/bottom-line/tables/2026-09-04/recent.htm
involuntary part-time,involuntary part-time,US0157,Employment,People working part time for economic reasons,BLS Employment Situation - CPS,Market shorthand,United States - national,Monthly,People,Usually want and are available for full-time work; distinguish actual/usual-hours series.,CPS; EMPTECH; EMPTABLES,https://www.bls.gov/cps/definitions.htm | https://www.bls.gov/news.release/empsit.tn.htm | https://www.bls.gov/news.release/empsit.toc.htm
involuntary separations JOLTS,involuntary separations jolts,US0181,Employment,JOLTS layoffs and discharges,BLS JOLTS,Market shorthand,United States - national,Monthly,Separations,Employer-initiated separations; not claims or announcements.,JOLTS,https://www.bls.gov/news.release/jolts.tn.htm
IP,ip,US0435,Production data,Federal Reserve total industrial production index,Federal Reserve G.17,Market shorthand,United States - national,Monthly,Real-output index / percent change,"Real output of manufacturing, mining and utilities; not total GDP.",IP,https://www.federalreserve.gov/releases/g17/current/default.htm
IP products,ip products,US0255,U.S. national accounts,Private nonresidential investment in intellectual property products,BEA National Income and Product Accounts,Official acronym,United States - national,Quarterly / annual,Current or chained dollars; annual rates where published,"In NIPA, IPP means intellectual property; BLS IPP means International Price Program.",GDP; NIPA,https://www.bea.gov/news/gdp-release-additional-information | https://www.bea.gov/resources/methodologies/nipa-handbook
IPD,ipd,US0089,Price indexes,Implicit price deflator for gross domestic product,BEA GDP price measures,Market shorthand,United States - national,Quarterly,Index / percent change,Covers domestic production; not gross domestic purchases prices.,GDP; GDPPRICE,https://www.bea.gov/news/gdp-release-additional-information | https://www.bea.gov/data/prices-inflation/gross-domestic-purchases-price-index
IPP,ipp,US0255,U.S. national accounts,Private nonresidential investment in intellectual property products,BEA National Income and Product Accounts,Official acronym,United States - national,Quarterly / annual,Current or chained dollars; annual rates where published,"In NIPA, IPP means intellectual property; BLS IPP means International Price Program.",GDP; NIPA,https://www.bea.gov/news/gdp-release-additional-information | https://www.bea.gov/resources/methodologies/nipa-handbook
ISM backlog,ism backlog,US0310,Surveys,ISM Manufacturing Backlog of Orders Index,ISM Manufacturing PMI Report,Component label,United States - national,Monthly,Diffusion / composite index,"Survey index, not dollar-valued Census unfilled orders.",ISM,https://www.ismworld.org/globalassets/pub/research-and-surveys/rob/pmi/nope202608pmi.pdf
ISM deliveries,ism deliveries,US0306,Surveys,ISM Manufacturing Supplier Deliveries Index,ISM Manufacturing PMI Report,Market shorthand,United States - national,Monthly,Diffusion / composite index,Higher normally means slower deliveries; specify provider/sector.,ISM,https://www.ismworld.org/globalassets/pub/research-and-surveys/rob/pmi/nope202608pmi.pdf
ISM employment,ism employment,US0305,Surveys,ISM Manufacturing Employment Index,ISM Manufacturing PMI Report,Component label,United States - national,Monthly,Diffusion / composite index,Not BLS manufacturing payrolls.,ISM,https://www.ismworld.org/globalassets/pub/research-and-surveys/rob/pmi/nope202608pmi.pdf
ISM export orders,ism export orders,US0311,Surveys,ISM Manufacturing New Export Orders Index,ISM Manufacturing PMI Report,Component label,United States - national,Monthly,Diffusion / composite index,Not customs export values.,ISM,https://www.ismworld.org/globalassets/pub/research-and-surveys/rob/pmi/nope202608pmi.pdf
ISM factory employment,ism factory employment,US0305,Surveys,ISM Manufacturing Employment Index,ISM Manufacturing PMI Report,Component label,United States - national,Monthly,Diffusion / composite index,Not BLS manufacturing payrolls.,ISM,https://www.ismworld.org/globalassets/pub/research-and-surveys/rob/pmi/nope202608pmi.pdf
ISM imports,ism imports,US0312,Surveys,ISM Manufacturing Imports Index,ISM Manufacturing PMI Report,Component label,United States - national,Monthly,Diffusion / composite index,"Survey input-import activity, not the trade-balance series.",ISM,https://www.ismworld.org/globalassets/pub/research-and-surveys/rob/pmi/nope202608pmi.pdf
ISM inventories,ism inventories,US0307,Surveys,ISM Manufacturing Inventories Index,ISM Manufacturing PMI Report,Component label,United States - national,Monthly,Diffusion / composite index,"Survey change measure, not inventory dollars.",ISM,https://www.ismworld.org/globalassets/pub/research-and-surveys/rob/pmi/nope202608pmi.pdf
ISM manufacturing,ism manufacturing,US0302,Surveys,ISM Manufacturing PMI,ISM Manufacturing PMI Report,Market shorthand,United States - national,Monthly,Diffusion / composite index,National manufacturing composite; NAPM is a legacy label. Not S&P's PMI.,ISM,https://www.ismworld.org/globalassets/pub/research-and-surveys/rob/pmi/nope202608pmi.pdf
ISM mfg,ism mfg,US0302,Surveys,ISM Manufacturing PMI,ISM Manufacturing PMI Report,Market shorthand,United States - national,Monthly,Diffusion / composite index,National manufacturing composite; NAPM is a legacy label. Not S&P's PMI.,ISM,https://www.ismworld.org/globalassets/pub/research-and-surveys/rob/pmi/nope202608pmi.pdf
ISM new orders,ism new orders,US0303,Surveys,ISM Manufacturing New Orders Index,ISM Manufacturing PMI Report,Component label,United States - national,Monthly,Diffusion / composite index,"Survey breadth, not Census order dollars.",ISM,https://www.ismworld.org/globalassets/pub/research-and-surveys/rob/pmi/nope202608pmi.pdf
ISM nonmanufacturing,ism nonmanufacturing,US0314,Surveys,ISM Services PMI,ISM Services PMI Report,Market shorthand,United States - national,Monthly,Diffusion / composite index,"Formerly Non-Manufacturing; four-component composite, not S&P Services PMI.",ISM,https://www.ismworld.org/globalassets/pub/research-and-surveys/rob/pmi/nope202608pmi.pdf
ISM orders less inventories,ism orders less inventories,US0313,Surveys,ISM New Orders Index minus ISM Inventories Index,ISM Manufacturing PMI Report,Derived measure,United States - national,Monthly,Index-point difference,Analyst spread; specify own inventories versus customers' inventories.,ISM,https://www.ismworld.org/globalassets/pub/research-and-surveys/rob/pmi/nope202608pmi.pdf
ISM output,ism output,US0304,Surveys,ISM Manufacturing Production Index,ISM Manufacturing PMI Report,Component label,United States - national,Monthly,Diffusion / composite index,Not Federal Reserve industrial production.,ISM,https://www.ismworld.org/globalassets/pub/research-and-surveys/rob/pmi/nope202608pmi.pdf
ISM PMI,ism pmi,US0302,Surveys,ISM Manufacturing PMI,ISM Manufacturing PMI Report,Market shorthand,United States - national,Monthly,Diffusion / composite index,National manufacturing composite; NAPM is a legacy label. Not S&P's PMI.,ISM,https://www.ismworld.org/globalassets/pub/research-and-surveys/rob/pmi/nope202608pmi.pdf
ISM prices,ism prices,US0309,Surveys,ISM Manufacturing Prices Index,ISM Manufacturing PMI Report,Market shorthand,United States - national,Monthly,Diffusion / composite index,"Diffusion of input-price changes, not a percent inflation rate.",ISM,https://www.ismworld.org/globalassets/pub/research-and-surveys/rob/pmi/nope202608pmi.pdf
ISM production,ism production,US0304,Surveys,ISM Manufacturing Production Index,ISM Manufacturing PMI Report,Component label,United States - national,Monthly,Diffusion / composite index,Not Federal Reserve industrial production.,ISM,https://www.ismworld.org/globalassets/pub/research-and-surveys/rob/pmi/nope202608pmi.pdf
ISM services,ism services,US0314,Surveys,ISM Services PMI,ISM Services PMI Report,Market shorthand,United States - national,Monthly,Diffusion / composite index,"Formerly Non-Manufacturing; four-component composite, not S&P Services PMI.",ISM,https://www.ismworld.org/globalassets/pub/research-and-surveys/rob/pmi/nope202608pmi.pdf
ISM services activity,ism services activity,US0315,Surveys,ISM Services Business Activity Index,ISM Services PMI Report,Component label,United States - national,Monthly,Diffusion / composite index,"Component, not the headline services composite.",ISM,https://www.ismworld.org/globalassets/pub/research-and-surveys/rob/pmi/nope202608pmi.pdf
ISM services backlog,ism services backlog,US0320,Surveys,ISM Services Backlog of Orders Index,ISM Services PMI Report,Component label,United States - national,Monthly,Diffusion / composite index,Not a Census hard-data backlog.,ISM,https://www.ismworld.org/globalassets/pub/research-and-surveys/rob/pmi/nope202608pmi.pdf
ISM services deliveries,ism services deliveries,US0319,Surveys,ISM Services Supplier Deliveries Index,ISM Services PMI Report,Component label,United States - national,Monthly,Diffusion / composite index,Higher means slower supplier deliveries.,ISM,https://www.ismworld.org/globalassets/pub/research-and-surveys/rob/pmi/nope202608pmi.pdf
ISM services employment,ism services employment,US0317,Surveys,ISM Services Employment Index,ISM Services PMI Report,Component label,United States - national,Monthly,Diffusion / composite index,Not services payroll employment.,ISM,https://www.ismworld.org/globalassets/pub/research-and-surveys/rob/pmi/nope202608pmi.pdf
ISM services orders,ism services orders,US0316,Surveys,ISM Services New Orders Index,ISM Services PMI Report,Component label,United States - national,Monthly,Diffusion / composite index,Provider and sector are necessary to identify it.,ISM,https://www.ismworld.org/globalassets/pub/research-and-surveys/rob/pmi/nope202608pmi.pdf
ISM services prices,ism services prices,US0318,Surveys,ISM Services Prices Index,ISM Services PMI Report,Component label,United States - national,Monthly,Diffusion / composite index,"Diffusion index, not measured services inflation.",ISM,https://www.ismworld.org/globalassets/pub/research-and-surveys/rob/pmi/nope202608pmi.pdf
IT orders,it orders,US0517,Manufacturing orders,New orders for the specified computers/electronics/information-technology category,"Census Manufacturers Shipments, Inventories and Orders (M3)",Ambiguous shorthand,United States - national,Monthly,Nominal monthly dollars / percent change,'IT' does not identify one universal M3 grouping.,M3DEF; DURABLES; M3TAB; TDCALENDAR,https://www.census.gov/manufacturing/m3/definitions/index.html | https://www.census.gov/manufacturing/m3/adv/pdf/durgd.pdf | https://www.census.gov/manufacturing/m3/prel/pdf/table5p.pdf | https://economics.td.com/domains/economics.td.com/documents/reports/bottom-line/tables/2026-09-04/recent.htm
IUR,iur,US0189,Employment,Insured unemployed as a percent of covered employment,U.S. Department of Labor UI Weekly Claims,Official acronym,United States - national,Weekly,Percent of covered employment,Narrower administrative program concept than U-3.,CLAIMS; CLAIMSREC,https://www.dol.gov/sites/dolgov/files/OPA/newsreleases/2020/07/UI-ESR%20side-by-side_07022020.pdf | https://www.dol.gov/sites/dolgov/files/OPA/newsreleases/20261503.pdf
IVA,iva,US0269,U.S. national accounts,NIPA adjustment removing inventory holding gains/losses from measured business income,BEA National Income and Product Accounts,Official acronym,United States - national,Quarterly / annual,Current or chained dollars; annual rates where published,Not an inventory quantity change.,GDP; NIPA,https://www.bea.gov/news/gdp-release-additional-information | https://www.bea.gov/resources/methodologies/nipa-handbook
job creation BED,job creation bed,US0136,Payrolls,Jobs gained at opening and expanding private establishments,BLS Business Employment Dynamics,Market shorthand,United States - national,Quarterly,Jobs / gross job-flow rate,"Gross establishment employment gains, not all individual hires.",BED,https://www.bls.gov/bdm/
job destruction BED,job destruction bed,US0137,Payrolls,Jobs lost at closing and contracting private establishments,BLS Business Employment Dynamics,Market shorthand,United States - national,Quarterly,Jobs / gross job-flow rate,"Gross establishment employment losses, not all separations.",BED,https://www.bls.gov/bdm/
job leavers,job leavers,US0165,Employment,Unemployed people who voluntarily left their previous jobs,BLS Employment Situation - CPS,Market shorthand,United States - national,Monthly,People,Not all monthly JOLTS quits; many quitters find another job immediately.,CPS; EMPTECH; EMPTABLES,https://www.bls.gov/cps/definitions.htm | https://www.bls.gov/news.release/empsit.tn.htm | https://www.bls.gov/news.release/empsit.toc.htm
job openings,job openings,US0175,Employment,JOLTS job openings,BLS JOLTS,Market shorthand,United States - national,Monthly,Positions,Unfilled positions meeting BLS criteria on the last business day of the month.,JOLTS,https://www.bls.gov/news.release/jolts.tn.htm
job openings report,job openings report,US0174,Employment,Job Openings and Labor Turnover Survey,BLS JOLTS,Release / family label,United States - national,Monthly,Series family,"Report family; openings are a stock, other headline measures are flows.",JOLTS,https://www.bls.gov/news.release/jolts.tn.htm
job-changer pay,job-changer pay,US0226,Wages and salaries,ADP pay growth for job changers,ADP Pay Insights,Component label,United States - national,Monthly,Median year-over-year pay growth,Not the Atlanta Fed Wage Growth Tracker switching measure.,ADPPAY,https://payinsights.adp.com/artifacts/us_wage/20260902/documents/U.S.%20Pay%20Insights%20Technical%20Notes%20and%20FAQ.pdf
job-finding probability,job-finding probability,US0402,Surveys,Mean perceived probability of finding a job within the survey's specified horizon after job loss,New York Fed Survey of Consumer Expectations,Component label,United States - national,Monthly,Percent expected growth / probability,Not realized U-to-E transition probability.,SCE,https://www.newyorkfed.org/microeconomics/sceIndex/index.html
job-finding rate,job-finding rate,US0203,Employment,CPS unemployed-to-employed flow divided by prior-month unemployed population,Analyst rates from BLS CPS flows,Derived measure,United States - national,Monthly,Probability / percent,Discrete-time convention; model-based hazard versions differ; not JOLTS hiring rate.,CPSFLOWS,https://www.bls.gov/cps/cps_flows.htm
job-loss probability,job-loss probability,US0401,Surveys,Mean perceived probability of losing one's job within the specified horizon,New York Fed Survey of Consumer Expectations,Component label,United States - national,Monthly,Percent expected growth / probability,"A subjective probability, not a layoff rate.",SCE,https://www.newyorkfed.org/microeconomics/sceIndex/index.html
job-loss rate,job-loss rate,US0204,Employment,CPS employed-to-unemployed flow divided by prior-month employed population,Analyst rates from BLS CPS flows,Derived measure,United States - national,Monthly,Probability / percent,One common definition; broader separation hazards may include exits to nonparticipation.,CPSFLOWS,https://www.bls.gov/cps/cps_flows.htm
job-stayer pay,job-stayer pay,US0225,Wages and salaries,ADP pay growth for job stayers,ADP Pay Insights,Component label,United States - national,Monthly,Median year-over-year pay growth,ADP definition and matched payroll sample.,ADPPAY,https://payinsights.adp.com/artifacts/us_wage/20260902/documents/U.S.%20Pay%20Insights%20Technical%20Notes%20and%20FAQ.pdf
job-stayer wages,job-stayer wages,US0223,Wages and salaries,Wage Growth Tracker for job stayers,Atlanta Fed Wage Growth Tracker,Component label,United States - national,Monthly,Median 12-month wage growth,Distinguish provider and moving-average window.,WGT,https://www.atlantafed.org/research-and-data/data/wage-growth-tracker
job-switcher wages,job-switcher wages,US0222,Wages and salaries,Wage Growth Tracker for job switchers,Atlanta Fed Wage Growth Tracker,Component label,United States - national,Monthly,Median 12-month wage growth,Provider-specific switching definition; not the ADP changers sample.,WGT,https://www.atlantafed.org/research-and-data/data/wage-growth-tracker
jobless,jobless,US0141,Employment,CPS number of unemployed people,BLS Employment Situation - CPS,Market shorthand,United States - national,Monthly,People,Not all people without jobs; active-search/availability or temporary-layoff rules apply.,CPS; EMPTECH; EMPTABLES,https://www.bls.gov/cps/definitions.htm | https://www.bls.gov/news.release/empsit.tn.htm | https://www.bls.gov/news.release/empsit.toc.htm
jobless claims,jobless claims,US0187,Employment,Initial claims for unemployment insurance,U.S. Department of Labor UI Weekly Claims,Market shorthand,United States - national,Weekly,Claims / week,"Usually regular state programs, seasonally adjusted; not the full count of layoffs.",CLAIMS; CLAIMSREC,https://www.dol.gov/sites/dolgov/files/OPA/newsreleases/2020/07/UI-ESR%20side-by-side_07022020.pdf | https://www.dol.gov/sites/dolgov/files/OPA/newsreleases/20261503.pdf
jobless rate,jobless rate,US0140,Employment,Unemployed as a percent of the civilian labor force,BLS Employment Situation - CPS,Market shorthand,United States - national,Monthly,Percent of labor force,Official headline unemployment rate; not insured unemployment.,CPS; EMPTECH; EMPTABLES,https://www.bls.gov/cps/definitions.htm | https://www.bls.gov/news.release/empsit.tn.htm | https://www.bls.gov/news.release/empsit.toc.htm
jobs differential,jobs differential,US0335,Surveys,Jobs-plentiful share minus jobs-hard-to-get share,The Conference Board Consumer Confidence Survey,Derived measure,United States - national,Monthly,Percentage points,"Percentage-point spread, not a job count.",CBCCI,https://www.conference-board.org/topics/consumer-confidence/index.cfm
jobs hard to get,jobs hard to get,US0334,Surveys,Share of respondents saying jobs are hard to get,The Conference Board Consumer Confidence Survey,Component label,United States - national,Monthly,Index / response share,Not the unemployment rate.,CBCCI,https://www.conference-board.org/topics/consumer-confidence/index.cfm
jobs per unemployed,jobs per unemployed,US0186,Employment,JOLTS openings divided by CPS unemployed people,BLS JOLTS,Derived measure,United States - national,Monthly,Ratio,Analyst ratio joining two releases; match time period and adjustment.,JOLTS,https://www.bls.gov/news.release/jolts.tn.htm
jobs plentiful,jobs plentiful,US0333,Surveys,Share of respondents saying jobs are plentiful,The Conference Board Consumer Confidence Survey,Component label,United States - national,Monthly,Index / response share,"A survey response share, not job openings.",CBCCI,https://www.conference-board.org/topics/consumer-confidence/index.cfm
jobs PMI,jobs pmi,US0328,Surveys,S&P Global U.S. sector employment index,S&P Global U.S. PMI,Component label,United States - national,Monthly,Diffusion / composite index,"Survey diffusion, not job count.",SPPMI,https://www.spglobal.com/market-intelligence/en/solutions/products/resources/pmi-faq
jobs report,jobs report,US0104,Payrolls,BLS Employment Situation release,BLS Employment Situation - CES,Release / family label,United States - national,Monthly,Jobs; usually reported in thousands,Combines CES payroll data and CPS household data.,CES; EMPTECH,https://www.bls.gov/ces/ | https://www.bls.gov/news.release/empsit.tn.htm
JOLTS,jolts,US0174,Employment,Job Openings and Labor Turnover Survey,BLS JOLTS,Release / family label,United States - national,Monthly,Series family,"Report family; openings are a stock, other headline measures are flows.",JOLTS,https://www.bls.gov/news.release/jolts.tn.htm
Kansas City manufacturing,kansas city manufacturing,US0384,Surveys,Tenth District manufacturing composite index,Kansas City Fed manufacturing survey,Market shorthand,United States - Tenth Federal Reserve District,Monthly,Diffusion index,"Regional composite, not national manufacturing output.",KC,https://www.kansascityfed.org/surveys/manufacturing-survey/
Kansas City services,kansas city services,US0433,Surveys,Tenth District Services Survey,Kansas City Fed Services Survey,Release / family label,United States - Tenth Federal Reserve District,Monthly,Diffusion indexes,"Regional services activity, not the manufacturing composite.",KCSVC,https://www.kansascityfed.org/surveys/services-survey/
KC composite,kc composite,US0384,Surveys,Tenth District manufacturing composite index,Kansas City Fed manufacturing survey,Market shorthand,United States - Tenth Federal Reserve District,Monthly,Diffusion index,"Regional composite, not national manufacturing output.",KC,https://www.kansascityfed.org/surveys/manufacturing-survey/
KC expectations,kc expectations,US0386,Surveys,Tenth District manufacturing future composite index,Kansas City Fed manufacturing survey,Component label,United States - Tenth Federal Reserve District,Monthly,Diffusion index,Future versus current conditions must be retained.,KC,https://www.kansascityfed.org/surveys/manufacturing-survey/
KC Fed,kc fed,US0384,Surveys,Tenth District manufacturing composite index,Kansas City Fed manufacturing survey,Market shorthand,United States - Tenth Federal Reserve District,Monthly,Diffusion index,"Regional composite, not national manufacturing output.",KC,https://www.kansascityfed.org/surveys/manufacturing-survey/
KC future composite,kc future composite,US0386,Surveys,Tenth District manufacturing future composite index,Kansas City Fed manufacturing survey,Component label,United States - Tenth Federal Reserve District,Monthly,Diffusion index,Future versus current conditions must be retained.,KC,https://www.kansascityfed.org/surveys/manufacturing-survey/
KC output,kc output,US0385,Surveys,Tenth District manufacturing production index,Kansas City Fed manufacturing survey,Component label,United States - Tenth Federal Reserve District,Monthly,Diffusion index,Separate from the composite.,KC,https://www.kansascityfed.org/surveys/manufacturing-survey/
KC production,kc production,US0385,Surveys,Tenth District manufacturing production index,Kansas City Fed manufacturing survey,Component label,United States - Tenth Federal Reserve District,Monthly,Diffusion index,Separate from the composite.,KC,https://www.kansascityfed.org/surveys/manufacturing-survey/
KC services,kc services,US0433,Surveys,Tenth District Services Survey,Kansas City Fed Services Survey,Release / family label,United States - Tenth Federal Reserve District,Monthly,Diffusion indexes,"Regional services activity, not the manufacturing composite.",KCSVC,https://www.kansascityfed.org/surveys/services-survey/
L&H payrolls,l&h payrolls,US0124,Payrolls,CES leisure and hospitality employment,BLS Employment Situation - CES,Market shorthand,United States - national,Monthly,Jobs; usually reported in thousands,Includes arts/recreation and accommodation/food services.,CES; EMPTECH,https://www.bls.gov/ces/ | https://www.bls.gov/news.release/empsit.tn.htm
labor differential,labor differential,US0335,Surveys,Jobs-plentiful share minus jobs-hard-to-get share,The Conference Board Consumer Confidence Survey,Derived measure,United States - national,Monthly,Percentage points,"Percentage-point spread, not a job count.",CBCCI,https://www.conference-board.org/topics/consumer-confidence/index.cfm
labor force,labor force,US0142,Employment,Employed plus unemployed civilian noninstitutional people,BLS Employment Situation - CPS,Market shorthand,United States - national,Monthly,People,Not the whole working-age population.,CPS; EMPTECH; EMPTABLES,https://www.bls.gov/cps/definitions.htm | https://www.bls.gov/news.release/empsit.tn.htm | https://www.bls.gov/news.release/empsit.toc.htm
labor income share,labor income share,US0233,Wages and salaries,Labor compensation as a share of nominal output in the specified productivity sector,BLS Productivity and Costs,Ambiguous shorthand,United States - national,Quarterly,Percent / index,Sector and gross/net concept must be retained.,PRODUCTIVITY,https://www.bls.gov/news.release/prod2.htm
labor productivity,labor productivity,US0229,Wages and salaries,Real output per hour worked in the nonfarm business sector,BLS Productivity and Costs,Market shorthand,United States - national,Quarterly,Output-per-hour index / growth,Headline usually nonfarm business; not total GDP divided by payroll jobs.,PRODUCTIVITY,https://www.bls.gov/news.release/prod2.htm
labor share,labor share,US0233,Wages and salaries,Labor compensation as a share of nominal output in the specified productivity sector,BLS Productivity and Costs,Ambiguous shorthand,United States - national,Quarterly,Percent / index,Sector and gross/net concept must be retained.,PRODUCTIVITY,https://www.bls.gov/news.release/prod2.htm
labor-force reentrants,labor-force reentrants,US0166,Employment,Unemployed people who previously worked and returned to the labor force,BLS Employment Situation - CPS,Component label,United States - national,Monthly,People,A CPS unemployment-reason category.,CPS; EMPTECH; EMPTABLES,https://www.bls.gov/cps/definitions.htm | https://www.bls.gov/news.release/empsit.tn.htm | https://www.bls.gov/news.release/empsit.toc.htm
labor-market differential,labor-market differential,US0335,Surveys,Jobs-plentiful share minus jobs-hard-to-get share,The Conference Board Consumer Confidence Survey,Derived measure,United States - national,Monthly,Percentage points,"Percentage-point spread, not a job count.",CBCCI,https://www.conference-board.org/topics/consumer-confidence/index.cfm
labor-market flows,labor-market flows,US0193,Employment,CPS research series tracking month-to-month labor-force status,BLS CPS research gross flows,Research measure / shorthand,United States - national,Monthly,People / gross monthly flows,Counts and rates are different; state sequence matters.,CPSFLOWS,https://www.bls.gov/cps/cps_flows.htm
LAG,lag,US0461,Production data,Conference Board Lagging Economic Index for the United States,Conference Board business-cycle indicators,Market shorthand,United States - national,Monthly,Composite index,Composite of lagging indicators.,LEI,https://www.conference-board.org/topics/us-leading-indicators/index.cfm
lagging index,lagging index,US0461,Production data,Conference Board Lagging Economic Index for the United States,Conference Board business-cycle indicators,Market shorthand,United States - national,Monthly,Composite index,Composite of lagging indicators.,LEI,https://www.conference-board.org/topics/us-leading-indicators/index.cfm
lagging indicators,lagging indicators,US0461,Production data,Conference Board Lagging Economic Index for the United States,Conference Board business-cycle indicators,Market shorthand,United States - national,Monthly,Composite index,Composite of lagging indicators.,LEI,https://www.conference-board.org/topics/us-leading-indicators/index.cfm
layoff rate,layoff rate,US0182,Employment,JOLTS layoffs and discharges divided by employment,BLS JOLTS,Market shorthand,United States - national,Monthly,Percent,Not the CPS permanent-job-loser stock.,JOLTS,https://www.bls.gov/news.release/jolts.tn.htm
layoffs,layoffs,US0181,Employment,JOLTS layoffs and discharges,BLS JOLTS,Market shorthand,United States - national,Monthly,Separations,Employer-initiated separations; not claims or announcements.,JOLTS,https://www.bls.gov/news.release/jolts.tn.htm
layoffs and discharges,layoffs and discharges,US0181,Employment,JOLTS layoffs and discharges,BLS JOLTS,Market shorthand,United States - national,Monthly,Separations,Employer-initiated separations; not claims or announcements.,JOLTS,https://www.bls.gov/news.release/jolts.tn.htm
layoffs and discharges rate,layoffs and discharges rate,US0182,Employment,JOLTS layoffs and discharges divided by employment,BLS JOLTS,Market shorthand,United States - national,Monthly,Percent,Not the CPS permanent-job-loser stock.,JOLTS,https://www.bls.gov/news.release/jolts.tn.htm
leading index,leading index,US0459,Production data,Conference Board Leading Economic Index for the United States,Conference Board business-cycle indicators,Market shorthand,United States - national,Monthly,Composite index,Composite; not a single raw economic series.,LEI,https://www.conference-board.org/topics/us-leading-indicators/index.cfm
leading indicators,leading indicators,US0459,Production data,Conference Board Leading Economic Index for the United States,Conference Board business-cycle indicators,Market shorthand,United States - national,Monthly,Composite index,Composite; not a single raw economic series.,LEI,https://www.conference-board.org/topics/us-leading-indicators/index.cfm
LEI,lei,US0459,Production data,Conference Board Leading Economic Index for the United States,Conference Board business-cycle indicators,Market shorthand,United States - national,Monthly,Composite index,Composite; not a single raw economic series.,LEI,https://www.conference-board.org/topics/us-leading-indicators/index.cfm
leisure and hospitality jobs,leisure and hospitality jobs,US0124,Payrolls,CES leisure and hospitality employment,BLS Employment Situation - CES,Market shorthand,United States - national,Monthly,Jobs; usually reported in thousands,Includes arts/recreation and accommodation/food services.,CES; EMPTECH,https://www.bls.gov/ces/ | https://www.bls.gov/news.release/empsit.tn.htm
leisure jobs,leisure jobs,US0124,Payrolls,CES leisure and hospitality employment,BLS Employment Situation - CES,Market shorthand,United States - national,Monthly,Jobs; usually reported in thousands,Includes arts/recreation and accommodation/food services.,CES; EMPTECH,https://www.bls.gov/ces/ | https://www.bls.gov/news.release/empsit.tn.htm
less-than-five-week unemployed,less-than-five-week unemployed,US0169,Employment,Unemployed people out of work less than five weeks,BLS Employment Situation - CPS,Ambiguous shorthand,United States - national,Monthly,People,'Short-term' can have other cutoffs; preserve the cutoff.,CPS; EMPTECH; EMPTABLES,https://www.bls.gov/cps/definitions.htm | https://www.bls.gov/news.release/empsit.tn.htm | https://www.bls.gov/news.release/empsit.toc.htm
LF,lf,US0142,Employment,Employed plus unemployed civilian noninstitutional people,BLS Employment Situation - CPS,Market shorthand,United States - national,Monthly,People,Not the whole working-age population.,CPS; EMPTECH; EMPTABLES,https://www.bls.gov/cps/definitions.htm | https://www.bls.gov/news.release/empsit.tn.htm | https://www.bls.gov/news.release/empsit.toc.htm
LFPR,lfpr,US0143,Employment,Civilian labor force as a percent of the civilian noninstitutional population,BLS Employment Situation - CPS,Market shorthand,United States - national,Monthly,Percent of population,'Participation' needs population/age context.,CPS; EMPTECH; EMPTABLES,https://www.bls.gov/cps/definitions.htm | https://www.bls.gov/news.release/empsit.tn.htm | https://www.bls.gov/news.release/empsit.toc.htm
light truck sales,light truck sales,US0498,Retail trade data,Motor vehicle retail sales of light-weight trucks,BEA supplemental motor vehicle estimates,Market shorthand,United States - national,Monthly,Vehicle units / SAAR,Includes vehicles classified as light trucks; not heavy trucks.,AUTOS,https://fred.stlouisfed.org/tags/series?t=bea%3Bmonthly%3Bnation%3Bvehicles
light vehicle sales,light vehicle sales,US0495,Retail trade data,Sales of autos and light trucks in units,BEA supplemental motor vehicle estimates,Market shorthand,United States - national,Monthly,"Millions of vehicles, SAAR",Not Census auto-dealer dollar sales; broad market auto-sales shorthand often includes light trucks.,AUTOS,https://fred.stlouisfed.org/tags/series?t=bea%3Bmonthly%3Bnation%3Bvehicles
light-truck units,light-truck units,US0498,Retail trade data,Motor vehicle retail sales of light-weight trucks,BEA supplemental motor vehicle estimates,Market shorthand,United States - national,Monthly,Vehicle units / SAAR,Includes vehicles classified as light trucks; not heavy trucks.,AUTOS,https://fred.stlouisfed.org/tags/series?t=bea%3Bmonthly%3Bnation%3Bvehicles
light-vehicle SAAR,light-vehicle saar,US0495,Retail trade data,Sales of autos and light trucks in units,BEA supplemental motor vehicle estimates,Market shorthand,United States - national,Monthly,"Millions of vehicles, SAAR",Not Census auto-dealer dollar sales; broad market auto-sales shorthand often includes light trucks.,AUTOS,https://fred.stlouisfed.org/tags/series?t=bea%3Bmonthly%3Bnation%3Bvehicles
loan availability NFIB,loan availability nfib,US0353,Surveys,Small-business survey measures of borrowing availability/conditions,NFIB Small Business Economic Trends,Release / family label,United States - national,Monthly,Index / percent of firms / net percent,Multiple series; retain question and denominator.,NFIB; NFIBJOBS,https://www.nfib.com/wp-content/uploads/2026/09/NFIB-SBET-Report-August-2026.pdf | https://www.nfib.com/wp-content/uploads/2026/09/NFIB-August-2026-Jobs-Report.pdf
loan officer survey,loan officer survey,US0387,Surveys,Senior Loan Officer Opinion Survey on Bank Lending Practices,Federal Reserve Senior Loan Officer Opinion Survey,Release / family label,United States - national,Quarterly,Net percentage of responding banks,Survey family; not one index.,SLOOS,https://www.federalreserve.gov/data/sloos/sloos-202607-chart-data.htm
loan spreads,loan spreads,US0394,Surveys,Net share increasing loan-rate spreads over bank cost of funds,Federal Reserve Senior Loan Officer Opinion Survey,Component label,United States - national,Quarterly,Net percentage of responding banks,"Survey pricing terms, not corporate-bond credit spreads.",SLOOS,https://www.federalreserve.gov/data/sloos/sloos-202607-chart-data.htm
local jobs,local jobs,US0110,Payrolls,Local government employment in CES,BLS Employment Situation - CES,Component label,United States - national,Monthly,Jobs; usually reported in thousands,Includes local public education.,CES; EMPTECH,https://www.bls.gov/ces/ | https://www.bls.gov/news.release/empsit.tn.htm
local payrolls,local payrolls,US0110,Payrolls,Local government employment in CES,BLS Employment Situation - CES,Component label,United States - national,Monthly,Jobs; usually reported in thousands,Includes local public education.,CES; EMPTECH,https://www.bls.gov/ces/ | https://www.bls.gov/news.release/empsit.tn.htm
lodging,lodging,US0030,Price indexes,CPI lodging away from home,BLS Consumer Price Index,Market shorthand,United States - U.S. city average,Monthly,Index / percent change,Broader category than hotels alone.,CPIT2,https://www.bls.gov/news.release/cpi.t02.htm
lodging away from home,lodging away from home,US0030,Price indexes,CPI lodging away from home,BLS Consumer Price Index,Market shorthand,United States - U.S. city average,Monthly,Index / percent change,Broader category than hotels alone.,CPIT2,https://www.bls.gov/news.release/cpi.t02.htm
long-run dot,long-run dot,US0409,Surveys,Longer-run projected appropriate nominal federal funds rate,Federal Reserve Summary of Economic Projections,Market shorthand,United States - national,Quarterly projection rounds,Projection / percent,Not a market-implied terminal rate or automatically real r-star.,SEP,https://www.federalreserve.gov/monetarypolicy/files/fomcprojtabl20250917.pdf
long-term unemployed,long-term unemployed,US0168,Employment,Unemployed people out of work for 27 weeks or more,BLS Employment Situation - CPS,Market shorthand,United States - national,Monthly,People / share of unemployed,Level or share must be specified.,CPS; EMPTECH; EMPTABLES,https://www.bls.gov/cps/definitions.htm | https://www.bls.gov/news.release/empsit.tn.htm | https://www.bls.gov/news.release/empsit.toc.htm
longer-term expectations,longer-term expectations,US0340,Surveys,Michigan expected inflation over the next five to ten years,University of Michigan Surveys of Consumers,Market shorthand,United States - national,Monthly,Percent expected inflation,Do not shorten to a five-year market breakeven.,MICH,https://www.sca.isr.umich.edu/
LTU,ltu,US0168,Employment,Unemployed people out of work for 27 weeks or more,BLS Employment Situation - CPS,Market shorthand,United States - national,Monthly,People / share of unemployed,Level or share must be specified.,CPS; EMPTECH; EMPTABLES,https://www.bls.gov/cps/definitions.htm | https://www.bls.gov/news.release/empsit.tn.htm | https://www.bls.gov/news.release/empsit.toc.htm
LV sales,lv sales,US0495,Retail trade data,Sales of autos and light trucks in units,BEA supplemental motor vehicle estimates,Market shorthand,United States - national,Monthly,"Millions of vehicles, SAAR",Not Census auto-dealer dollar sales; broad market auto-sales shorthand often includes light trucks.,AUTOS,https://fred.stlouisfed.org/tags/series?t=bea%3Bmonthly%3Bnation%3Bvehicles
M,m,US0267,U.S. national accounts,Imports of goods and services in NIPA,BEA National Income and Product Accounts,Component label,United States - national,Quarterly / annual,Current or chained dollars; annual rates where published,Subtracted in GDP to remove foreign output included elsewhere.,GDP; NIPA,https://www.bea.gov/news/gdp-release-additional-information | https://www.bea.gov/resources/methodologies/nipa-handbook
M3,m3,US0499,Manufacturing orders,"Manufacturers' Shipments, Inventories and Orders survey","Census Manufacturers Shipments, Inventories and Orders (M3)",Release / family label,United States - national,Monthly,Series family,"Report family, not money supply M3.",M3DEF; DURABLES; M3TAB; TDCALENDAR,https://www.census.gov/manufacturing/m3/definitions/index.html | https://www.census.gov/manufacturing/m3/adv/pdf/durgd.pdf | https://www.census.gov/manufacturing/m3/prel/pdf/table5p.pdf | https://economics.td.com/domains/economics.td.com/documents/reports/bottom-line/tables/2026-09-04/recent.htm
machinery capex proxy,machinery capex proxy,US0516,Manufacturing orders,New orders for machinery,"Census Manufacturers Shipments, Inventories and Orders (M3)",Market shorthand,United States - national,Monthly,Nominal monthly dollars / percent change,"Industry category, not all business capital goods.",M3DEF; DURABLES; M3TAB; TDCALENDAR,https://www.census.gov/manufacturing/m3/definitions/index.html | https://www.census.gov/manufacturing/m3/adv/pdf/durgd.pdf | https://www.census.gov/manufacturing/m3/prel/pdf/table5p.pdf | https://economics.td.com/domains/economics.td.com/documents/reports/bottom-line/tables/2026-09-04/recent.htm
machinery orders,machinery orders,US0516,Manufacturing orders,New orders for machinery,"Census Manufacturers Shipments, Inventories and Orders (M3)",Market shorthand,United States - national,Monthly,Nominal monthly dollars / percent change,"Industry category, not all business capital goods.",M3DEF; DURABLES; M3TAB; TDCALENDAR,https://www.census.gov/manufacturing/m3/definitions/index.html | https://www.census.gov/manufacturing/m3/adv/pdf/durgd.pdf | https://www.census.gov/manufacturing/m3/prel/pdf/table5p.pdf | https://economics.td.com/domains/economics.td.com/documents/reports/bottom-line/tables/2026-09-04/recent.htm
Manheim,manheim,US0101,Price indexes,Manheim Used Vehicle Value Index,Cox Automotive / Manheim,Market shorthand,United States - national,Monthly,Index / growth,Wholesale auction values adjusted for mix/mileage; not retail used-car CPI.,MANHEIM,https://www.coxautoinc.com/wp-content/uploads/2024/02/Summary-Methodology-for-Manheim-Used-Vehicle-Value-Index-Jan-2024.pdf
Manheim used-car prices,manheim used-car prices,US0101,Price indexes,Manheim Used Vehicle Value Index,Cox Automotive / Manheim,Market shorthand,United States - national,Monthly,Index / growth,Wholesale auction values adjusted for mix/mileage; not retail used-car CPI.,MANHEIM,https://www.coxautoinc.com/wp-content/uploads/2024/02/Summary-Methodology-for-Manheim-Used-Vehicle-Value-Index-Jan-2024.pdf
manufacturers' inventories,manufacturers' inventories,US0523,Manufacturing orders,End-of-month inventories at manufacturing establishments,"Census Manufacturers Shipments, Inventories and Orders (M3)",Market shorthand,United States - national,Monthly,Nominal end-month dollars,Stock at cost; not the change-in-inventories GDP contribution.,M3DEF; DURABLES; M3TAB; TDCALENDAR,https://www.census.gov/manufacturing/m3/definitions/index.html | https://www.census.gov/manufacturing/m3/adv/pdf/durgd.pdf | https://www.census.gov/manufacturing/m3/prel/pdf/table5p.pdf | https://economics.td.com/domains/economics.td.com/documents/reports/bottom-line/tables/2026-09-04/recent.htm
manufacturers' inventories ISM,manufacturers' inventories ism,US0307,Surveys,ISM Manufacturing Inventories Index,ISM Manufacturing PMI Report,Component label,United States - national,Monthly,Diffusion / composite index,"Survey change measure, not inventory dollars.",ISM,https://www.ismworld.org/globalassets/pub/research-and-surveys/rob/pmi/nope202608pmi.pdf
manufacturers' orders report,manufacturers' orders report,US0499,Manufacturing orders,"Manufacturers' Shipments, Inventories and Orders survey","Census Manufacturers Shipments, Inventories and Orders (M3)",Release / family label,United States - national,Monthly,Series family,"Report family, not money supply M3.",M3DEF; DURABLES; M3TAB; TDCALENDAR,https://www.census.gov/manufacturing/m3/definitions/index.html | https://www.census.gov/manufacturing/m3/adv/pdf/durgd.pdf | https://www.census.gov/manufacturing/m3/prel/pdf/table5p.pdf | https://economics.td.com/domains/economics.td.com/documents/reports/bottom-line/tables/2026-09-04/recent.htm
manufacturing and trade inventories,manufacturing and trade inventories,US0488,Retail trade data,"End-of-month manufacturers', merchant wholesalers' and retailers' inventories",Census Manufacturing and Trade Inventories and Sales,Market shorthand,United States - national,Monthly,Nominal end-month dollars,"Stock, not the GDP change-in-inventories flow.",MTIS; RETAIL,https://www.census.gov/mtis/current/index.html | https://www.census.gov/retail/index.html
manufacturing and trade sales,manufacturing and trade sales,US0487,Retail trade data,Combined manufacturers' shipments and merchant wholesale and retail sales,Census Manufacturing and Trade Inventories and Sales,Market shorthand,United States - national,Monthly,Nominal monthly dollars,Not GDP; contains transactions at multiple distribution stages.,MTIS; RETAIL,https://www.census.gov/mtis/current/index.html | https://www.census.gov/retail/index.html
manufacturing ex autos,manufacturing ex autos,US0437,Production data,G.17 manufacturing excluding motor vehicles and parts,Federal Reserve G.17,Market shorthand,United States - national,Monthly,Real-output index / percent change,Autos exclusion here includes parts.,IP,https://www.federalreserve.gov/releases/g17/current/default.htm
manufacturing hours,manufacturing hours,US0209,Wages and salaries,CES average weekly hours in manufacturing,BLS CES hours and earnings,Market shorthand,United States - national,Monthly,Hours per week,Specify all employees or production workers.,CESTABLES; EMPTECH,https://www.bls.gov/ces/data/employment-and-earnings/2026/ | https://www.bls.gov/news.release/empsit.tn.htm
manufacturing IP,manufacturing ip,US0436,Production data,G.17 manufacturing production index,Federal Reserve G.17,Market shorthand,United States - national,Monthly,Real-output index / percent change,Real output; not factory-order or shipment dollars.,IP,https://www.federalreserve.gov/releases/g17/current/default.htm
manufacturing ISM,manufacturing ism,US0302,Surveys,ISM Manufacturing PMI,ISM Manufacturing PMI Report,Market shorthand,United States - national,Monthly,Diffusion / composite index,National manufacturing composite; NAPM is a legacy label. Not S&P's PMI.,ISM,https://www.ismworld.org/globalassets/pub/research-and-surveys/rob/pmi/nope202608pmi.pdf
manufacturing jobs,manufacturing jobs,US0114,Payrolls,CES manufacturing employment,BLS Employment Situation - CES,Market shorthand,United States - national,Monthly,Jobs; usually reported in thousands,Not the ISM employment diffusion index.,CES; EMPTECH,https://www.bls.gov/ces/ | https://www.bls.gov/news.release/empsit.tn.htm
manufacturing new orders ISM,manufacturing new orders ism,US0303,Surveys,ISM Manufacturing New Orders Index,ISM Manufacturing PMI Report,Component label,United States - national,Monthly,Diffusion / composite index,"Survey breadth, not Census order dollars.",ISM,https://www.ismworld.org/globalassets/pub/research-and-surveys/rob/pmi/nope202608pmi.pdf
manufacturing orders,manufacturing orders,US0500,Manufacturing orders,New orders for manufactured goods,"Census Manufacturers Shipments, Inventories and Orders (M3)",Market shorthand,United States - national,Monthly,Nominal monthly dollars / percent change,"Durable plus nondurable goods; nominal dollars, not order counts.",M3DEF; DURABLES; M3TAB; TDCALENDAR,https://www.census.gov/manufacturing/m3/definitions/index.html | https://www.census.gov/manufacturing/m3/adv/pdf/durgd.pdf | https://www.census.gov/manufacturing/m3/prel/pdf/table5p.pdf | https://economics.td.com/domains/economics.td.com/documents/reports/bottom-line/tables/2026-09-04/recent.htm
manufacturing overtime,manufacturing overtime,US0210,Wages and salaries,CES average weekly overtime hours in manufacturing,BLS CES hours and earnings,Market shorthand,United States - national,Monthly,Overtime hours per week,Not all hours worked beyond 40 across the economy.,CESTABLES; EMPTECH,https://www.bls.gov/ces/data/employment-and-earnings/2026/ | https://www.bls.gov/news.release/empsit.tn.htm
manufacturing prices paid,manufacturing prices paid,US0309,Surveys,ISM Manufacturing Prices Index,ISM Manufacturing PMI Report,Market shorthand,United States - national,Monthly,Diffusion / composite index,"Diffusion of input-price changes, not a percent inflation rate.",ISM,https://www.ismworld.org/globalassets/pub/research-and-surveys/rob/pmi/nope202608pmi.pdf
manufacturing production,manufacturing production,US0436,Production data,G.17 manufacturing production index,Federal Reserve G.17,Market shorthand,United States - national,Monthly,Real-output index / percent change,Real output; not factory-order or shipment dollars.,IP,https://www.federalreserve.gov/releases/g17/current/default.htm
manufacturing sales,manufacturing sales,US0518,Manufacturing orders,Manufacturers' shipments,"Census Manufacturers Shipments, Inventories and Orders (M3)",Market shorthand,United States - national,Monthly,Nominal monthly dollars / percent change,Dollar value of goods shipped/sold; not new orders or real output.,M3DEF; DURABLES; M3TAB; TDCALENDAR,https://www.census.gov/manufacturing/m3/definitions/index.html | https://www.census.gov/manufacturing/m3/adv/pdf/durgd.pdf | https://www.census.gov/manufacturing/m3/prel/pdf/table5p.pdf | https://economics.td.com/domains/economics.td.com/documents/reports/bottom-line/tables/2026-09-04/recent.htm
manufacturing utilization,manufacturing utilization,US0450,Production data,G.17 manufacturing capacity utilization,Federal Reserve G.17,Market shorthand,United States - national,Monthly,Percent of capacity,Not economy-wide resource utilization.,IP,https://www.federalreserve.gov/releases/g17/current/default.htm
marginal attachment,marginal attachment,US0150,Employment,"People outside the labor force who want and are available for work and searched within the prior 12 months, but not the prior four weeks",BLS Employment Situation - CPS,Component label,United States - national,Monthly,People,Apply BLS timing/availability criteria; not all nonparticipants wanting work.,CPS; EMPTECH; EMPTABLES,https://www.bls.gov/cps/definitions.htm | https://www.bls.gov/news.release/empsit.tn.htm | https://www.bls.gov/news.release/empsit.toc.htm
marginally attached,marginally attached,US0150,Employment,"People outside the labor force who want and are available for work and searched within the prior 12 months, but not the prior four weeks",BLS Employment Situation - CPS,Component label,United States - national,Monthly,People,Apply BLS timing/availability criteria; not all nonparticipants wanting work.,CPS; EMPTECH; EMPTABLES,https://www.bls.gov/cps/definitions.htm | https://www.bls.gov/news.release/empsit.tn.htm | https://www.bls.gov/news.release/empsit.toc.htm
market PCE prices,market pce prices,US0054,Price indexes,Market-based PCE chain-type price index,BEA Personal Income and Outlays / NIPA price tables,Market shorthand,United States - national,Monthly,Index / percent change,Excludes most imputed transactions; not a market-implied inflation forecast.,PCEPRICE; NIPA,https://www.bea.gov/data/personal-consumption-expenditures-price-index | https://www.bea.gov/resources/methodologies/nipa-handbook
market-based core PCE,market-based core pce,US0055,Price indexes,Market-based PCE price index excluding food and energy,BEA Personal Income and Outlays / NIPA price tables,Market shorthand,United States - national,Monthly,Index / percent change,Distinct from ordinary core PCE.,PCEPRICE; NIPA,https://www.bea.gov/data/personal-consumption-expenditures-price-index | https://www.bea.gov/resources/methodologies/nipa-handbook
market-based PCE,market-based pce,US0054,Price indexes,Market-based PCE chain-type price index,BEA Personal Income and Outlays / NIPA price tables,Market shorthand,United States - national,Monthly,Index / percent change,Excludes most imputed transactions; not a market-implied inflation forecast.,PCEPRICE; NIPA,https://www.bea.gov/data/personal-consumption-expenditures-price-index | https://www.bea.gov/resources/methodologies/nipa-handbook
Markit manufacturing PMI,markit manufacturing pmi,US0321,Surveys,S&P Global U.S. Manufacturing PMI,S&P Global U.S. PMI,Market shorthand,United States - national,Monthly,Diffusion / composite index,'PMI' alone is ambiguous with ISM and non-U.S. releases.,SPPMI,https://www.spglobal.com/market-intelligence/en/solutions/products/resources/pmi-faq
Markit services PMI,markit services pmi,US0322,Surveys,S&P Global U.S. Services Business Activity Index,S&P Global U.S. PMI,Market shorthand,United States - national,Monthly,Diffusion / composite index,Services headline measures activity; not ISM's services composite.,SPPMI,https://www.spglobal.com/market-intelligence/en/solutions/products/resources/pmi-faq
MARTS,marts,US0468,Retail trade data,Advance Monthly Retail Trade Survey estimates,Census Advance Monthly Sales for Retail and Food Services,Release / family label,United States - national,Monthly,Nominal sales dollars / monthly percent change,"Advance release family, not a unique store-category series.",RETAIL,https://www.census.gov/retail/index.html
materials and supplies,materials and supplies,US0524,Manufacturing orders,Manufacturing materials-and-supplies inventories,"Census Manufacturers Shipments, Inventories and Orders (M3)",Market shorthand,United States - national,Monthly,Nominal end-month dollars,Unprocessed raw and semifabricated inputs.,M3DEF; DURABLES; M3TAB; TDCALENDAR,https://www.census.gov/manufacturing/m3/definitions/index.html | https://www.census.gov/manufacturing/m3/adv/pdf/durgd.pdf | https://www.census.gov/manufacturing/m3/prel/pdf/table5p.pdf | https://economics.td.com/domains/economics.td.com/documents/reports/bottom-line/tables/2026-09-04/recent.htm
materials output,materials output,US0448,Production data,G.17 materials production,Federal Reserve G.17,Component label,United States - national,Monthly,Real-output index / percent change,"Intermediate material groups, not a commodity-price index.",IP,https://www.federalreserve.gov/releases/g17/current/default.htm
materials production,materials production,US0448,Production data,G.17 materials production,Federal Reserve G.17,Component label,United States - national,Monthly,Real-output index / percent change,"Intermediate material groups, not a commodity-price index.",IP,https://www.federalreserve.gov/releases/g17/current/default.htm
MBA apps,mba apps,US0417,Surveys,MBA Market Composite Index of mortgage application volume,MBA Weekly Mortgage Applications Survey,Market shorthand,United States - national,Weekly,Application volume index,"Applications, not completed home purchases or mortgage originations.",MBA,https://newslink.mba.org/mba-newslinks/2026/september/mba-newslink-thursday-sept-10-2026/mortgage-applications-decrease-in-latest-mba-weekly-survey/
MBA purchase index,mba purchase index,US0418,Surveys,MBA Purchase Index,MBA Weekly Mortgage Applications Survey,Market shorthand,United States - national,Weekly,Application volume index,Retain SA/NSA treatment.,MBA,https://newslink.mba.org/mba-newslinks/2026/september/mba-newslink-thursday-sept-10-2026/mortgage-applications-decrease-in-latest-mba-weekly-survey/
MBOS,mbos,US0361,Surveys,Manufacturing Business Outlook Survey current general activity index,Philadelphia Fed Manufacturing Business Outlook Survey,Market shorthand,United States - Third Federal Reserve District,Monthly,Diffusion index,Third District manufacturing; not a national or weighted headline PMI.,PHILLY,https://www.philadelphiafed.org/surveys-and-data/regional-economic-analysis/manufacturing-business-outlook-survey
MCT,mct,US0086,Price indexes,New York Fed Multivariate Core Trend inflation estimate,Federal Reserve alternative inflation measures,Model estimate,United States - national,Monthly,Index / percent change,"Model-based persistent component of core PCE, not another observed basket index.",MCT,https://www.newyorkfed.org/research/policy/mct
mean duration,mean duration,US0171,Employment,Mean duration of ongoing unemployment,BLS Employment Situation - CPS,Market shorthand,United States - national,Monthly,Weeks,Different from median duration.,CPS; EMPTECH; EMPTABLES,https://www.bls.gov/cps/definitions.htm | https://www.bls.gov/news.release/empsit.tn.htm | https://www.bls.gov/news.release/empsit.toc.htm
median CPI,median cpi,US0078,Price indexes,Cleveland Fed weighted-median CPI inflation,Federal Reserve alternative inflation measures,Published analytical measure,United States - national,Monthly,Index / percent change,Median component price change by expenditure weight; not median household inflation.,MEDCPI,https://www.clevelandfed.org/indicators-and-data/median-cpi
median dot,median dot,US0408,Surveys,Median participant projection for the specified rate horizon,Federal Reserve Summary of Economic Projections,Market shorthand,United States - national,Quarterly projection rounds,Projection / percent,Specify year and meeting vintage; not a consensus FOMC decision.,SEP,https://www.federalreserve.gov/monetarypolicy/files/fomcprojtabl20250917.pdf
median duration,median duration,US0170,Employment,Median duration of ongoing unemployment,BLS Employment Situation - CPS,Market shorthand,United States - national,Monthly,Weeks,Not the expected completed duration of a new unemployment spell.,CPS; EMPTECH; EMPTABLES,https://www.bls.gov/cps/definitions.htm | https://www.bls.gov/news.release/empsit.tn.htm | https://www.bls.gov/news.release/empsit.toc.htm
median Fed projection,median fed projection,US0408,Surveys,Median participant projection for the specified rate horizon,Federal Reserve Summary of Economic Projections,Market shorthand,United States - national,Quarterly projection rounds,Projection / percent,Specify year and meeting vintage; not a consensus FOMC decision.,SEP,https://www.federalreserve.gov/monetarypolicy/files/fomcprojtabl20250917.pdf
median jobless spell,median jobless spell,US0170,Employment,Median duration of ongoing unemployment,BLS Employment Situation - CPS,Market shorthand,United States - national,Monthly,Weeks,Not the expected completed duration of a new unemployment spell.,CPS; EMPTECH; EMPTABLES,https://www.bls.gov/cps/definitions.htm | https://www.bls.gov/news.release/empsit.tn.htm | https://www.bls.gov/news.release/empsit.toc.htm
median PCE,median pce,US0081,Price indexes,Cleveland Fed weighted-median PCE inflation,Federal Reserve alternative inflation measures,Published analytical measure,United States - national,Monthly,Index / percent change,Separate from Dallas trimmed-mean PCE.,MEDPCE,https://www.clevelandfed.org/indicators-and-data/median-pce-inflation
medical care inflation,medical care inflation,US0039,Price indexes,CPI medical care,BLS Consumer Price Index,Market shorthand,United States - U.S. city average,Monthly,Index / percent change,Medical-care goods and services; not total health spending.,CPIT2,https://www.bls.gov/news.release/cpi.t02.htm
medical care services,medical care services,US0041,Price indexes,CPI medical care services,BLS Consumer Price Index,Component label,United States - U.S. city average,Monthly,Index / percent change,Different coverage and weights from PCE health-care services.,CPIT2,https://www.bls.gov/news.release/cpi.t02.htm
medical commodities,medical commodities,US0040,Price indexes,CPI medical care commodities,BLS Consumer Price Index,Component label,United States - U.S. city average,Monthly,Index / percent change,Includes prescription and nonprescription drugs and medical equipment.,CPIT2,https://www.bls.gov/news.release/cpi.t02.htm
medical CPI,medical cpi,US0039,Price indexes,CPI medical care,BLS Consumer Price Index,Market shorthand,United States - U.S. city average,Monthly,Index / percent change,Medical-care goods and services; not total health spending.,CPIT2,https://www.bls.gov/news.release/cpi.t02.htm
medical goods,medical goods,US0040,Price indexes,CPI medical care commodities,BLS Consumer Price Index,Component label,United States - U.S. city average,Monthly,Index / percent change,Includes prescription and nonprescription drugs and medical equipment.,CPIT2,https://www.bls.gov/news.release/cpi.t02.htm
medical services,medical services,US0041,Price indexes,CPI medical care services,BLS Consumer Price Index,Component label,United States - U.S. city average,Monthly,Index / percent change,Different coverage and weights from PCE health-care services.,CPIT2,https://www.bls.gov/news.release/cpi.t02.htm
merchant wholesale sales,merchant wholesale sales,US0492,Retail trade data,Sales of merchant wholesalers in the Census wholesale series,Census Manufacturing and Trade Inventories and Sales,Market shorthand,United States - national,Monthly,Nominal monthly dollars,Not retail spending.,MTIS; RETAIL,https://www.census.gov/mtis/current/index.html | https://www.census.gov/retail/index.html
MFP,mfp,US0454,Production data,Output relative to combined measured inputs,BLS productivity measures,Market shorthand,United States - national,Annual (major sector series),Index / percent change,Model/measurement concept; specify business sector or industry.,PRODUCTIVITY; TFP,https://www.bls.gov/news.release/prod2.htm | https://www.bls.gov/productivity/home.htm
Michigan,michigan,US0336,Surveys,University of Michigan Index of Consumer Sentiment,University of Michigan Surveys of Consumers,Market shorthand,United States - national,Monthly,Index / response share,Preliminary/final vintages; distinct from Conference Board confidence.,MICH,https://www.sca.isr.umich.edu/
Michigan 1-year inflation,michigan 1-year inflation,US0339,Surveys,Median expected inflation over the next year in Michigan survey,University of Michigan Surveys of Consumers,Market shorthand,United States - national,Monthly,Percent expected inflation,"Survey expectations, not realized CPI inflation.",MICH,https://www.sca.isr.umich.edu/
Michigan current conditions,michigan current conditions,US0337,Surveys,University of Michigan Current Economic Conditions Index,University of Michigan Surveys of Consumers,Component label,United States - national,Monthly,Index / response share,Component of consumer sentiment.,MICH,https://www.sca.isr.umich.edu/
Michigan expectations,michigan expectations,US0338,Surveys,University of Michigan Index of Consumer Expectations,University of Michigan Surveys of Consumers,Component label,United States - national,Monthly,Index / response share,Not the Conference Board Expectations Index.,MICH,https://www.sca.isr.umich.edu/
Michigan long-run inflation,michigan long-run inflation,US0340,Surveys,Michigan expected inflation over the next five to ten years,University of Michigan Surveys of Consumers,Market shorthand,United States - national,Monthly,Percent expected inflation,Do not shorten to a five-year market breakeven.,MICH,https://www.sca.isr.umich.edu/
Michigan sentiment,michigan sentiment,US0336,Surveys,University of Michigan Index of Consumer Sentiment,University of Michigan Surveys of Consumers,Market shorthand,United States - national,Monthly,Index / response share,Preliminary/final vintages; distinct from Conference Board confidence.,MICH,https://www.sca.isr.umich.edu/
military aircraft orders,military aircraft orders,US0514,Manufacturing orders,New orders for defense aircraft and parts,"Census Manufacturers Shipments, Inventories and Orders (M3)",Market shorthand,United States - national,Monthly,Nominal monthly dollars / percent change,Not total defense capital goods.,M3DEF; DURABLES; M3TAB; TDCALENDAR,https://www.census.gov/manufacturing/m3/definitions/index.html | https://www.census.gov/manufacturing/m3/adv/pdf/durgd.pdf | https://www.census.gov/manufacturing/m3/prel/pdf/table5p.pdf | https://economics.td.com/domains/economics.td.com/documents/reports/bottom-line/tables/2026-09-04/recent.htm
mining IP,mining ip,US0440,Production data,G.17 mining production,Federal Reserve G.17,Component label,United States - national,Monthly,Real-output index / percent change,Includes extraction and related mining activity.,IP,https://www.federalreserve.gov/releases/g17/current/default.htm
mining output,mining output,US0440,Production data,G.17 mining production,Federal Reserve G.17,Component label,United States - national,Monthly,Real-output index / percent change,Includes extraction and related mining activity.,IP,https://www.federalreserve.gov/releases/g17/current/default.htm
MNI Chicago,mni chicago,US0329,Surveys,Chicago Business Barometer,S&P Global U.S. PMI,Market shorthand,United States - Chicago-area purchasing survey,Monthly,Diffusion / composite index,Regional purchasing survey across sectors; not Chicago Fed National Activity Index.,SPPMI,https://www.spglobal.com/market-intelligence/en/solutions/products/resources/pmi-faq
monthly retail trade,monthly retail trade,US0469,Retail trade data,Monthly Retail Trade Survey,Census Advance Monthly Sales for Retail and Food Services,Release / family label,United States - national,Monthly,Nominal sales dollars / monthly percent change,More complete monthly survey; specify sales or inventories.,RETAIL,https://www.census.gov/retail/index.html
moonlighters,moonlighters,US0161,Employment,Employed people holding more than one job,BLS Employment Situation - CPS,Market shorthand,United States - national,Monthly,People / share of employed,Each person counted once; a job count would differ.,CPS; EMPTECH; EMPTABLES,https://www.bls.gov/cps/definitions.htm | https://www.bls.gov/news.release/empsit.tn.htm | https://www.bls.gov/news.release/empsit.toc.htm
mortgage applications,mortgage applications,US0417,Surveys,MBA Market Composite Index of mortgage application volume,MBA Weekly Mortgage Applications Survey,Market shorthand,United States - national,Weekly,Application volume index,"Applications, not completed home purchases or mortgage originations.",MBA,https://newslink.mba.org/mba-newslinks/2026/september/mba-newslink-thursday-sept-10-2026/mortgage-applications-decrease-in-latest-mba-weekly-survey/
mortgage apps,mortgage apps,US0417,Surveys,MBA Market Composite Index of mortgage application volume,MBA Weekly Mortgage Applications Survey,Market shorthand,United States - national,Weekly,Application volume index,"Applications, not completed home purchases or mortgage originations.",MBA,https://newslink.mba.org/mba-newslinks/2026/september/mba-newslink-thursday-sept-10-2026/mortgage-applications-decrease-in-latest-mba-weekly-survey/
mortgage purchase applications,mortgage purchase applications,US0418,Surveys,MBA Purchase Index,MBA Weekly Mortgage Applications Survey,Market shorthand,United States - national,Weekly,Application volume index,Retain SA/NSA treatment.,MBA,https://newslink.mba.org/mba-newslinks/2026/september/mba-newslink-thursday-sept-10-2026/mortgage-applications-decrease-in-latest-mba-weekly-survey/
mortgage standards,mortgage standards,US0393,Surveys,Net tightening for the selected residential mortgage category,Federal Reserve Senior Loan Officer Opinion Survey,Component label,United States - national,Quarterly,Net percentage of responding banks,Mortgage product must be specified.,SLOOS,https://www.federalreserve.gov/data/sloos/sloos-202607-chart-data.htm
motor vehicles and parts output,motor vehicles and parts output,US0442,Production data,G.17 motor vehicles and parts production index,Federal Reserve G.17,Market shorthand,United States - national,Monthly,Real-output index / percent change,"Index, not vehicle assembly unit count.",IP,https://www.federalreserve.gov/releases/g17/current/default.htm
MRTS,mrts,US0469,Retail trade data,Monthly Retail Trade Survey,Census Advance Monthly Sales for Retail and Food Services,Release / family label,United States - national,Monthly,Nominal sales dollars / monthly percent change,More complete monthly survey; specify sales or inventories.,RETAIL,https://www.census.gov/retail/index.html
multifactor productivity,multifactor productivity,US0454,Production data,Output relative to combined measured inputs,BLS productivity measures,Market shorthand,United States - national,Annual (major sector series),Index / percent change,Model/measurement concept; specify business sector or industry.,PRODUCTIVITY; TFP,https://www.bls.gov/news.release/prod2.htm | https://www.bls.gov/productivity/home.htm
multiple jobholders,multiple jobholders,US0161,Employment,Employed people holding more than one job,BLS Employment Situation - CPS,Market shorthand,United States - national,Monthly,People / share of employed,Each person counted once; a job count would differ.,CPS; EMPTECH; EMPTABLES,https://www.bls.gov/cps/definitions.htm | https://www.bls.gov/news.release/empsit.tn.htm | https://www.bls.gov/news.release/empsit.toc.htm
multivariate core trend,multivariate core trend,US0086,Price indexes,New York Fed Multivariate Core Trend inflation estimate,Federal Reserve alternative inflation measures,Model estimate,United States - national,Monthly,Index / percent change,"Model-based persistent component of core PCE, not another observed basket index.",MCT,https://www.newyorkfed.org/research/policy/mct
MUVVI,muvvi,US0101,Price indexes,Manheim Used Vehicle Value Index,Cox Automotive / Manheim,Market shorthand,United States - national,Monthly,Index / growth,Wholesale auction values adjusted for mix/mileage; not retail used-car CPI.,MANHEIM,https://www.coxautoinc.com/wp-content/uploads/2024/02/Summary-Methodology-for-Manheim-Used-Vehicle-Value-Index-Jan-2024.pdf
N-to-E,n-to-e,US0197,Employment,People moving from not in the labor force to employed,BLS CPS research gross flows,Research measure / shorthand,United States - national,Monthly,People / gross monthly flows,A source of hiring outside the unemployed pool.,CPSFLOWS,https://www.bls.gov/cps/cps_flows.htm
N-to-N,n-to-n,US0202,Employment,People outside the labor force in both consecutive monthly observations,BLS CPS research gross flows,Research measure / shorthand,United States - national,Monthly,People / gross monthly flows,"Continuing status, not a flow into nonparticipation.",CPSFLOWS,https://www.bls.gov/cps/cps_flows.htm
N-to-U,n-to-u,US0199,Employment,People moving from not in the labor force to unemployed,BLS CPS research gross flows,Research measure / shorthand,United States - national,Monthly,People / gross monthly flows,"Entrants to measured unemployment, not necessarily job losers.",CPSFLOWS,https://www.bls.gov/cps/cps_flows.htm
NAHB,nahb,US0413,Surveys,NAHB/Wells Fargo Housing Market Index,NAHB/Wells Fargo Housing Market Index,Market shorthand,United States - national,Monthly,Diffusion / composite index,"Survey of single-family homebuilders, not actual housing starts.",NAHB,https://www.nahb.org/News-and-Economics/Housing-Economics/Indices/Housing-Market-Index
NAPM,napm,US0302,Surveys,ISM Manufacturing PMI,ISM Manufacturing PMI Report,Market shorthand,United States - national,Monthly,Diffusion / composite index,National manufacturing composite; NAPM is a legacy label. Not S&P's PMI.,ISM,https://www.ismworld.org/globalassets/pub/research-and-surveys/rob/pmi/nope202608pmi.pdf
national accounts,national accounts,US0237,U.S. national accounts,U.S. National Income and Product Accounts,BEA National Income and Product Accounts,Release / family label,United States - national,Quarterly / annual,Series family,"A system of accounts, not a unique time series.",GDP; NIPA,https://www.bea.gov/news/gdp-release-additional-information | https://www.bea.gov/resources/methodologies/nipa-handbook
national defense,national defense,US0262,U.S. national accounts,Federal national-defense consumption expenditures and gross investment,BEA National Income and Product Accounts,Market shorthand,United States - national,Quarterly / annual,Current or chained dollars; annual rates where published,Not Census defense capital-goods orders.,GDP; NIPA,https://www.bea.gov/news/gdp-release-additional-information | https://www.bea.gov/resources/methodologies/nipa-handbook
national home price index CS,national home price index cs,US0096,Price indexes,Case-Shiller U.S. National Home Price Index,S&P Cotality Case-Shiller indices,Market shorthand,United States - national,Monthly,Index / growth,Not the 20-city composite; preserve SA/NSA version.,CASESHILLER,https://press.spglobal.com/2026-04-28-S-P-Cotality-Case-Shiller-Index-Reports-Annual-Gain-in-January-2026
national income,national income,US0247,U.S. national accounts,"Net income earned in production by U.S. residents, as defined in NIPA",BEA National Income and Product Accounts,Official acronym,United States - national,Quarterly / annual,Current or chained dollars; annual rates where published,Not synonymous with personal income.,GDP; NIPA,https://www.bea.gov/news/gdp-release-additional-information | https://www.bea.gov/resources/methodologies/nipa-handbook
national product,national product,US0245,U.S. national accounts,Gross national product,BEA National Income and Product Accounts,Official acronym,United States - national,Quarterly / annual,Current or chained dollars; annual rates where published,GDP plus income receipts from abroad less income payments to abroad.,GDP; NIPA,https://www.bea.gov/news/gdp-release-additional-information | https://www.bea.gov/resources/methodologies/nipa-handbook
native-born employment,native-born employment,US0173,Employment,CPS employment of native-born people,BLS Employment Situation - CPS,Component label,United States - national,Monthly,People,"Use BLS nativity definition, not citizenship alone.",CPS; EMPTECH; EMPTABLES,https://www.bls.gov/cps/definitions.htm | https://www.bls.gov/news.release/empsit.tn.htm | https://www.bls.gov/news.release/empsit.toc.htm
natural gas CPI,natural gas cpi,US0025,Price indexes,CPI utility (piped) gas service,BLS Consumer Price Index,Market shorthand,United States - U.S. city average,Monthly,Index / percent change,"Household gas service, not wholesale natural-gas prices.",CPIT2,https://www.bls.gov/news.release/cpi.t02.htm
NBOS,nbos,US0369,Surveys,Nonmanufacturing Business Outlook Survey,Philadelphia Fed Nonmanufacturing Business Outlook Survey,Release / family label,United States - Third Federal Reserve District,Monthly,Diffusion indexes,Identify regional activity versus firm-level activity; not the manufacturing survey.,PHILLYNM,https://www.philadelphiafed.org/surveys-and-data/regional-economic-analysis/nonmanufacturing-business-outlook-survey
NDCGXA orders,ndcgxa orders,US0506,Manufacturing orders,New orders for nondefense capital goods excluding aircraft,"Census Manufacturers Shipments, Inventories and Orders (M3)",Market shorthand,United States - national,Monthly,Nominal monthly dollars / percent change,Standard business-equipment orders proxy; not all durable goods ex transport.,M3DEF; DURABLES; M3TAB; TDCALENDAR,https://www.census.gov/manufacturing/m3/definitions/index.html | https://www.census.gov/manufacturing/m3/adv/pdf/durgd.pdf | https://www.census.gov/manufacturing/m3/prel/pdf/table5p.pdf | https://economics.td.com/domains/economics.td.com/documents/reports/bottom-line/tables/2026-09-04/recent.htm
NDCGXA shipments,ndcgxa shipments,US0507,Manufacturing orders,Shipments of nondefense capital goods excluding aircraft,"Census Manufacturers Shipments, Inventories and Orders (M3)",Market shorthand,United States - national,Monthly,Nominal monthly dollars / percent change,"Shipments, not orders; GDP equipment input, not an exact GDP identity.",M3DEF; DURABLES; M3TAB; TDCALENDAR,https://www.census.gov/manufacturing/m3/definitions/index.html | https://www.census.gov/manufacturing/m3/adv/pdf/durgd.pdf | https://www.census.gov/manufacturing/m3/prel/pdf/table5p.pdf | https://economics.td.com/domains/economics.td.com/documents/reports/bottom-line/tables/2026-09-04/recent.htm
NDP,ndp,US0246,U.S. national accounts,GDP less consumption of fixed capital,BEA National Income and Product Accounts,Official acronym,United States - national,Quarterly / annual,Current or chained dollars; annual rates where published,"Net of depreciation, unlike GDP.",GDP; NIPA,https://www.bea.gov/news/gdp-release-additional-information | https://www.bea.gov/resources/methodologies/nipa-handbook
NE,ne,US0197,Employment,People moving from not in the labor force to employed,BLS CPS research gross flows,Research measure / shorthand,United States - national,Monthly,People / gross monthly flows,A source of hiring outside the unemployed pool.,CPSFLOWS,https://www.bls.gov/cps/cps_flows.htm
net birth-death adjustment,net birth-death adjustment,US0131,Payrolls,CES modeled net business birth-death employment adjustment,BLS Employment Situation - CES diagnostics,Statistical adjustment,United States - national,Monthly,"Jobs, generally NSA component","Business openings/closures, not human births/deaths; not a stand-alone jobs count.",EMPTECH; CESTABLES,https://www.bls.gov/news.release/empsit.tn.htm | https://www.bls.gov/ces/data/employment-and-earnings/2026/
net domestic product,net domestic product,US0246,U.S. national accounts,GDP less consumption of fixed capital,BEA National Income and Product Accounts,Official acronym,United States - national,Quarterly / annual,Current or chained dollars; annual rates where published,"Net of depreciation, unlike GDP.",GDP; NIPA,https://www.bea.gov/news/gdp-release-additional-information | https://www.bea.gov/resources/methodologies/nipa-handbook
net exports,net exports,US0265,U.S. national accounts,Exports less imports of goods and services,BEA National Income and Product Accounts,Ambiguous shorthand,United States - national,Quarterly / annual,Current or chained dollars; annual rates where published,"'Trade contribution' means its contribution to GDP growth, not necessarily the level.",GDP; NIPA,https://www.bea.gov/news/gdp-release-additional-information | https://www.bea.gov/resources/methodologies/nipa-handbook
new cars,new cars,US0032,Price indexes,CPI new vehicles,BLS Consumer Price Index,Market shorthand,United States - U.S. city average,Monthly,Index / percent change,Includes more than passenger cars.,CPIT2,https://www.bls.gov/news.release/cpi.t02.htm
new entrants,new entrants,US0167,Employment,Unemployed people who have never previously worked,BLS Employment Situation - CPS,Market shorthand,United States - national,Monthly,People,Not all new payroll hires.,CPS; EMPTECH; EMPTABLES,https://www.bls.gov/cps/definitions.htm | https://www.bls.gov/news.release/empsit.tn.htm | https://www.bls.gov/news.release/empsit.toc.htm
new export orders ISM,new export orders ism,US0311,Surveys,ISM Manufacturing New Export Orders Index,ISM Manufacturing PMI Report,Component label,United States - national,Monthly,Diffusion / composite index,Not customs export values.,ISM,https://www.ismworld.org/globalassets/pub/research-and-surveys/rob/pmi/nope202608pmi.pdf
new orders PMI,new orders pmi,US0327,Surveys,S&P Global U.S. sector new-business / new-orders index,S&P Global U.S. PMI,Component label,United States - national,Monthly,Diffusion / composite index,Sector and provider required.,SPPMI,https://www.spglobal.com/market-intelligence/en/solutions/products/resources/pmi-faq
new vehicles CPI,new vehicles cpi,US0032,Price indexes,CPI new vehicles,BLS Consumer Price Index,Market shorthand,United States - U.S. city average,Monthly,Index / percent change,Includes more than passenger cars.,CPIT2,https://www.bls.gov/news.release/cpi.t02.htm
New York Fed consumer expectations,new york fed consumer expectations,US0395,Surveys,Survey of Consumer Expectations,New York Fed Survey of Consumer Expectations,Release / family label,United States - national,Monthly,Percent expected growth / probability,Survey family; distinguish from Empire State.,SCE,https://www.newyorkfed.org/microeconomics/sceIndex/index.html
New York Fed manufacturing,new york fed manufacturing,US0354,Surveys,Empire State Manufacturing Survey general business conditions index,New York Fed Empire State Manufacturing Survey,Market shorthand,United States - New York State,Monthly,Diffusion index,"New York State survey; headline is a direct question, not a weighted composite.",EMPIRE,https://www.newyorkfed.org/survey/empire/empiresurvey_overview
New York Fed services,new york fed services,US0432,Surveys,New York Fed regional service-sector Business Leaders Survey,New York Fed Business Leaders Survey,Release / family label,United States - New York / northern New Jersey / southwestern Connecticut,Monthly,Diffusion indexes,"BLS in this context can mean Business Leaders Survey, not Bureau of Labor Statistics.",NYBLS,https://www.newyorkfed.org/survey/business_leaders/bls_overview
new-tenant rent,new-tenant rent,US0087,Price indexes,Research CPI: New Tenant Rent,BLS rent research series,Research / paused,United States - national,Quarterly (publication paused),Index / percent change,Publication paused in April 2026; not the monthly CPI rent index.,NTR,https://www.bls.gov/cpi/research-series/r-cpi-ntr.htm
NFB hours worked,nfb hours worked,US0453,Production data,Total hours worked used in nonfarm-business productivity,BLS productivity measures,Market shorthand,United States - national,Quarterly,Index / percent change,Different from CES private aggregate paid hours.,PRODUCTIVITY; TFP,https://www.bls.gov/news.release/prod2.htm | https://www.bls.gov/productivity/home.htm
NFB output,nfb output,US0452,Production data,Real output of the nonfarm business sector,BLS productivity measures,Market shorthand,United States - national,Quarterly,Index / percent change,Productivity-sector coverage differs from GDP and industrial production.,PRODUCTIVITY; TFP,https://www.bls.gov/news.release/prod2.htm | https://www.bls.gov/productivity/home.htm
NFB productivity,nfb productivity,US0229,Wages and salaries,Real output per hour worked in the nonfarm business sector,BLS Productivity and Costs,Market shorthand,United States - national,Quarterly,Output-per-hour index / growth,Headline usually nonfarm business; not total GDP divided by payroll jobs.,PRODUCTIVITY,https://www.bls.gov/news.release/prod2.htm
NFIB,nfib,US0341,Surveys,NFIB Small Business Optimism Index,NFIB Small Business Economic Trends,Market shorthand,United States - national,Monthly,Index / percent of firms / net percent,Composite index; survey represents NFIB small-business respondents.,NFIB; NFIBJOBS,https://www.nfib.com/wp-content/uploads/2026/09/NFIB-SBET-Report-August-2026.pdf | https://www.nfib.com/wp-content/uploads/2026/09/NFIB-August-2026-Jobs-Report.pdf
NFIB capex plans,nfib capex plans,US0351,Surveys,Share planning capital outlays,NFIB Small Business Economic Trends,Component label,United States - national,Monthly,Index / percent of firms / net percent,Not GDP business fixed investment.,NFIB; NFIBJOBS,https://www.nfib.com/wp-content/uploads/2026/09/NFIB-SBET-Report-August-2026.pdf | https://www.nfib.com/wp-content/uploads/2026/09/NFIB-August-2026-Jobs-Report.pdf
NFIB compensation,nfib compensation,US0345,Surveys,Net share reporting increased worker compensation,NFIB Small Business Economic Trends,Component label,United States - national,Monthly,Index / percent of firms / net percent,"Response breadth, not measured percentage wage growth.",NFIB; NFIBJOBS,https://www.nfib.com/wp-content/uploads/2026/09/NFIB-SBET-Report-August-2026.pdf | https://www.nfib.com/wp-content/uploads/2026/09/NFIB-August-2026-Jobs-Report.pdf
NFIB compensation plans,nfib compensation plans,US0346,Surveys,Net share planning to raise compensation,NFIB Small Business Economic Trends,Component label,United States - national,Monthly,Index / percent of firms / net percent,"Future plans, not current ECI.",NFIB; NFIBJOBS,https://www.nfib.com/wp-content/uploads/2026/09/NFIB-SBET-Report-August-2026.pdf | https://www.nfib.com/wp-content/uploads/2026/09/NFIB-August-2026-Jobs-Report.pdf
NFIB credit conditions,nfib credit conditions,US0353,Surveys,Small-business survey measures of borrowing availability/conditions,NFIB Small Business Economic Trends,Release / family label,United States - national,Monthly,Index / percent of firms / net percent,Multiple series; retain question and denominator.,NFIB; NFIBJOBS,https://www.nfib.com/wp-content/uploads/2026/09/NFIB-SBET-Report-August-2026.pdf | https://www.nfib.com/wp-content/uploads/2026/09/NFIB-August-2026-Jobs-Report.pdf
NFIB good time to expand,nfib good time to expand,US0352,Surveys,Share saying now is a good time to expand,NFIB Small Business Economic Trends,Component label,United States - national,Monthly,Index / percent of firms / net percent,Different from hiring or capital-spending plans.,NFIB; NFIBJOBS,https://www.nfib.com/wp-content/uploads/2026/09/NFIB-SBET-Report-August-2026.pdf | https://www.nfib.com/wp-content/uploads/2026/09/NFIB-August-2026-Jobs-Report.pdf
NFIB hiring plans,nfib hiring plans,US0343,Surveys,Net share planning to increase employment,NFIB Small Business Economic Trends,Component label,United States - national,Monthly,Index / percent of firms / net percent,"Plans, not observed payroll changes.",NFIB; NFIBJOBS,https://www.nfib.com/wp-content/uploads/2026/09/NFIB-SBET-Report-August-2026.pdf | https://www.nfib.com/wp-content/uploads/2026/09/NFIB-August-2026-Jobs-Report.pdf
NFIB openings,nfib openings,US0344,Surveys,Share of firms with job openings they cannot fill,NFIB Small Business Economic Trends,Market shorthand,United States - national,Monthly,Index / percent of firms / net percent,Not JOLTS openings or the household jobless rate.,NFIB; NFIBJOBS,https://www.nfib.com/wp-content/uploads/2026/09/NFIB-SBET-Report-August-2026.pdf | https://www.nfib.com/wp-content/uploads/2026/09/NFIB-August-2026-Jobs-Report.pdf
NFIB optimism,nfib optimism,US0341,Surveys,NFIB Small Business Optimism Index,NFIB Small Business Economic Trends,Market shorthand,United States - national,Monthly,Index / percent of firms / net percent,Composite index; survey represents NFIB small-business respondents.,NFIB; NFIBJOBS,https://www.nfib.com/wp-content/uploads/2026/09/NFIB-SBET-Report-August-2026.pdf | https://www.nfib.com/wp-content/uploads/2026/09/NFIB-August-2026-Jobs-Report.pdf
NFIB price plans,nfib price plans,US0348,Surveys,Net share planning price increases,NFIB Small Business Economic Trends,Component label,United States - national,Monthly,Index / percent of firms / net percent,Distinct from actual selling-price changes.,NFIB; NFIBJOBS,https://www.nfib.com/wp-content/uploads/2026/09/NFIB-SBET-Report-August-2026.pdf | https://www.nfib.com/wp-content/uploads/2026/09/NFIB-August-2026-Jobs-Report.pdf
NFIB prices,nfib prices,US0347,Surveys,Net share raising average selling prices,NFIB Small Business Economic Trends,Market shorthand,United States - national,Monthly,Index / percent of firms / net percent,"Net response balance, not an inflation rate.",NFIB; NFIBJOBS,https://www.nfib.com/wp-content/uploads/2026/09/NFIB-SBET-Report-August-2026.pdf | https://www.nfib.com/wp-content/uploads/2026/09/NFIB-August-2026-Jobs-Report.pdf
NFIB sales,nfib sales,US0349,Surveys,Net share reporting higher real sales over the specified comparison period,NFIB Small Business Economic Trends,Component label,United States - national,Monthly,Index / percent of firms / net percent,"Reported survey assessment, not Census retail dollars.",NFIB; NFIBJOBS,https://www.nfib.com/wp-content/uploads/2026/09/NFIB-SBET-Report-August-2026.pdf | https://www.nfib.com/wp-content/uploads/2026/09/NFIB-August-2026-Jobs-Report.pdf
NFIB sales expectations,nfib sales expectations,US0350,Surveys,Net share expecting higher real sales,NFIB Small Business Economic Trends,Component label,United States - national,Monthly,Index / percent of firms / net percent,"Expected sales, not actual sales.",NFIB; NFIBJOBS,https://www.nfib.com/wp-content/uploads/2026/09/NFIB-SBET-Report-August-2026.pdf | https://www.nfib.com/wp-content/uploads/2026/09/NFIB-August-2026-Jobs-Report.pdf
NFIB uncertainty,nfib uncertainty,US0342,Surveys,NFIB Uncertainty Index,NFIB Small Business Economic Trends,Component label,United States - national,Monthly,Index / percent of firms / net percent,Different from the optimism index.,NFIB; NFIBJOBS,https://www.nfib.com/wp-content/uploads/2026/09/NFIB-SBET-Report-August-2026.pdf | https://www.nfib.com/wp-content/uploads/2026/09/NFIB-August-2026-Jobs-Report.pdf
NFP,nfp,US0102,Payrolls,Total nonfarm payroll employment,BLS Employment Situation - CES,Market shorthand,United States - national,Monthly,Jobs; usually reported in thousands,"Jobs, not distinct people; news headlines usually quote its monthly net change.",CES; EMPTECH,https://www.bls.gov/ces/ | https://www.bls.gov/news.release/empsit.tn.htm
NGDP,ngdp,US0240,U.S. national accounts,Gross domestic product at current prices,BEA National Income and Product Accounts,Market shorthand,United States - national,Quarterly / annual,Current or chained dollars; annual rates where published,Changes reflect quantities and prices.,GDP; NIPA,https://www.bea.gov/news/gdp-release-additional-information | https://www.bea.gov/resources/methodologies/nipa-handbook
NHCS,nhcs,US0056,Price indexes,PCE services prices excluding energy and housing,BEA / Federal Reserve inflation analysis,Market shorthand,United States - national,Monthly,Index / percent change,PCE convention; 'supercore' is not a universal cross-release definition.,PCESUPER; PCESUPERSER,https://www.frbsf.org/research-and-insights/data-and-indicators/pce-inflation-contributions-from-goods-and-services/ | https://fred.stlouisfed.org/series/IA001260M
NI,ni,US0247,U.S. national accounts,"Net income earned in production by U.S. residents, as defined in NIPA",BEA National Income and Product Accounts,Official acronym,United States - national,Quarterly / annual,Current or chained dollars; annual rates where published,Not synonymous with personal income.,GDP; NIPA,https://www.bea.gov/news/gdp-release-additional-information | https://www.bea.gov/resources/methodologies/nipa-handbook
NILF,nilf,US0148,Employment,People not in the civilian labor force,BLS Employment Situation - CPS,Market shorthand,United States - national,Monthly,People,"Includes retirees, students and others; not all are unemployed.",CPS; EMPTECH; EMPTABLES,https://www.bls.gov/cps/definitions.htm | https://www.bls.gov/news.release/empsit.tn.htm | https://www.bls.gov/news.release/empsit.toc.htm
NILF wanting work,nilf wanting work,US0149,Employment,People outside the labor force who currently want a job,BLS Employment Situation - CPS,Market shorthand,United States - national,Monthly,People,Broader than the marginally attached group.,CPS; EMPTECH; EMPTABLES,https://www.bls.gov/cps/definitions.htm | https://www.bls.gov/news.release/empsit.tn.htm | https://www.bls.gov/news.release/empsit.toc.htm
NIPA,nipa,US0237,U.S. national accounts,U.S. National Income and Product Accounts,BEA National Income and Product Accounts,Release / family label,United States - national,Quarterly / annual,Series family,"A system of accounts, not a unique time series.",GDP; NIPA,https://www.bea.gov/news/gdp-release-additional-information | https://www.bea.gov/resources/methodologies/nipa-handbook
NLF,nlf,US0148,Employment,People not in the civilian labor force,BLS Employment Situation - CPS,Market shorthand,United States - national,Monthly,People,"Includes retirees, students and others; not all are unemployed.",CPS; EMPTECH; EMPTABLES,https://www.bls.gov/cps/definitions.htm | https://www.bls.gov/news.release/empsit.tn.htm | https://www.bls.gov/news.release/empsit.toc.htm
NMI,nmi,US0314,Surveys,ISM Services PMI,ISM Services PMI Report,Market shorthand,United States - national,Monthly,Diffusion / composite index,"Formerly Non-Manufacturing; four-component composite, not S&P Services PMI.",ISM,https://www.ismworld.org/globalassets/pub/research-and-surveys/rob/pmi/nope202608pmi.pdf
NN,nn,US0202,Employment,People outside the labor force in both consecutive monthly observations,BLS CPS research gross flows,Research measure / shorthand,United States - national,Monthly,People / gross monthly flows,"Continuing status, not a flow into nonparticipation.",CPSFLOWS,https://www.bls.gov/cps/cps_flows.htm
nominal consumption,nominal consumption,US0280,U.S. national accounts,Personal consumption expenditures at current prices,BEA Personal Income and Outlays,Market shorthand,United States - national,Monthly / quarterly,Current or chained dollars; usually SAAR,"Includes goods and services, imputed items and third-party spending within BEA scope.",PIO; NIPA,https://www.bea.gov/news/pio-release-additional-information | https://www.bea.gov/resources/methodologies/nipa-handbook
nominal GDP,nominal gdp,US0240,U.S. national accounts,Gross domestic product at current prices,BEA National Income and Product Accounts,Market shorthand,United States - national,Quarterly / annual,Current or chained dollars; annual rates where published,Changes reflect quantities and prices.,GDP; NIPA,https://www.bea.gov/news/gdp-release-additional-information | https://www.bea.gov/resources/methodologies/nipa-handbook
nominal PCE,nominal pce,US0280,U.S. national accounts,Personal consumption expenditures at current prices,BEA Personal Income and Outlays,Market shorthand,United States - national,Monthly / quarterly,Current or chained dollars; usually SAAR,"Includes goods and services, imputed items and third-party spending within BEA scope.",PIO; NIPA,https://www.bea.gov/news/pio-release-additional-information | https://www.bea.gov/resources/methodologies/nipa-handbook
non-manufacturing ISM,non-manufacturing ism,US0314,Surveys,ISM Services PMI,ISM Services PMI Report,Market shorthand,United States - national,Monthly,Diffusion / composite index,"Formerly Non-Manufacturing; four-component composite, not S&P Services PMI.",ISM,https://www.ismworld.org/globalassets/pub/research-and-surveys/rob/pmi/nope202608pmi.pdf
nonag export prices,nonag export prices,US0077,Price indexes,U.S. nonagricultural export price index,BLS International Price Program,Market shorthand,United States - national,Monthly,Index / percent change,Not necessarily an ex-energy aggregate.,IPP; IPPDATA,https://www.bls.gov/mxp/ | https://www.bls.gov/mxp/data/
nondefense aircraft orders,nondefense aircraft orders,US0513,Manufacturing orders,New orders for nondefense aircraft and parts,"Census Manufacturers Shipments, Inventories and Orders (M3)",Market shorthand,United States - national,Monthly,Nominal monthly dollars / percent change,Census measure is not identical to Boeing's company orders.,M3DEF; DURABLES; M3TAB; TDCALENDAR,https://www.census.gov/manufacturing/m3/definitions/index.html | https://www.census.gov/manufacturing/m3/adv/pdf/durgd.pdf | https://www.census.gov/manufacturing/m3/prel/pdf/table5p.pdf | https://economics.td.com/domains/economics.td.com/documents/reports/bottom-line/tables/2026-09-04/recent.htm
nondefense capex orders,nondefense capex orders,US0510,Manufacturing orders,New orders for nondefense capital goods,"Census Manufacturers Shipments, Inventories and Orders (M3)",Market shorthand,United States - national,Monthly,Nominal monthly dollars / percent change,Includes aircraft unless explicitly excluded.,M3DEF; DURABLES; M3TAB; TDCALENDAR,https://www.census.gov/manufacturing/m3/definitions/index.html | https://www.census.gov/manufacturing/m3/adv/pdf/durgd.pdf | https://www.census.gov/manufacturing/m3/prel/pdf/table5p.pdf | https://economics.td.com/domains/economics.td.com/documents/reports/bottom-line/tables/2026-09-04/recent.htm
nondefense capital goods orders,nondefense capital goods orders,US0510,Manufacturing orders,New orders for nondefense capital goods,"Census Manufacturers Shipments, Inventories and Orders (M3)",Market shorthand,United States - national,Monthly,Nominal monthly dollars / percent change,Includes aircraft unless explicitly excluded.,M3DEF; DURABLES; M3TAB; TDCALENDAR,https://www.census.gov/manufacturing/m3/definitions/index.html | https://www.census.gov/manufacturing/m3/adv/pdf/durgd.pdf | https://www.census.gov/manufacturing/m3/prel/pdf/table5p.pdf | https://economics.td.com/domains/economics.td.com/documents/reports/bottom-line/tables/2026-09-04/recent.htm
nondefense ex air,nondefense ex air,US0506,Manufacturing orders,New orders for nondefense capital goods excluding aircraft,"Census Manufacturers Shipments, Inventories and Orders (M3)",Market shorthand,United States - national,Monthly,Nominal monthly dollars / percent change,Standard business-equipment orders proxy; not all durable goods ex transport.,M3DEF; DURABLES; M3TAB; TDCALENDAR,https://www.census.gov/manufacturing/m3/definitions/index.html | https://www.census.gov/manufacturing/m3/adv/pdf/durgd.pdf | https://www.census.gov/manufacturing/m3/prel/pdf/table5p.pdf | https://economics.td.com/domains/economics.td.com/documents/reports/bottom-line/tables/2026-09-04/recent.htm
nondefense spending GDP,nondefense spending gdp,US0263,U.S. national accounts,Federal nondefense consumption expenditures and gross investment,BEA National Income and Product Accounts,Component label,United States - national,Quarterly / annual,Current or chained dollars; annual rates where published,Not the full federal government GDP component.,GDP; NIPA,https://www.bea.gov/news/gdp-release-additional-information | https://www.bea.gov/resources/methodologies/nipa-handbook
nondurable goods CPI,nondurable goods cpi,US0015,Price indexes,CPI-U nondurable goods,BLS Consumer Price Index,Component label,United States - U.S. city average,Monthly,Index / percent change,Includes food and energy goods.,CPI; CPIT3,https://www.bls.gov/cpi/ | https://www.bls.gov/news.release/cpi.t03.htm
nondurable manufacturing output,nondurable manufacturing output,US0439,Production data,G.17 nondurable-goods manufacturing production,Federal Reserve G.17,Component label,United States - national,Monthly,Real-output index / percent change,Not consumer nondurable spending.,IP,https://www.federalreserve.gov/releases/g17/current/default.htm
nondurable manufacturing payrolls,nondurable manufacturing payrolls,US0116,Payrolls,CES nondurable-goods manufacturing employment,BLS Employment Situation - CES,Component label,United States - national,Monthly,Jobs; usually reported in thousands,Industry employment.,CES; EMPTECH,https://www.bls.gov/ces/ | https://www.bls.gov/news.release/empsit.tn.htm
nondurable orders,nondurable orders,US0505,Manufacturing orders,New orders for nondurable manufactured goods,"Census Manufacturers Shipments, Inventories and Orders (M3)",Market shorthand,United States - national,Monthly,Nominal monthly dollars / percent change,Often estimated from shipments where order backlogs are not meaningful.,M3DEF; DURABLES; M3TAB; TDCALENDAR,https://www.census.gov/manufacturing/m3/definitions/index.html | https://www.census.gov/manufacturing/m3/adv/pdf/durgd.pdf | https://www.census.gov/manufacturing/m3/prel/pdf/table5p.pdf | https://economics.td.com/domains/economics.td.com/documents/reports/bottom-line/tables/2026-09-04/recent.htm
nondurable production,nondurable production,US0439,Production data,G.17 nondurable-goods manufacturing production,Federal Reserve G.17,Component label,United States - national,Monthly,Real-output index / percent change,Not consumer nondurable spending.,IP,https://www.federalreserve.gov/releases/g17/current/default.htm
nondurable shipments,nondurable shipments,US0520,Manufacturing orders,Shipments of nondurable manufactured goods,"Census Manufacturers Shipments, Inventories and Orders (M3)",Market shorthand,United States - national,Monthly,Nominal monthly dollars / percent change,Not retail nondurable spending.,M3DEF; DURABLES; M3TAB; TDCALENDAR,https://www.census.gov/manufacturing/m3/definitions/index.html | https://www.census.gov/manufacturing/m3/adv/pdf/durgd.pdf | https://www.census.gov/manufacturing/m3/prel/pdf/table5p.pdf | https://economics.td.com/domains/economics.td.com/documents/reports/bottom-line/tables/2026-09-04/recent.htm
nondurable spending,nondurable spending,US0283,U.S. national accounts,PCE on nondurable goods,BEA Personal Income and Outlays,Market shorthand,United States - national,Monthly / quarterly,Current or chained dollars; usually SAAR,Not nondurable manufacturing shipments.,PIO; NIPA,https://www.bea.gov/news/pio-release-additional-information | https://www.bea.gov/resources/methodologies/nipa-handbook
nondurable-goods deflator,nondurable-goods deflator,US0049,Price indexes,PCE nondurable goods chain-type price index,BEA Personal Income and Outlays / NIPA price tables,Component label,United States - national,Monthly,Index / percent change,Includes food and energy goods.,PCEPRICE; NIPA,https://www.bea.gov/data/personal-consumption-expenditures-price-index | https://www.bea.gov/resources/methodologies/nipa-handbook
nondurables consumption,nondurables consumption,US0283,U.S. national accounts,PCE on nondurable goods,BEA Personal Income and Outlays,Market shorthand,United States - national,Monthly / quarterly,Current or chained dollars; usually SAAR,Not nondurable manufacturing shipments.,PIO; NIPA,https://www.bea.gov/news/pio-release-additional-information | https://www.bea.gov/resources/methodologies/nipa-handbook
nondurables jobs,nondurables jobs,US0116,Payrolls,CES nondurable-goods manufacturing employment,BLS Employment Situation - CES,Component label,United States - national,Monthly,Jobs; usually reported in thousands,Industry employment.,CES; EMPTECH,https://www.bls.gov/ces/ | https://www.bls.gov/news.release/empsit.tn.htm
nondurables orders,nondurables orders,US0505,Manufacturing orders,New orders for nondurable manufactured goods,"Census Manufacturers Shipments, Inventories and Orders (M3)",Market shorthand,United States - national,Monthly,Nominal monthly dollars / percent change,Often estimated from shipments where order backlogs are not meaningful.,M3DEF; DURABLES; M3TAB; TDCALENDAR,https://www.census.gov/manufacturing/m3/definitions/index.html | https://www.census.gov/manufacturing/m3/adv/pdf/durgd.pdf | https://www.census.gov/manufacturing/m3/prel/pdf/table5p.pdf | https://economics.td.com/domains/economics.td.com/documents/reports/bottom-line/tables/2026-09-04/recent.htm
nondurables sales,nondurables sales,US0520,Manufacturing orders,Shipments of nondurable manufactured goods,"Census Manufacturers Shipments, Inventories and Orders (M3)",Market shorthand,United States - national,Monthly,Nominal monthly dollars / percent change,Not retail nondurable spending.,M3DEF; DURABLES; M3TAB; TDCALENDAR,https://www.census.gov/manufacturing/m3/definitions/index.html | https://www.census.gov/manufacturing/m3/adv/pdf/durgd.pdf | https://www.census.gov/manufacturing/m3/prel/pdf/table5p.pdf | https://economics.td.com/domains/economics.td.com/documents/reports/bottom-line/tables/2026-09-04/recent.htm
nonfarm business hours,nonfarm business hours,US0453,Production data,Total hours worked used in nonfarm-business productivity,BLS productivity measures,Market shorthand,United States - national,Quarterly,Index / percent change,Different from CES private aggregate paid hours.,PRODUCTIVITY; TFP,https://www.bls.gov/news.release/prod2.htm | https://www.bls.gov/productivity/home.htm
nonfarm business output,nonfarm business output,US0452,Production data,Real output of the nonfarm business sector,BLS productivity measures,Market shorthand,United States - national,Quarterly,Index / percent change,Productivity-sector coverage differs from GDP and industrial production.,PRODUCTIVITY; TFP,https://www.bls.gov/news.release/prod2.htm | https://www.bls.gov/productivity/home.htm
nonfarm payrolls,nonfarm payrolls,US0102,Payrolls,Total nonfarm payroll employment,BLS Employment Situation - CES,Market shorthand,United States - national,Monthly,Jobs; usually reported in thousands,"Jobs, not distinct people; news headlines usually quote its monthly net change.",CES; EMPTECH,https://www.bls.gov/ces/ | https://www.bls.gov/news.release/empsit.tn.htm
nonfuel import prices,nonfuel import prices,US0073,Price indexes,U.S. import price index excluding fuels,BLS International Price Program,Market shorthand,United States - national,Monthly,Index / percent change,"'Core import prices' may mean this, but verify exclusions.",IPP; IPPDATA,https://www.bls.gov/mxp/ | https://www.bls.gov/mxp/data/
nonhousing core services,nonhousing core services,US0056,Price indexes,PCE services prices excluding energy and housing,BEA / Federal Reserve inflation analysis,Market shorthand,United States - national,Monthly,Index / percent change,PCE convention; 'supercore' is not a universal cross-release definition.,PCESUPER; PCESUPERSER,https://www.frbsf.org/research-and-insights/data-and-indicators/pce-inflation-contributions-from-goods-and-services/ | https://fred.stlouisfed.org/series/IA001260M
nonhousing core services CPI,nonhousing core services cpi,US0010,Price indexes,CPI services excluding energy services and shelter,BLS Consumer Price Index,Derived measure,United States - U.S. city average,Monthly,Index / percent change,Desk-derived convention; confirm exact exclusions. Not all-items core ex shelter.,CPI; CPIT3,https://www.bls.gov/cpi/ | https://www.bls.gov/news.release/cpi.t03.htm
nonparticipants,nonparticipants,US0148,Employment,People not in the civilian labor force,BLS Employment Situation - CPS,Market shorthand,United States - national,Monthly,People,"Includes retirees, students and others; not all are unemployed.",CPS; EMPTECH; EMPTABLES,https://www.bls.gov/cps/definitions.htm | https://www.bls.gov/news.release/empsit.tn.htm | https://www.bls.gov/news.release/empsit.toc.htm
nonparticipation to employment,nonparticipation to employment,US0197,Employment,People moving from not in the labor force to employed,BLS CPS research gross flows,Research measure / shorthand,United States - national,Monthly,People / gross monthly flows,A source of hiring outside the unemployed pool.,CPSFLOWS,https://www.bls.gov/cps/cps_flows.htm
nonparticipation to unemployment,nonparticipation to unemployment,US0199,Employment,People moving from not in the labor force to unemployed,BLS CPS research gross flows,Research measure / shorthand,United States - national,Monthly,People / gross monthly flows,"Entrants to measured unemployment, not necessarily job losers.",CPSFLOWS,https://www.bls.gov/cps/cps_flows.htm
nonresidential fixed investment,nonresidential fixed investment,US0251,U.S. national accounts,Private nonresidential fixed investment,BEA National Income and Product Accounts,Market shorthand,United States - national,Quarterly / annual,Current or chained dollars; annual rates where published,"Structures, equipment and intellectual property products; not all firms' financial investments.",GDP; NIPA,https://www.bea.gov/news/gdp-release-additional-information | https://www.bea.gov/resources/methodologies/nipa-handbook
nonresidential structures,nonresidential structures,US0254,U.S. national accounts,Private nonresidential investment in structures,BEA National Income and Product Accounts,Market shorthand,United States - national,Quarterly / annual,Current or chained dollars; annual rates where published,Not all Census construction spending.,GDP; NIPA,https://www.bea.gov/news/gdp-release-additional-information | https://www.bea.gov/resources/methodologies/nipa-handbook
nonstore sales,nonstore sales,US0474,Retail trade data,Sales of nonstore retailers,Census Advance Monthly Sales for Retail and Food Services,Market shorthand,United States - national,Monthly,Nominal sales dollars / monthly percent change,Not identical to e-commerce: channel versus establishment classification.,RETAIL,https://www.census.gov/retail/index.html
nonsupervisory wages,nonsupervisory wages,US0206,Wages and salaries,Average hourly earnings of production and nonsupervisory employees,BLS CES hours and earnings,Market shorthand,United States - national,Monthly,Dollars per hour,Different workforce from all-employee AHE.,CESTABLES; EMPTECH,https://www.bls.gov/ces/data/employment-and-earnings/2026/ | https://www.bls.gov/news.release/empsit.tn.htm
nonwage compensation,nonwage compensation,US0292,U.S. national accounts,Employer pension/insurance contributions and employer contributions for government social insurance,BEA Personal Income and Outlays,Market shorthand,United States - national,Monthly / quarterly,Current or chained dollars; usually SAAR,Not a wage-and-salary component.,PIO; NIPA,https://www.bea.gov/news/pio-release-additional-information | https://www.bea.gov/resources/methodologies/nipa-handbook
NRFI,nrfi,US0251,U.S. national accounts,Private nonresidential fixed investment,BEA National Income and Product Accounts,Market shorthand,United States - national,Quarterly / annual,Current or chained dollars; annual rates where published,"Structures, equipment and intellectual property products; not all firms' financial investments.",GDP; NIPA,https://www.bea.gov/news/gdp-release-additional-information | https://www.bea.gov/resources/methodologies/nipa-handbook
NTR,ntr,US0087,Price indexes,Research CPI: New Tenant Rent,BLS rent research series,Research / paused,United States - national,Quarterly (publication paused),Index / percent change,Publication paused in April 2026; not the monthly CPI rent index.,NTR,https://www.bls.gov/cpi/research-series/r-cpi-ntr.htm
NTRR,ntrr,US0087,Price indexes,Research CPI: New Tenant Rent,BLS rent research series,Research / paused,United States - national,Quarterly (publication paused),Index / percent change,Publication paused in April 2026; not the monthly CPI rent index.,NTR,https://www.bls.gov/cpi/research-series/r-cpi-ntr.htm
NU,nu,US0199,Employment,People moving from not in the labor force to unemployed,BLS CPS research gross flows,Research measure / shorthand,United States - national,Monthly,People / gross monthly flows,"Entrants to measured unemployment, not necessarily job losers.",CPSFLOWS,https://www.bls.gov/cps/cps_flows.htm
NX,nx,US0265,U.S. national accounts,Exports less imports of goods and services,BEA National Income and Product Accounts,Ambiguous shorthand,United States - national,Quarterly / annual,Current or chained dollars; annual rates where published,"'Trade contribution' means its contribution to GDP growth, not necessarily the level.",GDP; NIPA,https://www.bea.gov/news/gdp-release-additional-information | https://www.bea.gov/resources/methodologies/nipa-handbook
NY Fed 1-year inflation,ny fed 1-year inflation,US0396,Surveys,Median one-year-ahead expected inflation,New York Fed Survey of Consumer Expectations,Component label,United States - national,Monthly,Percent expected growth / probability,Not University of Michigan expectations.,SCE,https://www.newyorkfed.org/microeconomics/sceIndex/index.html
NY Fed 3-year inflation,ny fed 3-year inflation,US0397,Surveys,Median three-year-ahead expected inflation,New York Fed Survey of Consumer Expectations,Component label,United States - national,Monthly,Percent expected growth / probability,Horizon is not the next three-year cumulative price change.,SCE,https://www.newyorkfed.org/microeconomics/sceIndex/index.html
NY Fed 5-year inflation,ny fed 5-year inflation,US0398,Surveys,Median five-year-ahead expected inflation,New York Fed Survey of Consumer Expectations,Component label,United States - national,Monthly,Percent expected growth / probability,Not a market 5y5y forward inflation rate.,SCE,https://www.newyorkfed.org/microeconomics/sceIndex/index.html
NY Fed expectations,ny fed expectations,US0395,Surveys,Survey of Consumer Expectations,New York Fed Survey of Consumer Expectations,Release / family label,United States - national,Monthly,Percent expected growth / probability,Survey family; distinguish from Empire State.,SCE,https://www.newyorkfed.org/microeconomics/sceIndex/index.html
NY manufacturing,ny manufacturing,US0354,Surveys,Empire State Manufacturing Survey general business conditions index,New York Fed Empire State Manufacturing Survey,Market shorthand,United States - New York State,Monthly,Diffusion index,"New York State survey; headline is a direct question, not a weighted composite.",EMPIRE,https://www.newyorkfed.org/survey/empire/empiresurvey_overview
NY services,ny services,US0432,Surveys,New York Fed regional service-sector Business Leaders Survey,New York Fed Business Leaders Survey,Release / family label,United States - New York / northern New Jersey / southwestern Connecticut,Monthly,Diffusion indexes,"BLS in this context can mean Business Leaders Survey, not Bureau of Labor Statistics.",NYBLS,https://www.newyorkfed.org/survey/business_leaders/bls_overview
OER,oer,US0029,Price indexes,CPI owners' equivalent rent of residences,BLS Consumer Price Index,Market shorthand,United States - U.S. city average,Monthly,Index / percent change,"Rental value of owner-occupied housing, not mortgage payments or house prices.",CPIT2,https://www.bls.gov/news.release/cpi.t02.htm
old headline PPI,old headline ppi,US0071,Price indexes,PPI finished goods,BLS Producer Price Index,Legacy label,United States - national,Monthly,Index / percent change,"Historical headline concept, not the modern final-demand aggregate.",PPI; PPIHOME,https://www.bls.gov/news.release/archives/ppi_09102026.htm | https://www.bls.gov/ppi/
on temporary layoff,on temporary layoff,US0164,Employment,Unemployed people on temporary layoff,BLS Employment Situation - CPS,Market shorthand,United States - national,Monthly,People,"Stock of people awaiting recall, not monthly layoff announcements.",CPS; EMPTECH; EMPTABLES,https://www.bls.gov/cps/definitions.htm | https://www.bls.gov/news.release/empsit.tn.htm | https://www.bls.gov/news.release/empsit.toc.htm
one-year inflation expectations,one-year inflation expectations,US0339,Surveys,Median expected inflation over the next year in Michigan survey,University of Michigan Surveys of Consumers,Market shorthand,United States - national,Monthly,Percent expected inflation,"Survey expectations, not realized CPI inflation.",MICH,https://www.sca.isr.umich.edu/
online penetration,online penetration,US0486,Retail trade data,Retail e-commerce sales as a share of total retail sales,Census Quarterly Retail E-Commerce Sales,Derived / published share,United States - national,Quarterly,Percent,"Denominator is retail sales, not total consumer spending.",ECOMMERCE,https://www.census.gov/retail/ecommerce.html
online retail sales,online retail sales,US0485,Retail trade data,Census retail e-commerce sales,Census Quarterly Retail E-Commerce Sales,Market shorthand,United States - national,Quarterly,Nominal sales dollars,"Ordering channel, not all nonstore sales; can include online sales by store retailers.",ECOMMERCE,https://www.census.gov/retail/ecommerce.html
online sales proxy,online sales proxy,US0474,Retail trade data,Sales of nonstore retailers,Census Advance Monthly Sales for Retail and Food Services,Market shorthand,United States - national,Monthly,Nominal sales dollars / monthly percent change,Not identical to e-commerce: channel versus establishment classification.,RETAIL,https://www.census.gov/retail/index.html
openings,openings,US0175,Employment,JOLTS job openings,BLS JOLTS,Market shorthand,United States - national,Monthly,Positions,Unfilled positions meeting BLS criteria on the last business day of the month.,JOLTS,https://www.bls.gov/news.release/jolts.tn.htm
openings rate,openings rate,US0176,Employment,Job openings divided by employment plus openings,BLS JOLTS,Market shorthand,United States - national,Monthly,Percent,Different denominator from hires and separations rates.,JOLTS,https://www.bls.gov/news.release/jolts.tn.htm
openings-to-unemployed,openings-to-unemployed,US0186,Employment,JOLTS openings divided by CPS unemployed people,BLS JOLTS,Derived measure,United States - national,Monthly,Ratio,Analyst ratio joining two releases; match time period and adjustment.,JOLTS,https://www.bls.gov/news.release/jolts.tn.htm
operating rate,operating rate,US0449,Production data,G.17 total industry capacity utilization,Federal Reserve G.17,Market shorthand,United States - national,Monthly,Percent of capacity,Output relative to sustainable capacity; specify industry.,IP,https://www.federalreserve.gov/releases/g17/current/default.htm
order backlog,order backlog,US0521,Manufacturing orders,End-of-month unfilled manufacturers' orders,"Census Manufacturers Shipments, Inventories and Orders (M3)",Market shorthand,United States - national,Monthly,Nominal end-month dollars,"Stock of outstanding orders, not the monthly flow of new orders.",M3DEF; DURABLES; M3TAB; TDCALENDAR,https://www.census.gov/manufacturing/m3/definitions/index.html | https://www.census.gov/manufacturing/m3/adv/pdf/durgd.pdf | https://www.census.gov/manufacturing/m3/prel/pdf/table5p.pdf | https://economics.td.com/domains/economics.td.com/documents/reports/bottom-line/tables/2026-09-04/recent.htm
order backlog ISM,order backlog ism,US0310,Surveys,ISM Manufacturing Backlog of Orders Index,ISM Manufacturing PMI Report,Component label,United States - national,Monthly,Diffusion / composite index,"Survey index, not dollar-valued Census unfilled orders.",ISM,https://www.ismworld.org/globalassets/pub/research-and-surveys/rob/pmi/nope202608pmi.pdf
order books,order books,US0521,Manufacturing orders,End-of-month unfilled manufacturers' orders,"Census Manufacturers Shipments, Inventories and Orders (M3)",Market shorthand,United States - national,Monthly,Nominal end-month dollars,"Stock of outstanding orders, not the monthly flow of new orders.",M3DEF; DURABLES; M3TAB; TDCALENDAR,https://www.census.gov/manufacturing/m3/definitions/index.html | https://www.census.gov/manufacturing/m3/adv/pdf/durgd.pdf | https://www.census.gov/manufacturing/m3/prel/pdf/table5p.pdf | https://economics.td.com/domains/economics.td.com/documents/reports/bottom-line/tables/2026-09-04/recent.htm
orders-inventories gap,orders-inventories gap,US0313,Surveys,ISM New Orders Index minus ISM Inventories Index,ISM Manufacturing PMI Report,Derived measure,United States - national,Monthly,Index-point difference,Analyst spread; specify own inventories versus customers' inventories.,ISM,https://www.ismworld.org/globalassets/pub/research-and-surveys/rob/pmi/nope202608pmi.pdf
orders-to-shipments,orders-to-shipments,US0529,Manufacturing orders,New orders divided by shipments in the specified manufacturing category,"Census Manufacturers Shipments, Inventories and Orders (M3)",Derived measure,United States - national,Monthly,Ratio,Book-to-bill is also used for company/industry data; not one unique U.S. series.,M3DEF; DURABLES; M3TAB; TDCALENDAR,https://www.census.gov/manufacturing/m3/definitions/index.html | https://www.census.gov/manufacturing/m3/adv/pdf/durgd.pdf | https://www.census.gov/manufacturing/m3/prel/pdf/table5p.pdf | https://economics.td.com/domains/economics.td.com/documents/reports/bottom-line/tables/2026-09-04/recent.htm
other separations,other separations,US0185,Employment,JOLTS other separations,BLS JOLTS,Component label,United States - national,Monthly,Separations,"Includes retirement, death, disability and transfers as defined by BLS.",JOLTS,https://www.bls.gov/news.release/jolts.tn.htm
output,output,US0238,U.S. national accounts,Gross domestic product,BEA National Income and Product Accounts,Market shorthand,United States - national,Quarterly / annual,Current or chained dollars; annual rates where published,Market 'GDP growth' normally refers to real GDP; 'output' alone is ambiguous.,GDP; NIPA,https://www.bea.gov/news/gdp-release-additional-information | https://www.bea.gov/resources/methodologies/nipa-handbook
output per hour,output per hour,US0229,Wages and salaries,Real output per hour worked in the nonfarm business sector,BLS Productivity and Costs,Market shorthand,United States - national,Quarterly,Output-per-hour index / growth,Headline usually nonfarm business; not total GDP divided by payroll jobs.,PRODUCTIVITY,https://www.bls.gov/news.release/prod2.htm
outside the labor force,outside the labor force,US0148,Employment,People not in the civilian labor force,BLS Employment Situation - CPS,Market shorthand,United States - national,Monthly,People,"Includes retirees, students and others; not all are unemployed.",CPS; EMPTECH; EMPTABLES,https://www.bls.gov/cps/definitions.htm | https://www.bls.gov/news.release/empsit.tn.htm | https://www.bls.gov/news.release/empsit.toc.htm
overtime,overtime,US0210,Wages and salaries,CES average weekly overtime hours in manufacturing,BLS CES hours and earnings,Market shorthand,United States - national,Monthly,Overtime hours per week,Not all hours worked beyond 40 across the economy.,CESTABLES; EMPTECH,https://www.bls.gov/ces/data/employment-and-earnings/2026/ | https://www.bls.gov/news.release/empsit.tn.htm
owners' equivalent rent,owners' equivalent rent,US0029,Price indexes,CPI owners' equivalent rent of residences,BLS Consumer Price Index,Market shorthand,United States - U.S. city average,Monthly,Index / percent change,"Rental value of owner-occupied housing, not mortgage payments or house prices.",CPIT2,https://www.bls.gov/news.release/cpi.t02.htm
PA EPOP,pa epop,US0146,Employment,Employment-population ratio for ages 25-54,BLS Employment Situation - CPS,Market shorthand,United States - national,Monthly,Percent of population ages 25-54,Not participation or the employment level.,CPS; EMPTECH; EMPTABLES,https://www.bls.gov/cps/definitions.htm | https://www.bls.gov/news.release/empsit.tn.htm | https://www.bls.gov/news.release/empsit.toc.htm
PA LFPR,pa lfpr,US0145,Employment,Labor-force participation rate for ages 25-54,BLS Employment Situation - CPS,Market shorthand,United States - national,Monthly,Percent of population ages 25-54,Prime age is 25-54 in standard U.S. labor commentary.,CPS; EMPTECH; EMPTABLES,https://www.bls.gov/cps/definitions.htm | https://www.bls.gov/news.release/empsit.tn.htm | https://www.bls.gov/news.release/empsit.toc.htm
PA UR,pa ur,US0147,Employment,Unemployment rate for ages 25-54,BLS Employment Situation - CPS,Market shorthand,United States - national,Monthly,Percent of labor force ages 25-54,Denominator is the age group's labor force.,CPS; EMPTECH; EMPTABLES,https://www.bls.gov/cps/definitions.htm | https://www.bls.gov/news.release/empsit.tn.htm | https://www.bls.gov/news.release/empsit.toc.htm
part-time employment,part-time employment,US0160,Employment,Employed people who usually work fewer than 35 hours per week,BLS Employment Situation - CPS,Market shorthand,United States - national,Monthly,People,Usual-hours classification differs from people at work part time in reference week.,CPS; EMPTECH; EMPTABLES,https://www.bls.gov/cps/definitions.htm | https://www.bls.gov/news.release/empsit.tn.htm | https://www.bls.gov/news.release/empsit.toc.htm
part-time for economic reasons,part-time for economic reasons,US0157,Employment,People working part time for economic reasons,BLS Employment Situation - CPS,Market shorthand,United States - national,Monthly,People,Usually want and are available for full-time work; distinguish actual/usual-hours series.,CPS; EMPTECH; EMPTABLES,https://www.bls.gov/cps/definitions.htm | https://www.bls.gov/news.release/empsit.tn.htm | https://www.bls.gov/news.release/empsit.toc.htm
part-time for noneconomic reasons,part-time for noneconomic reasons,US0158,Employment,People working part time for noneconomic reasons,BLS Employment Situation - CPS,Market shorthand,United States - national,Monthly,People,'Voluntary' is a shorthand for the BLS category.,CPS; EMPTECH; EMPTABLES,https://www.bls.gov/cps/definitions.htm | https://www.bls.gov/news.release/empsit.tn.htm | https://www.bls.gov/news.release/empsit.toc.htm
participation,participation,US0143,Employment,Civilian labor force as a percent of the civilian noninstitutional population,BLS Employment Situation - CPS,Market shorthand,United States - national,Monthly,Percent of population,'Participation' needs population/age context.,CPS; EMPTECH; EMPTABLES,https://www.bls.gov/cps/definitions.htm | https://www.bls.gov/news.release/empsit.tn.htm | https://www.bls.gov/news.release/empsit.toc.htm
participation rate,participation rate,US0143,Employment,Civilian labor force as a percent of the civilian noninstitutional population,BLS Employment Situation - CPS,Market shorthand,United States - national,Monthly,Percent of population,'Participation' needs population/age context.,CPS; EMPTECH; EMPTABLES,https://www.bls.gov/cps/definitions.htm | https://www.bls.gov/news.release/empsit.tn.htm | https://www.bls.gov/news.release/empsit.toc.htm
passenger car sales,passenger car sales,US0497,Retail trade data,Domestic and foreign auto sales in units,BEA supplemental motor vehicle estimates,Market shorthand,United States - national,Monthly,Vehicle units / SAAR,"Cars alone, not light trucks; retain exact series coverage.",AUTOS,https://fred.stlouisfed.org/tags/series?t=bea%3Bmonthly%3Bnation%3Bvehicles
PAT,pat,US0272,U.S. national accounts,Corporate profits after corporate income taxes,BEA National Income and Product Accounts,Official acronym,United States - national,Quarterly / annual,Current or chained dollars; annual rates where published,Retain adjustment basis; not S&P 500 earnings.,GDP; NIPA,https://www.bea.gov/news/gdp-release-additional-information | https://www.bea.gov/resources/methodologies/nipa-handbook
payroll benchmark,payroll benchmark,US0130,Payrolls,Annual CES employment benchmark adjustment,BLS Employment Situation - CES diagnostics,Statistical adjustment,United States - national,Monthly,Jobs / percent revision,"Revision to the employment level against administrative counts, not one month's hiring.",EMPTECH; CESTABLES,https://www.bls.gov/news.release/empsit.tn.htm | https://www.bls.gov/ces/data/employment-and-earnings/2026/
payroll diffusion,payroll diffusion,US0132,Payrolls,CES diffusion index of private-industry employment changes,BLS Employment Situation - CES diagnostics,Published analytical measure,United States - national,Monthly,Diffusion index,"Share rising plus half unchanged; specify one-, three-, six- or twelve-month window.",EMPTECH; CESTABLES,https://www.bls.gov/news.release/empsit.tn.htm | https://www.bls.gov/ces/data/employment-and-earnings/2026/
payroll employment,payroll employment,US0102,Payrolls,Total nonfarm payroll employment,BLS Employment Situation - CES,Market shorthand,United States - national,Monthly,Jobs; usually reported in thousands,"Jobs, not distinct people; news headlines usually quote its monthly net change.",CES; EMPTECH,https://www.bls.gov/ces/ | https://www.bls.gov/news.release/empsit.tn.htm
payroll survey,payroll survey,US0103,Payrolls,Current Employment Statistics program,BLS Employment Situation - CES,Release / family label,United States - national,Monthly,Jobs; usually reported in thousands,"Release/data-family alias, not a unique series.",CES; EMPTECH,https://www.bls.gov/ces/ | https://www.bls.gov/news.release/empsit.tn.htm
payrolls,payrolls,US0102,Payrolls,Total nonfarm payroll employment,BLS Employment Situation - CES,Market shorthand,United States - national,Monthly,Jobs; usually reported in thousands,"Jobs, not distinct people; news headlines usually quote its monthly net change.",CES; EMPTECH,https://www.bls.gov/ces/ | https://www.bls.gov/news.release/empsit.tn.htm
PBS jobs,pbs jobs,US0122,Payrolls,CES professional and business services employment,BLS Employment Situation - CES,Market shorthand,United States - national,Monthly,Jobs; usually reported in thousands,Broader than professional/scientific/technical services alone.,CES; EMPTECH,https://www.bls.gov/ces/ | https://www.bls.gov/news.release/empsit.tn.htm
PBT,pbt,US0271,U.S. national accounts,Corporate profits before tax,BEA National Income and Product Accounts,Official acronym,United States - national,Quarterly / annual,Current or chained dollars; annual rates where published,Retain whether IVA and CCAdj are included.,GDP; NIPA,https://www.bea.gov/news/gdp-release-additional-information | https://www.bea.gov/resources/methodologies/nipa-handbook
PCE,pce,US0278,U.S. national accounts,Personal consumption expenditures,BEA Personal Income and Outlays,Market shorthand,United States - national,Monthly / quarterly,Current or chained dollars; usually SAAR,"Spending aggregate, not automatically the PCE price index.",PIO; NIPA,https://www.bea.gov/news/pio-release-additional-information | https://www.bea.gov/resources/methodologies/nipa-handbook
PCE core goods,pce core goods,US0051,Price indexes,PCE goods prices excluding food and energy,BEA Personal Income and Outlays / NIPA price tables,Market shorthand,United States - national,Monthly,Index / percent change,Specify PCE rather than CPI.,PCEPRICE; NIPA,https://www.bea.gov/data/personal-consumption-expenditures-price-index | https://www.bea.gov/resources/methodologies/nipa-handbook
PCE core services,pce core services,US0052,Price indexes,PCE services prices excluding energy services,BEA Personal Income and Outlays / NIPA price tables,Market shorthand,United States - national,Monthly,Index / percent change,Includes housing.,PCEPRICE; NIPA,https://www.bea.gov/data/personal-consumption-expenditures-price-index | https://www.bea.gov/resources/methodologies/nipa-handbook
PCE deflator,pce deflator,US0045,Price indexes,Personal consumption expenditures chain-type price index,BEA Personal Income and Outlays / NIPA price tables,Market shorthand,United States - national,Monthly,Index / percent change,'PCE' by itself can mean spending instead of prices.,PCEPRICE; NIPA,https://www.bea.gov/data/personal-consumption-expenditures-price-index | https://www.bea.gov/resources/methodologies/nipa-handbook
PCE durables prices,pce durables prices,US0048,Price indexes,PCE durable goods chain-type price index,BEA Personal Income and Outlays / NIPA price tables,Component label,United States - national,Monthly,Index / percent change,Prices of household durable consumption.,PCEPRICE; NIPA,https://www.bea.gov/data/personal-consumption-expenditures-price-index | https://www.bea.gov/resources/methodologies/nipa-handbook
PCE ex food and energy,pce ex food and energy,US0046,Price indexes,PCE price index excluding food and energy,BEA Personal Income and Outlays / NIPA price tables,Market shorthand,United States - national,Monthly,Index / percent change,Uses BEA category definitions; not the same basket as core CPI.,PCEPRICE; NIPA,https://www.bea.gov/data/personal-consumption-expenditures-price-index | https://www.bea.gov/resources/methodologies/nipa-handbook
PCE goods prices,pce goods prices,US0047,Price indexes,PCE goods chain-type price index,BEA Personal Income and Outlays / NIPA price tables,Component label,United States - national,Monthly,Index / percent change,Add 'PCE'; GDP and other releases also contain goods prices.,PCEPRICE; NIPA,https://www.bea.gov/data/personal-consumption-expenditures-price-index | https://www.bea.gov/resources/methodologies/nipa-handbook
PCE housing inflation,pce housing inflation,US0053,Price indexes,PCE housing services price index,BEA Personal Income and Outlays / NIPA price tables,Component label,United States - national,Monthly,Index / percent change,Not all housing-and-utilities prices; not house-price inflation.,PCEPRICE; NIPA,https://www.bea.gov/data/personal-consumption-expenditures-price-index | https://www.bea.gov/resources/methodologies/nipa-handbook
PCE inflation,pce inflation,US0045,Price indexes,Personal consumption expenditures chain-type price index,BEA Personal Income and Outlays / NIPA price tables,Market shorthand,United States - national,Monthly,Index / percent change,'PCE' by itself can mean spending instead of prices.,PCEPRICE; NIPA,https://www.bea.gov/data/personal-consumption-expenditures-price-index | https://www.bea.gov/resources/methodologies/nipa-handbook
PCE nondurables prices,pce nondurables prices,US0049,Price indexes,PCE nondurable goods chain-type price index,BEA Personal Income and Outlays / NIPA price tables,Component label,United States - national,Monthly,Index / percent change,Includes food and energy goods.,PCEPRICE; NIPA,https://www.bea.gov/data/personal-consumption-expenditures-price-index | https://www.bea.gov/resources/methodologies/nipa-handbook
PCE prices,pce prices,US0045,Price indexes,Personal consumption expenditures chain-type price index,BEA Personal Income and Outlays / NIPA price tables,Market shorthand,United States - national,Monthly,Index / percent change,'PCE' by itself can mean spending instead of prices.,PCEPRICE; NIPA,https://www.bea.gov/data/personal-consumption-expenditures-price-index | https://www.bea.gov/resources/methodologies/nipa-handbook
PCE services prices,pce services prices,US0050,Price indexes,PCE services chain-type price index,BEA Personal Income and Outlays / NIPA price tables,Component label,United States - national,Monthly,Index / percent change,Includes housing and energy services.,PCEPRICE; NIPA,https://www.bea.gov/data/personal-consumption-expenditures-price-index | https://www.bea.gov/resources/methodologies/nipa-handbook
PCE supercore,pce supercore,US0056,Price indexes,PCE services prices excluding energy and housing,BEA / Federal Reserve inflation analysis,Market shorthand,United States - national,Monthly,Index / percent change,PCE convention; 'supercore' is not a universal cross-release definition.,PCESUPER; PCESUPERSER,https://www.frbsf.org/research-and-insights/data-and-indicators/pce-inflation-contributions-from-goods-and-services/ | https://fred.stlouisfed.org/series/IA001260M
PDFP,pdfp,US0277,U.S. national accounts,PCE plus private fixed investment,BEA domestic demand and final sales aggregates,Market shorthand,United States - national,Quarterly / annual,Current or chained dollars / growth,"'Core GDP' is informal; excludes government, inventories and net exports.",FS_PRODUCT; FS_DOMESTIC; FS_PRIVATE; NIPA,https://www.bea.gov/help/glossary/final-sales-domestic-product | https://www.bea.gov/help/glossary/final-sales-domestic-purchasers | https://www.bea.gov/help/glossary/final-sales-private-domestic-purchasers | https://www.bea.gov/resources/methodologies/nipa-handbook
permanent job losers,permanent job losers,US0163,Employment,Unemployed permanent job losers,BLS Employment Situation - CPS,Market shorthand,United States - national,Monthly,People,Not the JOLTS flow of layoffs and discharges.,CPS; EMPTECH; EMPTABLES,https://www.bls.gov/cps/definitions.htm | https://www.bls.gov/news.release/empsit.tn.htm | https://www.bls.gov/news.release/empsit.toc.htm
permanent layoffs CPS,permanent layoffs cps,US0163,Employment,Unemployed permanent job losers,BLS Employment Situation - CPS,Market shorthand,United States - national,Monthly,People,Not the JOLTS flow of layoffs and discharges.,CPS; EMPTECH; EMPTABLES,https://www.bls.gov/cps/definitions.htm | https://www.bls.gov/news.release/empsit.tn.htm | https://www.bls.gov/news.release/empsit.toc.htm
personal current transfers,personal current transfers,US0296,U.S. national accounts,Personal current transfer receipts,BEA Personal Income and Outlays,Market shorthand,United States - national,Monthly / quarterly,Current or chained dollars; usually SAAR,Includes government social benefits and other current transfer receipts; not capital gains.,PIO; NIPA,https://www.bea.gov/news/pio-release-additional-information | https://www.bea.gov/resources/methodologies/nipa-handbook
personal income,personal income,US0285,U.S. national accounts,Personal income,BEA Personal Income and Outlays,Market shorthand,United States - national,Monthly / quarterly,Current or chained dollars; usually SAAR,Income received by persons under NIPA; not just labor pay.,PIO; NIPA,https://www.bea.gov/news/pio-release-additional-information | https://www.bea.gov/resources/methodologies/nipa-handbook
personal outlays,personal outlays,US0297,U.S. national accounts,PCE plus personal interest payments plus personal current transfer payments,BEA Personal Income and Outlays,Component label,United States - national,Monthly / quarterly,Current or chained dollars; usually SAAR,Broader than PCE.,PIO; NIPA,https://www.bea.gov/news/pio-release-additional-information | https://www.bea.gov/resources/methodologies/nipa-handbook
personal saving,personal saving,US0298,U.S. national accounts,Disposable personal income less personal outlays,BEA Personal Income and Outlays,Market shorthand,United States - national,Monthly / quarterly,Current or chained dollars; usually SAAR,"A period flow, not accumulated household wealth.",PIO; NIPA,https://www.bea.gov/news/pio-release-additional-information | https://www.bea.gov/resources/methodologies/nipa-handbook
personal saving rate,personal saving rate,US0299,U.S. national accounts,Personal saving as a percentage of disposable personal income,BEA Personal Income and Outlays,Market shorthand,United States - national,Monthly / quarterly,Percent of DPI,Denominator is DPI; not income before tax.,PIO; NIPA,https://www.bea.gov/news/pio-release-additional-information | https://www.bea.gov/resources/methodologies/nipa-handbook
personal spending,personal spending,US0278,U.S. national accounts,Personal consumption expenditures,BEA Personal Income and Outlays,Market shorthand,United States - national,Monthly / quarterly,Current or chained dollars; usually SAAR,"Spending aggregate, not automatically the PCE price index.",PIO; NIPA,https://www.bea.gov/news/pio-release-additional-information | https://www.bea.gov/resources/methodologies/nipa-handbook
PFI,pfi,US0250,U.S. national accounts,Private residential plus nonresidential fixed investment,BEA National Income and Product Accounts,Market shorthand,United States - national,Quarterly / annual,Current or chained dollars; annual rates where published,Excludes inventory investment.,GDP; NIPA,https://www.bea.gov/news/gdp-release-additional-information | https://www.bea.gov/resources/methodologies/nipa-handbook
Philadelphia Fed,philadelphia fed,US0361,Surveys,Manufacturing Business Outlook Survey current general activity index,Philadelphia Fed Manufacturing Business Outlook Survey,Market shorthand,United States - Third Federal Reserve District,Monthly,Diffusion index,Third District manufacturing; not a national or weighted headline PMI.,PHILLY,https://www.philadelphiafed.org/surveys-and-data/regional-economic-analysis/manufacturing-business-outlook-survey
Philly capex,philly capex,US0368,Surveys,MBOS future capital expenditures index,Philadelphia Fed Manufacturing Business Outlook Survey,Component label,United States - Third Federal Reserve District,Monthly,Diffusion index,"Planned investment direction, not dollar capex.",PHILLY,https://www.philadelphiafed.org/surveys-and-data/regional-economic-analysis/manufacturing-business-outlook-survey
Philly capex plans,philly capex plans,US0368,Surveys,MBOS future capital expenditures index,Philadelphia Fed Manufacturing Business Outlook Survey,Component label,United States - Third Federal Reserve District,Monthly,Diffusion index,"Planned investment direction, not dollar capex.",PHILLY,https://www.philadelphiafed.org/surveys-and-data/regional-economic-analysis/manufacturing-business-outlook-survey
Philly employees,philly employees,US0364,Surveys,MBOS current number of employees index,Philadelphia Fed Manufacturing Business Outlook Survey,Component label,United States - Third Federal Reserve District,Monthly,Diffusion index,Not establishment payroll count.,PHILLY,https://www.philadelphiafed.org/surveys-and-data/regional-economic-analysis/manufacturing-business-outlook-survey
Philly employment,philly employment,US0364,Surveys,MBOS current number of employees index,Philadelphia Fed Manufacturing Business Outlook Survey,Component label,United States - Third Federal Reserve District,Monthly,Diffusion index,Not establishment payroll count.,PHILLY,https://www.philadelphiafed.org/surveys-and-data/regional-economic-analysis/manufacturing-business-outlook-survey
Philly Fed,philly fed,US0361,Surveys,Manufacturing Business Outlook Survey current general activity index,Philadelphia Fed Manufacturing Business Outlook Survey,Market shorthand,United States - Third Federal Reserve District,Monthly,Diffusion index,Third District manufacturing; not a national or weighted headline PMI.,PHILLY,https://www.philadelphiafed.org/surveys-and-data/regional-economic-analysis/manufacturing-business-outlook-survey
Philly future activity,philly future activity,US0367,Surveys,MBOS future general activity index,Philadelphia Fed Manufacturing Business Outlook Survey,Component label,United States - Third Federal Reserve District,Monthly,Diffusion index,Six-month-ahead expectations.,PHILLY,https://www.philadelphiafed.org/surveys-and-data/regional-economic-analysis/manufacturing-business-outlook-survey
Philly manufacturing,philly manufacturing,US0361,Surveys,Manufacturing Business Outlook Survey current general activity index,Philadelphia Fed Manufacturing Business Outlook Survey,Market shorthand,United States - Third Federal Reserve District,Monthly,Diffusion index,Third District manufacturing; not a national or weighted headline PMI.,PHILLY,https://www.philadelphiafed.org/surveys-and-data/regional-economic-analysis/manufacturing-business-outlook-survey
Philly new orders,philly new orders,US0362,Surveys,MBOS current new orders index,Philadelphia Fed Manufacturing Business Outlook Survey,Component label,United States - Third Federal Reserve District,Monthly,Diffusion index,Current diffusion index.,PHILLY,https://www.philadelphiafed.org/surveys-and-data/regional-economic-analysis/manufacturing-business-outlook-survey
Philly nonmanufacturing,philly nonmanufacturing,US0369,Surveys,Nonmanufacturing Business Outlook Survey,Philadelphia Fed Nonmanufacturing Business Outlook Survey,Release / family label,United States - Third Federal Reserve District,Monthly,Diffusion indexes,Identify regional activity versus firm-level activity; not the manufacturing survey.,PHILLYNM,https://www.philadelphiafed.org/surveys-and-data/regional-economic-analysis/nonmanufacturing-business-outlook-survey
Philly orders,philly orders,US0362,Surveys,MBOS current new orders index,Philadelphia Fed Manufacturing Business Outlook Survey,Component label,United States - Third Federal Reserve District,Monthly,Diffusion index,Current diffusion index.,PHILLY,https://www.philadelphiafed.org/surveys-and-data/regional-economic-analysis/manufacturing-business-outlook-survey
Philly outlook,philly outlook,US0367,Surveys,MBOS future general activity index,Philadelphia Fed Manufacturing Business Outlook Survey,Component label,United States - Third Federal Reserve District,Monthly,Diffusion index,Six-month-ahead expectations.,PHILLY,https://www.philadelphiafed.org/surveys-and-data/regional-economic-analysis/manufacturing-business-outlook-survey
Philly prices paid,philly prices paid,US0365,Surveys,MBOS current prices paid index,Philadelphia Fed Manufacturing Business Outlook Survey,Component label,United States - Third Federal Reserve District,Monthly,Diffusion index,Input-price direction.,PHILLY,https://www.philadelphiafed.org/surveys-and-data/regional-economic-analysis/manufacturing-business-outlook-survey
Philly prices received,philly prices received,US0366,Surveys,MBOS current prices received index,Philadelphia Fed Manufacturing Business Outlook Survey,Component label,United States - Third Federal Reserve District,Monthly,Diffusion index,Selling-price direction.,PHILLY,https://www.philadelphiafed.org/surveys-and-data/regional-economic-analysis/manufacturing-business-outlook-survey
Philly services,philly services,US0369,Surveys,Nonmanufacturing Business Outlook Survey,Philadelphia Fed Nonmanufacturing Business Outlook Survey,Release / family label,United States - Third Federal Reserve District,Monthly,Diffusion indexes,Identify regional activity versus firm-level activity; not the manufacturing survey.,PHILLYNM,https://www.philadelphiafed.org/surveys-and-data/regional-economic-analysis/nonmanufacturing-business-outlook-survey
Philly shipments,philly shipments,US0363,Surveys,MBOS current shipments index,Philadelphia Fed Manufacturing Business Outlook Survey,Component label,United States - Third Federal Reserve District,Monthly,Diffusion index,Not Census shipments dollars.,PHILLY,https://www.philadelphiafed.org/surveys-and-data/regional-economic-analysis/manufacturing-business-outlook-survey
Philly SPF,philly spf,US0403,Surveys,Survey of Professional Forecasters,Philadelphia Fed Survey of Professional Forecasters,Release / family label,United States - national,Quarterly,Forecast / probability,"Forecast survey, not observations of GDP or inflation.",SPF,https://www.philadelphiafed.org/surveys-and-data/real-time-data-research/survey-of-professional-forecasters
physician prices,physician prices,US0044,Price indexes,CPI physicians' services,BLS Consumer Price Index,Market shorthand,United States - U.S. city average,Monthly,Index / percent change,A medical-care service component.,CPIT2,https://www.bls.gov/news.release/cpi.t02.htm
PI,pi,US0285,U.S. national accounts,Personal income,BEA Personal Income and Outlays,Market shorthand,United States - national,Monthly / quarterly,Current or chained dollars; usually SAAR,Income received by persons under NIPA; not just labor pay.,PIO; NIPA,https://www.bea.gov/news/pio-release-additional-information | https://www.bea.gov/resources/methodologies/nipa-handbook
piped gas CPI,piped gas cpi,US0025,Price indexes,CPI utility (piped) gas service,BLS Consumer Price Index,Market shorthand,United States - U.S. city average,Monthly,Index / percent change,"Household gas service, not wholesale natural-gas prices.",CPIT2,https://www.bls.gov/news.release/cpi.t02.htm
pipeline inflation,pipeline inflation,US0070,Price indexes,Intermediate-demand PPI measures,BLS Producer Price Index,Ambiguous shorthand,United States - national,Monthly,Index / percent change,Loose family label; specify stage or processed/unprocessed measure.,PPI; PPIHOME,https://www.bls.gov/news.release/archives/ppi_09102026.htm | https://www.bls.gov/ppi/
pipeline prices,pipeline prices,US0070,Price indexes,Intermediate-demand PPI measures,BLS Producer Price Index,Ambiguous shorthand,United States - national,Monthly,Index / percent change,Loose family label; specify stage or processed/unprocessed measure.,PPI; PPIHOME,https://www.bls.gov/news.release/archives/ppi_09102026.htm | https://www.bls.gov/ppi/
planned pay increases,planned pay increases,US0346,Surveys,Net share planning to raise compensation,NFIB Small Business Economic Trends,Component label,United States - national,Monthly,Index / percent of firms / net percent,"Future plans, not current ECI.",NFIB; NFIBJOBS,https://www.nfib.com/wp-content/uploads/2026/09/NFIB-SBET-Report-August-2026.pdf | https://www.nfib.com/wp-content/uploads/2026/09/NFIB-August-2026-Jobs-Report.pdf
plans to hire,plans to hire,US0343,Surveys,Net share planning to increase employment,NFIB Small Business Economic Trends,Component label,United States - national,Monthly,Index / percent of firms / net percent,"Plans, not observed payroll changes.",NFIB; NFIBJOBS,https://www.nfib.com/wp-content/uploads/2026/09/NFIB-SBET-Report-August-2026.pdf | https://www.nfib.com/wp-content/uploads/2026/09/NFIB-August-2026-Jobs-Report.pdf
plentiful jobs,plentiful jobs,US0333,Surveys,Share of respondents saying jobs are plentiful,The Conference Board Consumer Confidence Survey,Component label,United States - national,Monthly,Index / response share,"A survey response share, not job openings.",CBCCI,https://www.conference-board.org/topics/consumer-confidence/index.cfm
PMI employment,pmi employment,US0328,Surveys,S&P Global U.S. sector employment index,S&P Global U.S. PMI,Component label,United States - national,Monthly,Diffusion / composite index,"Survey diffusion, not job count.",SPPMI,https://www.spglobal.com/market-intelligence/en/solutions/products/resources/pmi-faq
PMI input prices,pmi input prices,US0325,Surveys,S&P Global U.S. sector input-prices index,S&P Global U.S. PMI,Component label,United States - national,Monthly,Diffusion / composite index,Retain manufacturing/services/composite identity; not ISM prices paid.,SPPMI,https://www.spglobal.com/market-intelligence/en/solutions/products/resources/pmi-faq
PMI new business,pmi new business,US0327,Surveys,S&P Global U.S. sector new-business / new-orders index,S&P Global U.S. PMI,Component label,United States - national,Monthly,Diffusion / composite index,Sector and provider required.,SPPMI,https://www.spglobal.com/market-intelligence/en/solutions/products/resources/pmi-faq
PMI output prices,pmi output prices,US0326,Surveys,S&P Global U.S. sector output-prices index,S&P Global U.S. PMI,Market shorthand,United States - national,Monthly,Diffusion / composite index,"Survey change in firms' selling prices, not official price-index inflation.",SPPMI,https://www.spglobal.com/market-intelligence/en/solutions/products/resources/pmi-faq
power prices CPI,power prices cpi,US0024,Price indexes,CPI electricity,BLS Consumer Price Index,Component label,United States - U.S. city average,Monthly,Index / percent change,Household electricity prices.,CPIT2,https://www.bls.gov/news.release/cpi.t02.htm
PPI,ppi,US0057,Price indexes,Producer Price Index for final demand,BLS Producer Price Index,Market shorthand,United States - national,Monthly,Index / percent change,'PPI' is also an entire family; old reports may refer to finished goods.,PPI; PPIHOME,https://www.bls.gov/news.release/archives/ppi_09102026.htm | https://www.bls.gov/ppi/
PPI ex FET,ppi ex fet,US0059,Price indexes,"PPI final demand less foods, energy and trade services",BLS Producer Price Index,Market shorthand,United States - national,Monthly,Index / percent change,"Trade means wholesale/retail margins, not international trade.",PPI; PPIHOME,https://www.bls.gov/news.release/archives/ppi_09102026.htm | https://www.bls.gov/ppi/
PPI ex food and energy,ppi ex food and energy,US0058,Price indexes,PPI final demand less foods and energy,BLS Producer Price Index,Ambiguous shorthand,United States - national,Monthly,Index / percent change,"Common ex-food-and-energy meaning; some sources use core for ex food, energy AND trade. Confirm exclusions.",PPI; PPIHOME,https://www.bls.gov/news.release/archives/ppi_09102026.htm | https://www.bls.gov/ppi/
PPI ex food energy and trade,ppi ex food energy and trade,US0059,Price indexes,"PPI final demand less foods, energy and trade services",BLS Producer Price Index,Market shorthand,United States - national,Monthly,Index / percent change,"Trade means wholesale/retail margins, not international trade.",PPI; PPIHOME,https://www.bls.gov/news.release/archives/ppi_09102026.htm | https://www.bls.gov/ppi/
PPI goods ex food and energy,ppi goods ex food and energy,US0061,Price indexes,PPI final demand goods less foods and energy,BLS Producer Price Index,Component label,United States - national,Monthly,Index / percent change,Not the same as core CPI goods.,PPI; PPIHOME,https://www.bls.gov/news.release/archives/ppi_09102026.htm | https://www.bls.gov/ppi/
PPI services ex trade,ppi services ex trade,US0064,Price indexes,PPI final demand services less trade services,BLS Producer Price Index,Component label,United States - national,Monthly,Index / percent change,Can retain transportation and warehousing; not ex trade AND transportation.,PPI; PPIHOME,https://www.bls.gov/news.release/archives/ppi_09102026.htm | https://www.bls.gov/ppi/
PPI services ex trade transport and warehousing,ppi services ex trade transport and warehousing,US0065,Price indexes,"PPI final demand services less trade, transportation and warehousing",BLS Producer Price Index,Component label,United States - national,Monthly,Index / percent change,Keep all exclusions; narrower than services less trade.,PPI; PPIHOME,https://www.bls.gov/news.release/archives/ppi_09102026.htm | https://www.bls.gov/ppi/
PR,pr,US0143,Employment,Civilian labor force as a percent of the civilian noninstitutional population,BLS Employment Situation - CPS,Market shorthand,United States - national,Monthly,Percent of population,'Participation' needs population/age context.,CPS; EMPTECH; EMPTABLES,https://www.bls.gov/cps/definitions.htm | https://www.bls.gov/news.release/empsit.tn.htm | https://www.bls.gov/news.release/empsit.toc.htm
prescription drugs CPI,prescription drugs cpi,US0042,Price indexes,CPI prescription drugs,BLS Consumer Price Index,Component label,United States - U.S. city average,Monthly,Index / percent change,"CPI consumer price measure, not producer pharmaceutical prices.",CPIT2,https://www.bls.gov/news.release/cpi.t02.htm
prescription prices,prescription prices,US0042,Price indexes,CPI prescription drugs,BLS Consumer Price Index,Component label,United States - U.S. city average,Monthly,Index / percent change,"CPI consumer price measure, not producer pharmaceutical prices.",CPIT2,https://www.bls.gov/news.release/cpi.t02.htm
present situation,present situation,US0331,Surveys,Conference Board Present Situation Index,The Conference Board Consumer Confidence Survey,Component label,United States - national,Monthly,Index / response share,Current business and labor-market conditions.,CBCCI,https://www.conference-board.org/topics/consumer-confidence/index.cfm
prices charged BTOS,prices charged btos,US0425,Surveys,BTOS selling-price responses,Census Business Trends and Outlook Survey,Component label,United States - national,Every two weeks,Survey response shares,"Survey shares, not an official price index.",BTOS,https://www.census.gov/data/experimental-data-products/business-trends-and-outlook-survey.html
prices charged PMI,prices charged pmi,US0326,Surveys,S&P Global U.S. sector output-prices index,S&P Global U.S. PMI,Market shorthand,United States - national,Monthly,Diffusion / composite index,"Survey change in firms' selling prices, not official price-index inflation.",SPPMI,https://www.spglobal.com/market-intelligence/en/solutions/products/resources/pmi-faq
prices paid,prices paid,US0309,Surveys,ISM Manufacturing Prices Index,ISM Manufacturing PMI Report,Market shorthand,United States - national,Monthly,Diffusion / composite index,"Diffusion of input-price changes, not a percent inflation rate.",ISM,https://www.ismworld.org/globalassets/pub/research-and-surveys/rob/pmi/nope202608pmi.pdf
pricing plans,pricing plans,US0348,Surveys,Net share planning price increases,NFIB Small Business Economic Trends,Component label,United States - national,Monthly,Index / percent of firms / net percent,Distinct from actual selling-price changes.,NFIB; NFIBJOBS,https://www.nfib.com/wp-content/uploads/2026/09/NFIB-SBET-Report-August-2026.pdf | https://www.nfib.com/wp-content/uploads/2026/09/NFIB-August-2026-Jobs-Report.pdf
primary rent,primary rent,US0028,Price indexes,CPI rent of primary residence,BLS Consumer Price Index,Market shorthand,United States - U.S. city average,Monthly,Index / percent change,"Existing-tenant and new-tenant rent sample, not asking-rent listings.",CPIT2,https://www.bls.gov/news.release/cpi.t02.htm
prime-age employment rate,prime-age employment rate,US0146,Employment,Employment-population ratio for ages 25-54,BLS Employment Situation - CPS,Market shorthand,United States - national,Monthly,Percent of population ages 25-54,Not participation or the employment level.,CPS; EMPTECH; EMPTABLES,https://www.bls.gov/cps/definitions.htm | https://www.bls.gov/news.release/empsit.tn.htm | https://www.bls.gov/news.release/empsit.toc.htm
prime-age EPOP,prime-age epop,US0146,Employment,Employment-population ratio for ages 25-54,BLS Employment Situation - CPS,Market shorthand,United States - national,Monthly,Percent of population ages 25-54,Not participation or the employment level.,CPS; EMPTECH; EMPTABLES,https://www.bls.gov/cps/definitions.htm | https://www.bls.gov/news.release/empsit.tn.htm | https://www.bls.gov/news.release/empsit.toc.htm
prime-age participation,prime-age participation,US0145,Employment,Labor-force participation rate for ages 25-54,BLS Employment Situation - CPS,Market shorthand,United States - national,Monthly,Percent of population ages 25-54,Prime age is 25-54 in standard U.S. labor commentary.,CPS; EMPTECH; EMPTABLES,https://www.bls.gov/cps/definitions.htm | https://www.bls.gov/news.release/empsit.tn.htm | https://www.bls.gov/news.release/empsit.toc.htm
prime-age unemployment,prime-age unemployment,US0147,Employment,Unemployment rate for ages 25-54,BLS Employment Situation - CPS,Market shorthand,United States - national,Monthly,Percent of labor force ages 25-54,Denominator is the age group's labor force.,CPS; EMPTECH; EMPTABLES,https://www.bls.gov/cps/definitions.htm | https://www.bls.gov/news.release/empsit.tn.htm | https://www.bls.gov/news.release/empsit.toc.htm
private compensation ECI,private compensation eci,US0218,Wages and salaries,ECI total compensation for private-industry workers,BLS Employment Cost Index,Component label,United States - national,Quarterly,Labor-cost index / percent change,Different coverage from civilian ECI.,ECI,https://www.bls.gov/eci/
private domestic final purchases,private domestic final purchases,US0277,U.S. national accounts,PCE plus private fixed investment,BEA domestic demand and final sales aggregates,Market shorthand,United States - national,Quarterly / annual,Current or chained dollars / growth,"'Core GDP' is informal; excludes government, inventories and net exports.",FS_PRODUCT; FS_DOMESTIC; FS_PRIVATE; NIPA,https://www.bea.gov/help/glossary/final-sales-domestic-product | https://www.bea.gov/help/glossary/final-sales-domestic-purchasers | https://www.bea.gov/help/glossary/final-sales-private-domestic-purchasers | https://www.bea.gov/resources/methodologies/nipa-handbook
private ECI,private eci,US0218,Wages and salaries,ECI total compensation for private-industry workers,BLS Employment Cost Index,Component label,United States - national,Quarterly,Labor-cost index / percent change,Different coverage from civilian ECI.,ECI,https://www.bls.gov/eci/
private education and health,private education and health,US0127,Payrolls,CES private education and health services employment,BLS Employment Situation - CES,Component label,United States - national,Monthly,Jobs; usually reported in thousands,"Public-school jobs are in government, not this private supersector.",CES; EMPTECH,https://www.bls.gov/ces/ | https://www.bls.gov/news.release/empsit.tn.htm
private final demand,private final demand,US0277,U.S. national accounts,PCE plus private fixed investment,BEA domestic demand and final sales aggregates,Market shorthand,United States - national,Quarterly / annual,Current or chained dollars / growth,"'Core GDP' is informal; excludes government, inventories and net exports.",FS_PRODUCT; FS_DOMESTIC; FS_PRIVATE; NIPA,https://www.bea.gov/help/glossary/final-sales-domestic-product | https://www.bea.gov/help/glossary/final-sales-domestic-purchasers | https://www.bea.gov/help/glossary/final-sales-private-domestic-purchasers | https://www.bea.gov/resources/methodologies/nipa-handbook
private fixed investment,private fixed investment,US0250,U.S. national accounts,Private residential plus nonresidential fixed investment,BEA National Income and Product Accounts,Market shorthand,United States - national,Quarterly / annual,Current or chained dollars; annual rates where published,Excludes inventory investment.,GDP; NIPA,https://www.bea.gov/news/gdp-release-additional-information | https://www.bea.gov/resources/methodologies/nipa-handbook
private investment,private investment,US0249,U.S. national accounts,Private fixed investment plus change in private inventories,BEA National Income and Product Accounts,Official acronym,United States - national,Quarterly / annual,Current or chained dollars; annual rates where published,Broader than capital spending on equipment.,GDP; NIPA,https://www.bea.gov/news/gdp-release-additional-information | https://www.bea.gov/resources/methodologies/nipa-handbook
private jobs,private jobs,US0105,Payrolls,Total private nonfarm payroll employment,BLS Employment Situation - CES,Market shorthand,United States - national,Monthly,Jobs; usually reported in thousands,Excludes government; not ADP employment.,CES; EMPTECH,https://www.bls.gov/ces/ | https://www.bls.gov/news.release/empsit.tn.htm
private NFP,private nfp,US0105,Payrolls,Total private nonfarm payroll employment,BLS Employment Situation - CES,Market shorthand,United States - national,Monthly,Jobs; usually reported in thousands,Excludes government; not ADP employment.,CES; EMPTECH,https://www.bls.gov/ces/ | https://www.bls.gov/news.release/empsit.tn.htm
private payroll report,private payroll report,US0133,Payrolls,ADP change in U.S. private employment,ADP National Employment Report,Market shorthand,United States - national,Monthly,Private jobs / monthly change,"ADP's independent estimate, not the BLS private-payroll series.",ADP,https://adpemploymentreport.com/Default.aspx
private payrolls,private payrolls,US0105,Payrolls,Total private nonfarm payroll employment,BLS Employment Situation - CES,Market shorthand,United States - national,Monthly,Jobs; usually reported in thousands,Excludes government; not ADP employment.,CES; EMPTECH,https://www.bls.gov/ces/ | https://www.bls.gov/news.release/empsit.tn.htm
private service payrolls,private service payrolls,US0113,Payrolls,CES private service-providing employment,BLS Employment Situation - CES,Market shorthand,United States - national,Monthly,Jobs; usually reported in thousands,Not total service-providing employment.,CES; EMPTECH,https://www.bls.gov/ces/ | https://www.bls.gov/news.release/empsit.tn.htm
private services jobs,private services jobs,US0113,Payrolls,CES private service-providing employment,BLS Employment Situation - CES,Market shorthand,United States - national,Monthly,Jobs; usually reported in thousands,Not total service-providing employment.,CES; EMPTECH,https://www.bls.gov/ces/ | https://www.bls.gov/news.release/empsit.tn.htm
private wage ECI,private wage eci,US0219,Wages and salaries,ECI wages and salaries for private-industry workers,BLS Employment Cost Index,Component label,United States - national,Quarterly,Labor-cost index / percent change,Not CES average hourly earnings.,ECI,https://www.bls.gov/eci/
private wages and salaries ECI,private wages and salaries eci,US0219,Wages and salaries,ECI wages and salaries for private-industry workers,BLS Employment Cost Index,Component label,United States - national,Quarterly,Labor-cost index / percent change,Not CES average hourly earnings.,ECI,https://www.bls.gov/eci/
processed goods,processed goods,US0068,Price indexes,PPI processed goods for intermediate demand,BLS Producer Price Index,Component label,United States - national,Monthly,Index / percent change,One stage-of-processing aggregate.,PPI; PPIHOME,https://www.bls.gov/news.release/archives/ppi_09102026.htm | https://www.bls.gov/ppi/
processed intermediate goods,processed intermediate goods,US0068,Price indexes,PPI processed goods for intermediate demand,BLS Producer Price Index,Component label,United States - national,Monthly,Index / percent change,One stage-of-processing aggregate.,PPI; PPIHOME,https://www.bls.gov/news.release/archives/ppi_09102026.htm | https://www.bls.gov/ppi/
producer prices,producer prices,US0057,Price indexes,Producer Price Index for final demand,BLS Producer Price Index,Market shorthand,United States - national,Monthly,Index / percent change,'PPI' is also an entire family; old reports may refer to finished goods.,PPI; PPIHOME,https://www.bls.gov/news.release/archives/ppi_09102026.htm | https://www.bls.gov/ppi/
productivity,productivity,US0229,Wages and salaries,Real output per hour worked in the nonfarm business sector,BLS Productivity and Costs,Market shorthand,United States - national,Quarterly,Output-per-hour index / growth,Headline usually nonfarm business; not total GDP divided by payroll jobs.,PRODUCTIVITY,https://www.bls.gov/news.release/prod2.htm
professional and business services payrolls,professional and business services payrolls,US0122,Payrolls,CES professional and business services employment,BLS Employment Situation - CES,Market shorthand,United States - national,Monthly,Jobs; usually reported in thousands,Broader than professional/scientific/technical services alone.,CES; EMPTECH,https://www.bls.gov/ces/ | https://www.bls.gov/news.release/empsit.tn.htm
professional forecasters,professional forecasters,US0403,Surveys,Survey of Professional Forecasters,Philadelphia Fed Survey of Professional Forecasters,Release / family label,United States - national,Quarterly,Forecast / probability,"Forecast survey, not observations of GDP or inflation.",SPF,https://www.philadelphiafed.org/surveys-and-data/real-time-data-research/survey-of-professional-forecasters
profits,profits,US0268,U.S. national accounts,Corporate profits with inventory valuation and capital consumption adjustments,BEA National Income and Product Accounts,Ambiguous shorthand,United States - national,Quarterly / annual,Current or chained dollars; annual rates where published,'Profits' alone can also mean unadjusted profits or market EPS.,GDP; NIPA,https://www.bea.gov/news/gdp-release-additional-information | https://www.bea.gov/resources/methodologies/nipa-handbook
profits after tax,profits after tax,US0272,U.S. national accounts,Corporate profits after corporate income taxes,BEA National Income and Product Accounts,Official acronym,United States - national,Quarterly / annual,Current or chained dollars; annual rates where published,Retain adjustment basis; not S&P 500 earnings.,GDP; NIPA,https://www.bea.gov/news/gdp-release-additional-information | https://www.bea.gov/resources/methodologies/nipa-handbook
profits before tax,profits before tax,US0271,U.S. national accounts,Corporate profits before tax,BEA National Income and Product Accounts,Official acronym,United States - national,Quarterly / annual,Current or chained dollars; annual rates where published,Retain whether IVA and CCAdj are included.,GDP; NIPA,https://www.bea.gov/news/gdp-release-additional-information | https://www.bea.gov/resources/methodologies/nipa-handbook
profits from current production,profits from current production,US0268,U.S. national accounts,Corporate profits with inventory valuation and capital consumption adjustments,BEA National Income and Product Accounts,Ambiguous shorthand,United States - national,Quarterly / annual,Current or chained dollars; annual rates where published,'Profits' alone can also mean unadjusted profits or market EPS.,GDP; NIPA,https://www.bea.gov/news/gdp-release-additional-information | https://www.bea.gov/resources/methodologies/nipa-handbook
proprietors' income,proprietors' income,US0293,U.S. national accounts,Proprietors' income with IVA and CCAdj,BEA Personal Income and Outlays,Market shorthand,United States - national,Monthly / quarterly,Current or chained dollars; usually SAAR,"Includes noncorporate business income, not only cash withdrawals.",PIO; NIPA,https://www.bea.gov/news/pio-release-additional-information | https://www.bea.gov/resources/methodologies/nipa-handbook
prospective buyer traffic,prospective buyer traffic,US0416,Surveys,HMI traffic of prospective buyers component,NAHB/Wells Fargo Housing Market Index,Market shorthand,United States - national,Monthly,Diffusion / composite index,Not mortgage applications or closed home sales.,NAHB,https://www.nahb.org/News-and-Economics/Housing-Economics/Indices/Housing-Market-Index
PSR,psr,US0299,U.S. national accounts,Personal saving as a percentage of disposable personal income,BEA Personal Income and Outlays,Market shorthand,United States - national,Monthly / quarterly,Percent of DPI,Denominator is DPI; not income before tax.,PIO; NIPA,https://www.bea.gov/news/pio-release-additional-information | https://www.bea.gov/resources/methodologies/nipa-handbook
PT jobs CPS,pt jobs cps,US0160,Employment,Employed people who usually work fewer than 35 hours per week,BLS Employment Situation - CPS,Market shorthand,United States - national,Monthly,People,Usual-hours classification differs from people at work part time in reference week.,CPS; EMPTECH; EMPTABLES,https://www.bls.gov/cps/definitions.htm | https://www.bls.gov/news.release/empsit.tn.htm | https://www.bls.gov/news.release/empsit.toc.htm
PTER,pter,US0157,Employment,People working part time for economic reasons,BLS Employment Situation - CPS,Market shorthand,United States - national,Monthly,People,Usually want and are available for full-time work; distinguish actual/usual-hours series.,CPS; EMPTECH; EMPTABLES,https://www.bls.gov/cps/definitions.htm | https://www.bls.gov/news.release/empsit.tn.htm | https://www.bls.gov/news.release/empsit.toc.htm
public ECI,public eci,US0220,Wages and salaries,ECI compensation for state and local government workers,BLS Employment Cost Index,Component label,United States - national,Quarterly,Labor-cost index / percent change,Federal workers are not included.,ECI,https://www.bls.gov/eci/
public-sector jobs,public-sector jobs,US0106,Payrolls,Government employment in CES,BLS Employment Situation - CES,Market shorthand,United States - national,Monthly,Jobs; usually reported in thousands,"Federal, state and local jobs; not public contractors.",CES; EMPTECH,https://www.bls.gov/ces/ | https://www.bls.gov/news.release/empsit.tn.htm
pump prices CPI,pump prices cpi,US0022,Price indexes,CPI gasoline (all types),BLS Consumer Price Index,Market shorthand,United States - U.S. city average,Monthly,Index / percent change,'Gas' can also mean utility natural gas; retain the gasoline label.,CPIT2,https://www.bls.gov/news.release/cpi.t02.htm
purchase apps,purchase apps,US0418,Surveys,MBA Purchase Index,MBA Weekly Mortgage Applications Survey,Market shorthand,United States - national,Weekly,Application volume index,Retain SA/NSA treatment.,MBA,https://newslink.mba.org/mba-newslinks/2026/september/mba-newslink-thursday-sept-10-2026/mortgage-applications-decrease-in-latest-mba-weekly-survey/
purchase-only HPI,purchase-only hpi,US0093,Price indexes,FHFA purchase-only house price index,FHFA House Price Index,Market shorthand,United States - national,Monthly,Index / growth,The monthly headline is purchase-only; geographic/version selection matters.,FHFA,https://www.fhfa.gov/house-price-index
purchased materials,purchased materials,US0524,Manufacturing orders,Manufacturing materials-and-supplies inventories,"Census Manufacturers Shipments, Inventories and Orders (M3)",Market shorthand,United States - national,Monthly,Nominal end-month dollars,Unprocessed raw and semifabricated inputs.,M3DEF; DURABLES; M3TAB; TDCALENDAR,https://www.census.gov/manufacturing/m3/definitions/index.html | https://www.census.gov/manufacturing/m3/adv/pdf/durgd.pdf | https://www.census.gov/manufacturing/m3/prel/pdf/table5p.pdf | https://economics.td.com/domains/economics.td.com/documents/reports/bottom-line/tables/2026-09-04/recent.htm
purchases prices,purchases prices,US0091,Price indexes,Gross domestic purchases price index,BEA GDP price measures,Market shorthand,United States - national,Quarterly,Index / percent change,Covers purchases by U.S. residents; includes imports and excludes exports.,GDP; GDPPRICE,https://www.bea.gov/news/gdp-release-additional-information | https://www.bea.gov/data/prices-inflation/gross-domestic-purchases-price-index
QCEW,qcew,US0134,Payrolls,Employment reported to the Quarterly Census of Employment and Wages,BLS Quarterly Census of Employment and Wages,Market shorthand,United States - national,Monthly employment; quarterly release,Covered jobs,Administrative universe differs from CES; monthly employment published in quarterly releases.,QCEW,https://www.bls.gov/cew/
QCEW average weekly wage,qcew average weekly wage,US0228,Wages and salaries,QCEW average weekly wages,BLS QCEW wage data,Market shorthand,United States - national,Quarterly,Dollars per week,Not CES average weekly earnings; includes different compensation timing/coverage.,QCEW,https://www.bls.gov/cew/
QCEW wages,qcew wages,US0227,Wages and salaries,Total wages reported in QCEW,BLS QCEW wage data,Market shorthand,United States - national,Quarterly,Dollars,Administrative quarterly wage totals; coverage differs from NIPA wages.,QCEW,https://www.bls.gov/cew/
QSS,qss,US0494,Retail trade data,Quarterly Services Survey selected-services revenue,Census Quarterly Services Survey,Market shorthand,United States - national,Quarterly,Nominal revenue dollars,Hard revenue data collected by survey; not sentiment or all services GDP.,QSS,https://www.census.gov/services/qss/qss-current.pdf
quarterly services,quarterly services,US0494,Retail trade data,Quarterly Services Survey selected-services revenue,Census Quarterly Services Survey,Market shorthand,United States - national,Quarterly,Nominal revenue dollars,Hard revenue data collected by survey; not sentiment or all services GDP.,QSS,https://www.census.gov/services/qss/qss-current.pdf
quit rate,quit rate,US0180,Employment,JOLTS quits divided by employment,BLS JOLTS,Market shorthand,United States - national,Monthly,Percent,A flow rate; not the share of all people who wish to leave.,JOLTS,https://www.bls.gov/news.release/jolts.tn.htm
quits,quits,US0179,Employment,JOLTS quits,BLS JOLTS,Market shorthand,United States - national,Monthly,Separations,Voluntary separations excluding retirement and transfers as defined by JOLTS.,JOLTS,https://www.bls.gov/news.release/jolts.tn.htm
quits rate,quits rate,US0180,Employment,JOLTS quits divided by employment,BLS JOLTS,Market shorthand,United States - national,Monthly,Percent,A flow rate; not the share of all people who wish to leave.,JOLTS,https://www.bls.gov/news.release/jolts.tn.htm
R&D investment,r&d investment,US0257,U.S. national accounts,Private fixed investment in research and development,BEA National Income and Product Accounts,Official acronym,United States - national,Quarterly / annual,Current or chained dollars; annual rates where published,Capitalized in NIPA; distinguish from accounting operating expense.,GDP; NIPA,https://www.bea.gov/news/gdp-release-additional-information | https://www.bea.gov/resources/methodologies/nipa-handbook
R-CPI-ATR,r-cpi-atr,US0088,Price indexes,Research CPI: All Tenant Regressed Rent,BLS rent research series,Research / paused,United States - national,Quarterly (publication paused),Index / percent change,Publication paused in April 2026; repeat-rent research method.,NTR,https://www.bls.gov/cpi/research-series/r-cpi-ntr.htm
R-CPI-NTR,r-cpi-ntr,US0087,Price indexes,Research CPI: New Tenant Rent,BLS rent research series,Research / paused,United States - national,Quarterly (publication paused),Index / percent change,Publication paused in April 2026; not the monthly CPI rent index.,NTR,https://www.bls.gov/cpi/research-series/r-cpi-ntr.htm
raw materials inventories,raw materials inventories,US0524,Manufacturing orders,Manufacturing materials-and-supplies inventories,"Census Manufacturers Shipments, Inventories and Orders (M3)",Market shorthand,United States - national,Monthly,Nominal end-month dollars,Unprocessed raw and semifabricated inputs.,M3DEF; DURABLES; M3TAB; TDCALENDAR,https://www.census.gov/manufacturing/m3/definitions/index.html | https://www.census.gov/manufacturing/m3/adv/pdf/durgd.pdf | https://www.census.gov/manufacturing/m3/prel/pdf/table5p.pdf | https://economics.td.com/domains/economics.td.com/documents/reports/bottom-line/tables/2026-09-04/recent.htm
RDPI,rdpi,US0287,U.S. national accounts,Disposable personal income adjusted for PCE prices,BEA Personal Income and Outlays,Market shorthand,United States - national,Monthly / quarterly,Current or chained dollars; usually SAAR,Different from nominal DPI or real wages.,PIO; NIPA,https://www.bea.gov/news/pio-release-additional-information | https://www.bea.gov/resources/methodologies/nipa-handbook
real AHE,real ahe,US0213,Wages and salaries,CES hourly earnings adjusted for consumer prices,BLS CES hours and earnings,Market shorthand,United States - national,Monthly,Constant-price hourly earnings,Deflator differs for all employees versus production/nonsupervisory; specify population.,CESTABLES; EMPTECH,https://www.bls.gov/ces/data/employment-and-earnings/2026/ | https://www.bls.gov/news.release/empsit.tn.htm
real AWE,real awe,US0214,Wages and salaries,CES weekly earnings adjusted for consumer prices,BLS CES hours and earnings,Market shorthand,United States - national,Monthly,Constant-price weekly earnings,Reflects hours as well as real hourly pay.,CESTABLES; EMPTECH,https://www.bls.gov/ces/data/employment-and-earnings/2026/ | https://www.bls.gov/news.release/empsit.tn.htm
real compensation per hour,real compensation per hour,US0231,Wages and salaries,Nonfarm-business hourly compensation deflated by consumer prices,BLS Productivity and Costs,Market shorthand,United States - national,Quarterly,Real compensation index / growth,Not the same as real average hourly earnings.,PRODUCTIVITY,https://www.bls.gov/news.release/prod2.htm
real consumer spending,real consumer spending,US0279,U.S. national accounts,Inflation-adjusted personal consumption expenditures,BEA Personal Income and Outlays,Market shorthand,United States - national,Monthly / quarterly,Current or chained dollars; usually SAAR,Not inflation-adjusted retail sales alone.,PIO; NIPA,https://www.bea.gov/news/pio-release-additional-information | https://www.bea.gov/resources/methodologies/nipa-handbook
real consumption,real consumption,US0279,U.S. national accounts,Inflation-adjusted personal consumption expenditures,BEA Personal Income and Outlays,Market shorthand,United States - national,Monthly / quarterly,Current or chained dollars; usually SAAR,Not inflation-adjusted retail sales alone.,PIO; NIPA,https://www.bea.gov/news/pio-release-additional-information | https://www.bea.gov/resources/methodologies/nipa-handbook
real control sales,real control sales,US0484,Retail trade data,A specified retail-sales aggregate divided by a specified price index,Analyst aggregate from Census retail sales,Derived measure,United States - national,Monthly,Nominal dollars (control); constructed real volume (real retail),No unique universal deflator; preserve both numerator and price adjustment.,RETAILCONTROL; RETAILMETHOD; TDUS,https://www.richmondfed.org/research/national_economy/macro_minute/2023/mm_05_30_23 | https://www.bea.gov/help/glossary/retail-control-method | https://economics.td.com/us-retail-sales
real disposable income,real disposable income,US0287,U.S. national accounts,Disposable personal income adjusted for PCE prices,BEA Personal Income and Outlays,Market shorthand,United States - national,Monthly / quarterly,Current or chained dollars; usually SAAR,Different from nominal DPI or real wages.,PIO; NIPA,https://www.bea.gov/news/pio-release-additional-information | https://www.bea.gov/resources/methodologies/nipa-handbook
real final sales,real final sales,US0273,U.S. national accounts,GDP less change in private inventories,BEA domestic demand and final sales aggregates,Ambiguous shorthand,United States - national,Quarterly / annual,Current or chained dollars / growth,Still includes government and net exports; do not substitute private final demand.,FS_PRODUCT; FS_DOMESTIC; FS_PRIVATE; NIPA,https://www.bea.gov/help/glossary/final-sales-domestic-product | https://www.bea.gov/help/glossary/final-sales-domestic-purchasers | https://www.bea.gov/help/glossary/final-sales-private-domestic-purchasers | https://www.bea.gov/resources/methodologies/nipa-handbook
real GDI,real gdi,US0242,U.S. national accounts,Inflation-adjusted gross domestic income,BEA National Income and Product Accounts,Market shorthand,United States - national,Quarterly / annual,Current or chained dollars; annual rates where published,Not real personal income.,GDP; NIPA,https://www.bea.gov/news/gdp-release-additional-information | https://www.bea.gov/resources/methodologies/nipa-handbook
real GDP,real gdp,US0239,U.S. national accounts,Inflation-adjusted gross domestic product,BEA National Income and Product Accounts,Market shorthand,United States - national,Quarterly / annual,Current or chained dollars; annual rates where published,Level generally chained dollars; quarterly growth often annualized.,GDP; NIPA,https://www.bea.gov/news/gdp-release-additional-information | https://www.bea.gov/resources/methodologies/nipa-handbook
real hourly compensation,real hourly compensation,US0231,Wages and salaries,Nonfarm-business hourly compensation deflated by consumer prices,BLS Productivity and Costs,Market shorthand,United States - national,Quarterly,Real compensation index / growth,Not the same as real average hourly earnings.,PRODUCTIVITY,https://www.bls.gov/news.release/prod2.htm
real hourly earnings,real hourly earnings,US0213,Wages and salaries,CES hourly earnings adjusted for consumer prices,BLS CES hours and earnings,Market shorthand,United States - national,Monthly,Constant-price hourly earnings,Deflator differs for all employees versus production/nonsupervisory; specify population.,CESTABLES; EMPTECH,https://www.bls.gov/ces/data/employment-and-earnings/2026/ | https://www.bls.gov/news.release/empsit.tn.htm
real income ex transfers,real income ex transfers,US0289,U.S. national accounts,Real personal income excluding current transfer receipts,BEA Personal Income and Outlays,Market shorthand,United States - national,Monthly / quarterly,Current or chained dollars; usually SAAR,Recession-monitoring income measure; transfers removed before appropriate price adjustment.,PIO; NIPA,https://www.bea.gov/news/pio-release-additional-information | https://www.bea.gov/resources/methodologies/nipa-handbook
real output,real output,US0239,U.S. national accounts,Inflation-adjusted gross domestic product,BEA National Income and Product Accounts,Market shorthand,United States - national,Quarterly / annual,Current or chained dollars; annual rates where published,Level generally chained dollars; quarterly growth often annualized.,GDP; NIPA,https://www.bea.gov/news/gdp-release-additional-information | https://www.bea.gov/resources/methodologies/nipa-handbook
real PCE,real pce,US0279,U.S. national accounts,Inflation-adjusted personal consumption expenditures,BEA Personal Income and Outlays,Market shorthand,United States - national,Monthly / quarterly,Current or chained dollars; usually SAAR,Not inflation-adjusted retail sales alone.,PIO; NIPA,https://www.bea.gov/news/pio-release-additional-information | https://www.bea.gov/resources/methodologies/nipa-handbook
real personal income,real personal income,US0288,U.S. national accounts,Personal income adjusted for consumer expenditure prices,BEA Personal Income and Outlays,Market shorthand,United States - national,Monthly / quarterly,Current or chained dollars; usually SAAR,Not the same as real income excluding transfers.,PIO; NIPA,https://www.bea.gov/news/pio-release-additional-information | https://www.bea.gov/resources/methodologies/nipa-handbook
real personal income ex transfers,real personal income ex transfers,US0289,U.S. national accounts,Real personal income excluding current transfer receipts,BEA Personal Income and Outlays,Market shorthand,United States - national,Monthly / quarterly,Current or chained dollars; usually SAAR,Recession-monitoring income measure; transfers removed before appropriate price adjustment.,PIO; NIPA,https://www.bea.gov/news/pio-release-additional-information | https://www.bea.gov/resources/methodologies/nipa-handbook
real PI less transfers,real pi less transfers,US0289,U.S. national accounts,Real personal income excluding current transfer receipts,BEA Personal Income and Outlays,Market shorthand,United States - national,Monthly / quarterly,Current or chained dollars; usually SAAR,Recession-monitoring income measure; transfers removed before appropriate price adjustment.,PIO; NIPA,https://www.bea.gov/news/pio-release-additional-information | https://www.bea.gov/resources/methodologies/nipa-handbook
real retail sales,real retail sales,US0484,Retail trade data,A specified retail-sales aggregate divided by a specified price index,Analyst aggregate from Census retail sales,Derived measure,United States - national,Monthly,Nominal dollars (control); constructed real volume (real retail),No unique universal deflator; preserve both numerator and price adjustment.,RETAILCONTROL; RETAILMETHOD; TDUS,https://www.richmondfed.org/research/national_economy/macro_minute/2023/mm_05_30_23 | https://www.bea.gov/help/glossary/retail-control-method | https://economics.td.com/us-retail-sales
real wages CES,real wages ces,US0213,Wages and salaries,CES hourly earnings adjusted for consumer prices,BLS CES hours and earnings,Market shorthand,United States - national,Monthly,Constant-price hourly earnings,Deflator differs for all employees versus production/nonsupervisory; specify population.,CESTABLES; EMPTECH,https://www.bls.gov/ces/data/employment-and-earnings/2026/ | https://www.bls.gov/news.release/empsit.tn.htm
real weekly earnings,real weekly earnings,US0214,Wages and salaries,CES weekly earnings adjusted for consumer prices,BLS CES hours and earnings,Market shorthand,United States - national,Monthly,Constant-price weekly earnings,Reflects hours as well as real hourly pay.,CESTABLES; EMPTECH,https://www.bls.gov/ces/data/employment-and-earnings/2026/ | https://www.bls.gov/news.release/empsit.tn.htm
reentrants,reentrants,US0166,Employment,Unemployed people who previously worked and returned to the labor force,BLS Employment Situation - CPS,Component label,United States - national,Monthly,People,A CPS unemployment-reason category.,CPS; EMPTECH; EMPTABLES,https://www.bls.gov/cps/definitions.htm | https://www.bls.gov/news.release/empsit.tn.htm | https://www.bls.gov/news.release/empsit.toc.htm
refi apps,refi apps,US0419,Surveys,MBA Refinance Index,MBA Weekly Mortgage Applications Survey,Market shorthand,United States - national,Weekly,Application volume index,Distinct from refinance share of total applications.,MBA,https://newslink.mba.org/mba-newslinks/2026/september/mba-newslink-thursday-sept-10-2026/mortgage-applications-decrease-in-latest-mba-weekly-survey/
refi share,refi share,US0420,Surveys,Refinancing applications as a share of total mortgage applications,MBA Weekly Mortgage Applications Survey,Market shorthand,United States - national,Weekly,Percent,"A share, not the refinance volume index.",MBA,https://newslink.mba.org/mba-newslinks/2026/september/mba-newslink-thursday-sept-10-2026/mortgage-applications-decrease-in-latest-mba-weekly-survey/
refinance index,refinance index,US0419,Surveys,MBA Refinance Index,MBA Weekly Mortgage Applications Survey,Market shorthand,United States - national,Weekly,Application volume index,Distinct from refinance share of total applications.,MBA,https://newslink.mba.org/mba-newslinks/2026/september/mba-newslink-thursday-sept-10-2026/mortgage-applications-decrease-in-latest-mba-weekly-survey/
refinance share,refinance share,US0420,Surveys,Refinancing applications as a share of total mortgage applications,MBA Weekly Mortgage Applications Survey,Market shorthand,United States - national,Weekly,Percent,"A share, not the refinance volume index.",MBA,https://newslink.mba.org/mba-newslinks/2026/september/mba-newslink-thursday-sept-10-2026/mortgage-applications-decrease-in-latest-mba-weekly-survey/
refis,refis,US0419,Surveys,MBA Refinance Index,MBA Weekly Mortgage Applications Survey,Market shorthand,United States - national,Weekly,Application volume index,Distinct from refinance share of total applications.,MBA,https://newslink.mba.org/mba-newslinks/2026/september/mba-newslink-thursday-sept-10-2026/mortgage-applications-decrease-in-latest-mba-weekly-survey/
rent,rent,US0028,Price indexes,CPI rent of primary residence,BLS Consumer Price Index,Market shorthand,United States - U.S. city average,Monthly,Index / percent change,"Existing-tenant and new-tenant rent sample, not asking-rent listings.",CPIT2,https://www.bls.gov/news.release/cpi.t02.htm
rent CPI,rent cpi,US0028,Price indexes,CPI rent of primary residence,BLS Consumer Price Index,Market shorthand,United States - U.S. city average,Monthly,Index / percent change,"Existing-tenant and new-tenant rent sample, not asking-rent listings.",CPIT2,https://www.bls.gov/news.release/cpi.t02.htm
rental income,rental income,US0294,U.S. national accounts,Rental income of persons with capital consumption adjustment,BEA Personal Income and Outlays,Component label,United States - national,Monthly / quarterly,Current or chained dollars; usually SAAR,Includes imputed owner-occupied rent; not merely landlord cash rent.,PIO; NIPA,https://www.bea.gov/news/pio-release-additional-information | https://www.bea.gov/resources/methodologies/nipa-handbook
renters' insurance CPI,renters' insurance cpi,US0031,Price indexes,CPI tenants' and household insurance,BLS Consumer Price Index,Component label,United States - U.S. city average,Monthly,Index / percent change,Not homeowners' property insurance.,CPIT2,https://www.bls.gov/news.release/cpi.t02.htm
research and development,research and development,US0257,U.S. national accounts,Private fixed investment in research and development,BEA National Income and Product Accounts,Official acronym,United States - national,Quarterly / annual,Current or chained dollars; annual rates where published,Capitalized in NIPA; distinguish from accounting operating expense.,GDP; NIPA,https://www.bea.gov/news/gdp-release-additional-information | https://www.bea.gov/resources/methodologies/nipa-handbook
residential fixed investment,residential fixed investment,US0252,U.S. national accounts,Private residential fixed investment,BEA National Income and Product Accounts,Market shorthand,United States - national,Quarterly / annual,Current or chained dollars; annual rates where published,"Includes new construction, improvements and ownership-transfer costs; not existing-home sale values.",GDP; NIPA,https://www.bea.gov/news/gdp-release-additional-information | https://www.bea.gov/resources/methodologies/nipa-handbook
residential investment,residential investment,US0252,U.S. national accounts,Private residential fixed investment,BEA National Income and Product Accounts,Market shorthand,United States - national,Quarterly / annual,Current or chained dollars; annual rates where published,"Includes new construction, improvements and ownership-transfer costs; not existing-home sale values.",GDP; NIPA,https://www.bea.gov/news/gdp-release-additional-information | https://www.bea.gov/resources/methodologies/nipa-handbook
residential loan standards,residential loan standards,US0393,Surveys,Net tightening for the selected residential mortgage category,Federal Reserve Senior Loan Officer Opinion Survey,Component label,United States - national,Quarterly,Net percentage of responding banks,Mortgage product must be specified.,SLOOS,https://www.federalreserve.gov/data/sloos/sloos-202607-chart-data.htm
restaurant jobs,restaurant jobs,US0125,Payrolls,CES food services and drinking places employment,BLS Employment Situation - CES,Market shorthand,United States - national,Monthly,Jobs; usually reported in thousands,Not the entire leisure and hospitality group.,CES; EMPTECH,https://www.bls.gov/ces/ | https://www.bls.gov/news.release/empsit.tn.htm
restaurant prices,restaurant prices,US0018,Price indexes,CPI food away from home,BLS Consumer Price Index,Market shorthand,United States - U.S. city average,Monthly,Index / percent change,Broader than full-service restaurant meals.,CPIT2,https://www.bls.gov/news.release/cpi.t02.htm
restaurant sales,restaurant sales,US0473,Retail trade data,Sales of food services and drinking places,Census Advance Monthly Sales for Retail and Food Services,Market shorthand,United States - national,Monthly,Nominal sales dollars / monthly percent change,"Nominal sales, not real restaurant consumption.",RETAIL,https://www.census.gov/retail/index.html
retail and food services,retail and food services,US0462,Retail trade data,Retail and food services sales,Census Advance Monthly Sales for Retail and Food Services,Market shorthand,United States - national,Monthly,Nominal sales dollars / monthly percent change,"Nominal dollars, not real consumption; includes food services.",RETAIL,https://www.census.gov/retail/index.html
retail control,retail control,US0483,Retail trade data,"Retail and food services less motor vehicle/parts dealers, gasoline stations, building-material/garden dealers and food services/drinking places",Analyst aggregate from Census retail sales,Derived measure,United States - national,Monthly,Nominal dollars (control); constructed real volume (real retail),Constructed nominal aggregate; not itself all PCE or the full BEA PCE control group.,RETAILCONTROL; RETAILMETHOD; TDUS,https://www.richmondfed.org/research/national_economy/macro_minute/2023/mm_05_30_23 | https://www.bea.gov/help/glossary/retail-control-method | https://economics.td.com/us-retail-sales
retail ex autos,retail ex autos,US0464,Retail trade data,Retail and food services excluding motor vehicle and parts dealers,Census Advance Monthly Sales for Retail and Food Services,Market shorthand,United States - national,Monthly,Nominal sales dollars / monthly percent change,Dealer sales include parts; not a vehicle-unit measure.,RETAIL,https://www.census.gov/retail/index.html
retail ex autos and gas,retail ex autos and gas,US0466,Retail trade data,Retail and food services excluding motor vehicle/parts dealers and gasoline stations,Census Advance Monthly Sales for Retail and Food Services,Market shorthand,United States - national,Monthly,Nominal sales dollars / monthly percent change,Still includes building materials and restaurants; not the control group.,RETAIL,https://www.census.gov/retail/index.html
retail ex gas,retail ex gas,US0465,Retail trade data,Retail and food services excluding gasoline stations,Census Advance Monthly Sales for Retail and Food Services,Market shorthand,United States - national,Monthly,Nominal sales dollars / monthly percent change,"Excludes stations' sales, not every gasoline sale in the economy.",RETAIL,https://www.census.gov/retail/index.html
retail ex-auto inventories,retail ex-auto inventories,US0491,Retail trade data,Retail inventories excluding motor vehicle and parts dealers,Census Manufacturing and Trade Inventories and Sales,Market shorthand,United States - national,Monthly,Nominal end-month dollars,GDP-tracking input; not the retail control group.,MTIS; RETAIL,https://www.census.gov/mtis/current/index.html | https://www.census.gov/retail/index.html
retail inventories,retail inventories,US0490,Retail trade data,Retailers' end-of-month inventories,Census Manufacturing and Trade Inventories and Sales,Market shorthand,United States - national,Monthly,Nominal end-month dollars,"Stock, not retail sales.",MTIS; RETAIL,https://www.census.gov/mtis/current/index.html | https://www.census.gov/retail/index.html
retail inventories ex autos,retail inventories ex autos,US0491,Retail trade data,Retail inventories excluding motor vehicle and parts dealers,Census Manufacturing and Trade Inventories and Sales,Market shorthand,United States - national,Monthly,Nominal end-month dollars,GDP-tracking input; not the retail control group.,MTIS; RETAIL,https://www.census.gov/mtis/current/index.html | https://www.census.gov/retail/index.html
retail jobs,retail jobs,US0118,Payrolls,CES retail trade employment,BLS Employment Situation - CES,Component label,United States - national,Monthly,Jobs; usually reported in thousands,Does not mean retail sales.,CES; EMPTECH,https://www.bls.gov/ces/ | https://www.bls.gov/news.release/empsit.tn.htm
retail payrolls,retail payrolls,US0118,Payrolls,CES retail trade employment,BLS Employment Situation - CES,Component label,United States - national,Monthly,Jobs; usually reported in thousands,Does not mean retail sales.,CES; EMPTECH,https://www.bls.gov/ces/ | https://www.bls.gov/news.release/empsit.tn.htm
retail sales,retail sales,US0462,Retail trade data,Retail and food services sales,Census Advance Monthly Sales for Retail and Food Services,Market shorthand,United States - national,Monthly,Nominal sales dollars / monthly percent change,"Nominal dollars, not real consumption; includes food services.",RETAIL,https://www.census.gov/retail/index.html
retail sales control group,retail sales control group,US0483,Retail trade data,"Retail and food services less motor vehicle/parts dealers, gasoline stations, building-material/garden dealers and food services/drinking places",Analyst aggregate from Census retail sales,Derived measure,United States - national,Monthly,Nominal dollars (control); constructed real volume (real retail),Constructed nominal aggregate; not itself all PCE or the full BEA PCE control group.,RETAILCONTROL; RETAILMETHOD; TDUS,https://www.richmondfed.org/research/national_economy/macro_minute/2023/mm_05_30_23 | https://www.bea.gov/help/glossary/retail-control-method | https://economics.td.com/us-retail-sales
retail sales ex food services,retail sales ex food services,US0463,Retail trade data,Retail trade sales excluding food services and drinking places,Census Advance Monthly Sales for Retail and Food Services,Market shorthand,United States - national,Monthly,Nominal sales dollars / monthly percent change,Narrower than headline retail and food services.,RETAIL,https://www.census.gov/retail/index.html
retail stocks,retail stocks,US0490,Retail trade data,Retailers' end-of-month inventories,Census Manufacturing and Trade Inventories and Sales,Market shorthand,United States - national,Monthly,Nominal end-month dollars,"Stock, not retail sales.",MTIS; RETAIL,https://www.census.gov/mtis/current/index.html | https://www.census.gov/retail/index.html
retail trade,retail trade,US0463,Retail trade data,Retail trade sales excluding food services and drinking places,Census Advance Monthly Sales for Retail and Food Services,Market shorthand,United States - national,Monthly,Nominal sales dollars / monthly percent change,Narrower than headline retail and food services.,RETAIL,https://www.census.gov/retail/index.html
RFI,rfi,US0252,U.S. national accounts,Private residential fixed investment,BEA National Income and Product Accounts,Market shorthand,United States - national,Quarterly / annual,Current or chained dollars; annual rates where published,"Includes new construction, improvements and ownership-transfer costs; not existing-home sale values.",GDP; NIPA,https://www.bea.gov/news/gdp-release-additional-information | https://www.bea.gov/resources/methodologies/nipa-handbook
RGDI,rgdi,US0242,U.S. national accounts,Inflation-adjusted gross domestic income,BEA National Income and Product Accounts,Market shorthand,United States - national,Quarterly / annual,Current or chained dollars; annual rates where published,Not real personal income.,GDP; NIPA,https://www.bea.gov/news/gdp-release-additional-information | https://www.bea.gov/resources/methodologies/nipa-handbook
RGDP,rgdp,US0239,U.S. national accounts,Inflation-adjusted gross domestic product,BEA National Income and Product Accounts,Market shorthand,United States - national,Quarterly / annual,Current or chained dollars; annual rates where published,Level generally chained dollars; quarterly growth often annualized.,GDP; NIPA,https://www.bea.gov/news/gdp-release-additional-information | https://www.bea.gov/resources/methodologies/nipa-handbook
Richmond composite,richmond composite,US0370,Surveys,Fifth District manufacturing composite index,Richmond Fed Fifth District manufacturing survey,Market shorthand,United States - Fifth Federal Reserve District,Monthly,Diffusion index,"Composite of shipments, new orders and employment.",RICHMOND,https://www.richmondfed.org/region_communities/regional_data_analysis/business_surveys/manufacturing
Richmond employment,richmond employment,US0373,Surveys,Fifth District manufacturing employment index,Richmond Fed Fifth District manufacturing survey,Component label,United States - Fifth Federal Reserve District,Monthly,Diffusion index,Not payroll count.,RICHMOND,https://www.richmondfed.org/region_communities/regional_data_analysis/business_surveys/manufacturing
Richmond Fed,richmond fed,US0370,Surveys,Fifth District manufacturing composite index,Richmond Fed Fifth District manufacturing survey,Market shorthand,United States - Fifth Federal Reserve District,Monthly,Diffusion index,"Composite of shipments, new orders and employment.",RICHMOND,https://www.richmondfed.org/region_communities/regional_data_analysis/business_surveys/manufacturing
Richmond input prices,richmond input prices,US0374,Surveys,Average reported growth of prices paid in the manufacturing survey,Richmond Fed Fifth District manufacturing survey,Component label,United States - Fifth Federal Reserve District,Monthly,Reported price growth,"Unlike many regional surveys, price series are growth rates, not diffusion indexes.",RICHMOND,https://www.richmondfed.org/region_communities/regional_data_analysis/business_surveys/manufacturing
Richmond manufacturing,richmond manufacturing,US0370,Surveys,Fifth District manufacturing composite index,Richmond Fed Fifth District manufacturing survey,Market shorthand,United States - Fifth Federal Reserve District,Monthly,Diffusion index,"Composite of shipments, new orders and employment.",RICHMOND,https://www.richmondfed.org/region_communities/regional_data_analysis/business_surveys/manufacturing
Richmond new orders,richmond new orders,US0372,Surveys,Fifth District manufacturing new orders index,Richmond Fed Fifth District manufacturing survey,Component label,United States - Fifth Federal Reserve District,Monthly,Diffusion index,Current survey response balance.,RICHMOND,https://www.richmondfed.org/region_communities/regional_data_analysis/business_surveys/manufacturing
Richmond nonmanufacturing,richmond nonmanufacturing,US0430,Surveys,Fifth District Survey of Non-Manufacturing Activity,Richmond Fed Non-Manufacturing Survey,Release / family label,United States - Fifth Federal Reserve District,Monthly,Diffusion indexes; price growth rates,Former service-sector survey; renamed to reflect scope.,RICHMONDNM,https://www.richmondfed.org/region_communities/regional_data_analysis/business_surveys/non-manufacturing
Richmond orders,richmond orders,US0372,Surveys,Fifth District manufacturing new orders index,Richmond Fed Fifth District manufacturing survey,Component label,United States - Fifth Federal Reserve District,Monthly,Diffusion index,Current survey response balance.,RICHMOND,https://www.richmondfed.org/region_communities/regional_data_analysis/business_surveys/manufacturing
Richmond prices paid,richmond prices paid,US0374,Surveys,Average reported growth of prices paid in the manufacturing survey,Richmond Fed Fifth District manufacturing survey,Component label,United States - Fifth Federal Reserve District,Monthly,Reported price growth,"Unlike many regional surveys, price series are growth rates, not diffusion indexes.",RICHMOND,https://www.richmondfed.org/region_communities/regional_data_analysis/business_surveys/manufacturing
Richmond prices received,richmond prices received,US0375,Surveys,Average reported growth of prices received in the manufacturing survey,Richmond Fed Fifth District manufacturing survey,Component label,United States - Fifth Federal Reserve District,Monthly,Reported price growth,Do not interpret as a net-percent balance.,RICHMOND,https://www.richmondfed.org/region_communities/regional_data_analysis/business_surveys/manufacturing
Richmond revenues,richmond revenues,US0431,Surveys,Fifth District nonmanufacturing revenues index,Richmond Fed Non-Manufacturing Survey,Market shorthand,United States - Fifth Federal Reserve District,Monthly,Diffusion index,Not manufacturers shipments; preserve current/future.,RICHMONDNM,https://www.richmondfed.org/region_communities/regional_data_analysis/business_surveys/non-manufacturing
Richmond selling prices,richmond selling prices,US0375,Surveys,Average reported growth of prices received in the manufacturing survey,Richmond Fed Fifth District manufacturing survey,Component label,United States - Fifth Federal Reserve District,Monthly,Reported price growth,Do not interpret as a net-percent balance.,RICHMOND,https://www.richmondfed.org/region_communities/regional_data_analysis/business_surveys/manufacturing
Richmond services,richmond services,US0430,Surveys,Fifth District Survey of Non-Manufacturing Activity,Richmond Fed Non-Manufacturing Survey,Release / family label,United States - Fifth Federal Reserve District,Monthly,Diffusion indexes; price growth rates,Former service-sector survey; renamed to reflect scope.,RICHMONDNM,https://www.richmondfed.org/region_communities/regional_data_analysis/business_surveys/non-manufacturing
Richmond services revenues,richmond services revenues,US0431,Surveys,Fifth District nonmanufacturing revenues index,Richmond Fed Non-Manufacturing Survey,Market shorthand,United States - Fifth Federal Reserve District,Monthly,Diffusion index,Not manufacturers shipments; preserve current/future.,RICHMONDNM,https://www.richmondfed.org/region_communities/regional_data_analysis/business_surveys/non-manufacturing
Richmond shipments,richmond shipments,US0371,Surveys,Fifth District manufacturing shipments index,Richmond Fed Fifth District manufacturing survey,Component label,United States - Fifth Federal Reserve District,Monthly,Diffusion index,"Survey diffusion, not Census shipments.",RICHMOND,https://www.richmondfed.org/region_communities/regional_data_analysis/business_surveys/manufacturing
RPI,rpi,US0288,U.S. national accounts,Personal income adjusted for consumer expenditure prices,BEA Personal Income and Outlays,Market shorthand,United States - national,Monthly / quarterly,Current or chained dollars; usually SAAR,Not the same as real income excluding transfers.,PIO; NIPA,https://www.bea.gov/news/pio-release-additional-information | https://www.bea.gov/resources/methodologies/nipa-handbook
RS,rs,US0462,Retail trade data,Retail and food services sales,Census Advance Monthly Sales for Retail and Food Services,Market shorthand,United States - national,Monthly,Nominal sales dollars / monthly percent change,"Nominal dollars, not real consumption; includes food services.",RETAIL,https://www.census.gov/retail/index.html
S&L jobs,s&l jobs,US0108,Payrolls,State plus local government employment in CES,BLS Employment Situation - CES,Market shorthand,United States - national,Monthly,Jobs; usually reported in thousands,Combined subaggregate; not federal employment.,CES; EMPTECH,https://www.bls.gov/ces/ | https://www.bls.gov/news.release/empsit.tn.htm
S&L purchases,s&l purchases,US0264,U.S. national accounts,State and local government consumption expenditures and gross investment,BEA National Income and Product Accounts,Market shorthand,United States - national,Quarterly / annual,Current or chained dollars; annual rates where published,"NIPA purchases, not total state/local budget expenditures.",GDP; NIPA,https://www.bea.gov/news/gdp-release-additional-information | https://www.bea.gov/resources/methodologies/nipa-handbook
S&P Case-Shiller,s&p case-shiller,US0095,Price indexes,S&P Cotality Case-Shiller home-price index family,S&P Cotality Case-Shiller indices,Release / family label,United States - national,Monthly,Index / growth,"Require national, 20-city or 10-city; CoreLogic is older branding.",CASESHILLER,https://press.spglobal.com/2026-04-28-S-P-Cotality-Case-Shiller-Index-Reports-Annual-Gain-in-January-2026
S&P composite PMI,s&p composite pmi,US0323,Surveys,S&P Global U.S. Composite Output Index,S&P Global U.S. PMI,Market shorthand,United States - national,Monthly,Diffusion / composite index,"Combines manufacturing output and services activity, not the two headline PMIs.",SPPMI,https://www.spglobal.com/market-intelligence/en/solutions/products/resources/pmi-faq
S&P manufacturing PMI,s&p manufacturing pmi,US0321,Surveys,S&P Global U.S. Manufacturing PMI,S&P Global U.S. PMI,Market shorthand,United States - national,Monthly,Diffusion / composite index,'PMI' alone is ambiguous with ISM and non-U.S. releases.,SPPMI,https://www.spglobal.com/market-intelligence/en/solutions/products/resources/pmi-faq
S&P services PMI,s&p services pmi,US0322,Surveys,S&P Global U.S. Services Business Activity Index,S&P Global U.S. PMI,Market shorthand,United States - national,Monthly,Diffusion / composite index,Services headline measures activity; not ISM's services composite.,SPPMI,https://www.spglobal.com/market-intelligence/en/solutions/products/resources/pmi-faq
saving rate,saving rate,US0299,U.S. national accounts,Personal saving as a percentage of disposable personal income,BEA Personal Income and Outlays,Market shorthand,United States - national,Monthly / quarterly,Percent of DPI,Denominator is DPI; not income before tax.,PIO; NIPA,https://www.bea.gov/news/pio-release-additional-information | https://www.bea.gov/resources/methodologies/nipa-handbook
savings flow,savings flow,US0298,U.S. national accounts,Disposable personal income less personal outlays,BEA Personal Income and Outlays,Market shorthand,United States - national,Monthly / quarterly,Current or chained dollars; usually SAAR,"A period flow, not accumulated household wealth.",PIO; NIPA,https://www.bea.gov/news/pio-release-additional-information | https://www.bea.gov/resources/methodologies/nipa-handbook
savings rate,savings rate,US0299,U.S. national accounts,Personal saving as a percentage of disposable personal income,BEA Personal Income and Outlays,Market shorthand,United States - national,Monthly / quarterly,Percent of DPI,Denominator is DPI; not income before tax.,PIO; NIPA,https://www.bea.gov/news/pio-release-additional-information | https://www.bea.gov/resources/methodologies/nipa-handbook
SBOI,sboi,US0341,Surveys,NFIB Small Business Optimism Index,NFIB Small Business Economic Trends,Market shorthand,United States - national,Monthly,Index / percent of firms / net percent,Composite index; survey represents NFIB small-business respondents.,NFIB; NFIBJOBS,https://www.nfib.com/wp-content/uploads/2026/09/NFIB-SBET-Report-August-2026.pdf | https://www.nfib.com/wp-content/uploads/2026/09/NFIB-August-2026-Jobs-Report.pdf
SCE,sce,US0395,Surveys,Survey of Consumer Expectations,New York Fed Survey of Consumer Expectations,Release / family label,United States - national,Monthly,Percent expected growth / probability,Survey family; distinguish from Empire State.,SCE,https://www.newyorkfed.org/microeconomics/sceIndex/index.html
SCE earnings expectations,sce earnings expectations,US0399,Surveys,Median expected growth in earnings over the next year,New York Fed Survey of Consumer Expectations,Component label,United States - national,Monthly,Percent expected growth / probability,"Expectations, not realized wage growth.",SCE,https://www.newyorkfed.org/microeconomics/sceIndex/index.html
SCE job finding,sce job finding,US0402,Surveys,Mean perceived probability of finding a job within the survey's specified horizon after job loss,New York Fed Survey of Consumer Expectations,Component label,United States - national,Monthly,Percent expected growth / probability,Not realized U-to-E transition probability.,SCE,https://www.newyorkfed.org/microeconomics/sceIndex/index.html
SCE job loss,sce job loss,US0401,Surveys,Mean perceived probability of losing one's job within the specified horizon,New York Fed Survey of Consumer Expectations,Component label,United States - national,Monthly,Percent expected growth / probability,"A subjective probability, not a layoff rate.",SCE,https://www.newyorkfed.org/microeconomics/sceIndex/index.html
SCE longer-term inflation,sce longer-term inflation,US0398,Surveys,Median five-year-ahead expected inflation,New York Fed Survey of Consumer Expectations,Component label,United States - national,Monthly,Percent expected growth / probability,Not a market 5y5y forward inflation rate.,SCE,https://www.newyorkfed.org/microeconomics/sceIndex/index.html
SCE medium-term inflation,sce medium-term inflation,US0397,Surveys,Median three-year-ahead expected inflation,New York Fed Survey of Consumer Expectations,Component label,United States - national,Monthly,Percent expected growth / probability,Horizon is not the next three-year cumulative price change.,SCE,https://www.newyorkfed.org/microeconomics/sceIndex/index.html
SCE one-year inflation,sce one-year inflation,US0396,Surveys,Median one-year-ahead expected inflation,New York Fed Survey of Consumer Expectations,Component label,United States - national,Monthly,Percent expected growth / probability,Not University of Michigan expectations.,SCE,https://www.newyorkfed.org/microeconomics/sceIndex/index.html
SCE spending expectations,sce spending expectations,US0400,Surveys,Median expected household spending growth,New York Fed Survey of Consumer Expectations,Component label,United States - national,Monthly,Percent expected growth / probability,Nominal reported expectations.,SCE,https://www.newyorkfed.org/microeconomics/sceIndex/index.html
self-employed,self-employed,US0162,Employment,CPS unincorporated self-employed workers,BLS Employment Situation - CPS,Market shorthand,United States - national,Monthly,People,Incorporated owners are generally classified as wage-and-salary workers in main CPS class-of-worker tables.,CPS; EMPTECH; EMPTABLES,https://www.bls.gov/cps/definitions.htm | https://www.bls.gov/news.release/empsit.tn.htm | https://www.bls.gov/news.release/empsit.toc.htm
self-employment income NIPA,self-employment income nipa,US0293,U.S. national accounts,Proprietors' income with IVA and CCAdj,BEA Personal Income and Outlays,Market shorthand,United States - national,Monthly / quarterly,Current or chained dollars; usually SAAR,"Includes noncorporate business income, not only cash withdrawals.",PIO; NIPA,https://www.bea.gov/news/pio-release-additional-information | https://www.bea.gov/resources/methodologies/nipa-handbook
selling prices NFIB,selling prices nfib,US0347,Surveys,Net share raising average selling prices,NFIB Small Business Economic Trends,Market shorthand,United States - national,Monthly,Index / percent of firms / net percent,"Net response balance, not an inflation rate.",NFIB; NFIBJOBS,https://www.nfib.com/wp-content/uploads/2026/09/NFIB-SBET-Report-August-2026.pdf | https://www.nfib.com/wp-content/uploads/2026/09/NFIB-August-2026-Jobs-Report.pdf
selling prices PMI,selling prices pmi,US0326,Surveys,S&P Global U.S. sector output-prices index,S&P Global U.S. PMI,Market shorthand,United States - national,Monthly,Diffusion / composite index,"Survey change in firms' selling prices, not official price-index inflation.",SPPMI,https://www.spglobal.com/market-intelligence/en/solutions/products/resources/pmi-faq
SEP,sep,US0406,Surveys,FOMC participants' Summary of Economic Projections,Federal Reserve Summary of Economic Projections,Release / family label,United States - national,Quarterly projection rounds,Projection / percent,"Policy participants' projections, not a standard representative survey.",SEP,https://www.federalreserve.gov/monetarypolicy/files/fomcprojtabl20250917.pdf
SEP growth,sep growth,US0411,Surveys,Participants' fourth-quarter-over-fourth-quarter real GDP growth projections,Federal Reserve Summary of Economic Projections,Component label,United States - national,Quarterly projection rounds,Projection / percent,Not the annual-average growth convention used in some other forecasts.,SEP,https://www.federalreserve.gov/monetarypolicy/files/fomcprojtabl20250917.pdf
SEP inflation,sep inflation,US0412,Surveys,Participants' Q4-over-Q4 PCE or core PCE inflation projections,Federal Reserve Summary of Economic Projections,Component label,United States - national,Quarterly projection rounds,Projection / percent,Identify headline/core; not necessarily annual-average inflation.,SEP,https://www.federalreserve.gov/monetarypolicy/files/fomcprojtabl20250917.pdf
SEP unemployment,sep unemployment,US0410,Surveys,Participants' Q4-average civilian unemployment-rate projections,Federal Reserve Summary of Economic Projections,Component label,United States - national,Quarterly projection rounds,Projection / percent,Not a full-year average.,SEP,https://www.federalreserve.gov/monetarypolicy/files/fomcprojtabl20250917.pdf
separations,separations,US0183,Employment,JOLTS quits plus layoffs/discharges plus other separations,BLS JOLTS,Market shorthand,United States - national,Monthly,Separations,Broader than layoffs.,JOLTS,https://www.bls.gov/news.release/jolts.tn.htm
separations rate,separations rate,US0184,Employment,JOLTS total separations divided by employment,BLS JOLTS,Ambiguous shorthand,United States - national,Monthly,Percent,'Turnover' is sometimes constructed differently; identify the formula.,JOLTS,https://www.bls.gov/news.release/jolts.tn.htm
service jobs,service jobs,US0112,Payrolls,CES employment in service-providing industries,BLS Employment Situation - CES,Market shorthand,United States - national,Monthly,Jobs; usually reported in thousands,Total service-providing includes government; private services excludes it.,CES; EMPTECH,https://www.bls.gov/ces/ | https://www.bls.gov/news.release/empsit.tn.htm
service-providing payrolls,service-providing payrolls,US0112,Payrolls,CES employment in service-providing industries,BLS Employment Situation - CES,Market shorthand,United States - national,Monthly,Jobs; usually reported in thousands,Total service-providing includes government; private services excludes it.,CES; EMPTECH,https://www.bls.gov/ces/ | https://www.bls.gov/news.release/empsit.tn.htm
services consumption,services consumption,US0284,U.S. national accounts,PCE on services,BEA Personal Income and Outlays,Component label,United States - national,Monthly / quarterly,Current or chained dollars; usually SAAR,Much broader than retail food-service sales.,PIO; NIPA,https://www.bea.gov/news/pio-release-additional-information | https://www.bea.gov/resources/methodologies/nipa-handbook
services deflator,services deflator,US0050,Price indexes,PCE services chain-type price index,BEA Personal Income and Outlays / NIPA price tables,Component label,United States - national,Monthly,Index / percent change,Includes housing and energy services.,PCEPRICE; NIPA,https://www.bea.gov/data/personal-consumption-expenditures-price-index | https://www.bea.gov/resources/methodologies/nipa-handbook
services ISM,services ism,US0314,Surveys,ISM Services PMI,ISM Services PMI Report,Market shorthand,United States - national,Monthly,Diffusion / composite index,"Formerly Non-Manufacturing; four-component composite, not S&P Services PMI.",ISM,https://www.ismworld.org/globalassets/pub/research-and-surveys/rob/pmi/nope202608pmi.pdf
services jobs ISM,services jobs ism,US0317,Surveys,ISM Services Employment Index,ISM Services PMI Report,Component label,United States - national,Monthly,Diffusion / composite index,Not services payroll employment.,ISM,https://www.ismworld.org/globalassets/pub/research-and-surveys/rob/pmi/nope202608pmi.pdf
services less trade,services less trade,US0064,Price indexes,PPI final demand services less trade services,BLS Producer Price Index,Component label,United States - national,Monthly,Index / percent change,Can retain transportation and warehousing; not ex trade AND transportation.,PPI; PPIHOME,https://www.bls.gov/news.release/archives/ppi_09102026.htm | https://www.bls.gov/ppi/
services new orders,services new orders,US0316,Surveys,ISM Services New Orders Index,ISM Services PMI Report,Component label,United States - national,Monthly,Diffusion / composite index,Provider and sector are necessary to identify it.,ISM,https://www.ismworld.org/globalassets/pub/research-and-surveys/rob/pmi/nope202608pmi.pdf
services PPI,services ppi,US0062,Price indexes,PPI final demand services,BLS Producer Price Index,Component label,United States - national,Monthly,Index / percent change,Includes trade margins and transport/warehousing.,PPI; PPIHOME,https://www.bls.gov/news.release/archives/ppi_09102026.htm | https://www.bls.gov/ppi/
services prices paid,services prices paid,US0318,Surveys,ISM Services Prices Index,ISM Services PMI Report,Component label,United States - national,Monthly,Diffusion / composite index,"Diffusion index, not measured services inflation.",ISM,https://www.ismworld.org/globalassets/pub/research-and-surveys/rob/pmi/nope202608pmi.pdf
services revenues,services revenues,US0494,Retail trade data,Quarterly Services Survey selected-services revenue,Census Quarterly Services Survey,Market shorthand,United States - national,Quarterly,Nominal revenue dollars,Hard revenue data collected by survey; not sentiment or all services GDP.,QSS,https://www.census.gov/services/qss/qss-current.pdf
services spending,services spending,US0284,U.S. national accounts,PCE on services,BEA Personal Income and Outlays,Component label,United States - national,Monthly / quarterly,Current or chained dollars; usually SAAR,Much broader than retail food-service sales.,PIO; NIPA,https://www.bea.gov/news/pio-release-additional-information | https://www.bea.gov/resources/methodologies/nipa-handbook
shelter,shelter,US0027,Price indexes,CPI shelter,BLS Consumer Price Index,Market shorthand,United States - U.S. city average,Monthly,Index / percent change,'Housing inflation' requires context; shelter is not a house-purchase price index.,CPIT2,https://www.bls.gov/news.release/cpi.t02.htm
shelter CPI,shelter cpi,US0027,Price indexes,CPI shelter,BLS Consumer Price Index,Market shorthand,United States - U.S. city average,Monthly,Index / percent change,'Housing inflation' requires context; shelter is not a house-purchase price index.,CPIT2,https://www.bls.gov/news.release/cpi.t02.htm
shipments,shipments,US0518,Manufacturing orders,Manufacturers' shipments,"Census Manufacturers Shipments, Inventories and Orders (M3)",Market shorthand,United States - national,Monthly,Nominal monthly dollars / percent change,Dollar value of goods shipped/sold; not new orders or real output.,M3DEF; DURABLES; M3TAB; TDCALENDAR,https://www.census.gov/manufacturing/m3/definitions/index.html | https://www.census.gov/manufacturing/m3/adv/pdf/durgd.pdf | https://www.census.gov/manufacturing/m3/prel/pdf/table5p.pdf | https://economics.td.com/domains/economics.td.com/documents/reports/bottom-line/tables/2026-09-04/recent.htm
short-term unemployed,short-term unemployed,US0169,Employment,Unemployed people out of work less than five weeks,BLS Employment Situation - CPS,Ambiguous shorthand,United States - national,Monthly,People,'Short-term' can have other cutoffs; preserve the cutoff.,CPS; EMPTECH; EMPTABLES,https://www.bls.gov/cps/definitions.htm | https://www.bls.gov/news.release/empsit.tn.htm | https://www.bls.gov/news.release/empsit.toc.htm
SLOOS,sloos,US0387,Surveys,Senior Loan Officer Opinion Survey on Bank Lending Practices,Federal Reserve Senior Loan Officer Opinion Survey,Release / family label,United States - national,Quarterly,Net percentage of responding banks,Survey family; not one index.,SLOOS,https://www.federalreserve.gov/data/sloos/sloos-202607-chart-data.htm
small-business optimism,small-business optimism,US0341,Surveys,NFIB Small Business Optimism Index,NFIB Small Business Economic Trends,Market shorthand,United States - national,Monthly,Index / percent of firms / net percent,Composite index; survey represents NFIB small-business respondents.,NFIB; NFIBJOBS,https://www.nfib.com/wp-content/uploads/2026/09/NFIB-SBET-Report-August-2026.pdf | https://www.nfib.com/wp-content/uploads/2026/09/NFIB-August-2026-Jobs-Report.pdf
social benefits,social benefits,US0301,U.S. national accounts,Government social benefits to persons,BEA Personal Income and Outlays,Market shorthand,United States - national,Monthly / quarterly,"Current dollars, usually SAAR","Subset of personal current transfer receipts, not direct government purchases in GDP.",PIO; NIPA,https://www.bea.gov/news/pio-release-additional-information | https://www.bea.gov/resources/methodologies/nipa-handbook
software capex,software capex,US0256,U.S. national accounts,Private fixed investment in software,BEA National Income and Product Accounts,Component label,United States - national,Quarterly / annual,Current or chained dollars; annual rates where published,Part of intellectual property products.,GDP; NIPA,https://www.bea.gov/news/gdp-release-additional-information | https://www.bea.gov/resources/methodologies/nipa-handbook
software investment,software investment,US0256,U.S. national accounts,Private fixed investment in software,BEA National Income and Product Accounts,Component label,United States - national,Quarterly / annual,Current or chained dollars; annual rates where published,Part of intellectual property products.,GDP; NIPA,https://www.bea.gov/news/gdp-release-additional-information | https://www.bea.gov/resources/methodologies/nipa-handbook
SPF,spf,US0403,Surveys,Survey of Professional Forecasters,Philadelphia Fed Survey of Professional Forecasters,Release / family label,United States - national,Quarterly,Forecast / probability,"Forecast survey, not observations of GDP or inflation.",SPF,https://www.philadelphiafed.org/surveys-and-data/real-time-data-research/survey-of-professional-forecasters
SPF median,spf median,US0404,Surveys,Median forecast of the named SPF variable and horizon,Philadelphia Fed Survey of Professional Forecasters,Ambiguous shorthand,United States - national,Quarterly,Forecast / probability,"No unique series until variable, horizon and vintage are specified.",SPF,https://www.philadelphiafed.org/surveys-and-data/real-time-data-research/survey-of-professional-forecasters
SPF negative-growth probability,spf negative-growth probability,US0405,Surveys,Mean forecast probability of a decline in real GDP in a specified quarter,Philadelphia Fed Survey of Professional Forecasters,Market shorthand,United States - national,Quarterly,Forecast / probability,Not identical to the probability of an NBER recession.,SPF,https://www.philadelphiafed.org/surveys-and-data/real-time-data-research/survey-of-professional-forecasters
SPF recession odds,spf recession odds,US0405,Surveys,Mean forecast probability of a decline in real GDP in a specified quarter,Philadelphia Fed Survey of Professional Forecasters,Market shorthand,United States - national,Quarterly,Forecast / probability,Not identical to the probability of an NBER recession.,SPF,https://www.philadelphiafed.org/surveys-and-data/real-time-data-research/survey-of-professional-forecasters
sporting goods hobby books and music,sporting goods hobby books and music,US0482,Retail trade data,"Sales of sporting goods, hobby, book and music retailers/stores",Census Advance Monthly Sales for Retail and Food Services,Component label,United States - national,Monthly,Nominal sales dollars / monthly percent change,Retain the official classification vintage; not all recreational spending.,RETAIL,https://www.census.gov/retail/index.html
state and local ECI,state and local eci,US0220,Wages and salaries,ECI compensation for state and local government workers,BLS Employment Cost Index,Component label,United States - national,Quarterly,Labor-cost index / percent change,Federal workers are not included.,ECI,https://www.bls.gov/eci/
state and local payrolls,state and local payrolls,US0108,Payrolls,State plus local government employment in CES,BLS Employment Situation - CES,Market shorthand,United States - national,Monthly,Jobs; usually reported in thousands,Combined subaggregate; not federal employment.,CES; EMPTECH,https://www.bls.gov/ces/ | https://www.bls.gov/news.release/empsit.tn.htm
state and local spending,state and local spending,US0264,U.S. national accounts,State and local government consumption expenditures and gross investment,BEA National Income and Product Accounts,Market shorthand,United States - national,Quarterly / annual,Current or chained dollars; annual rates where published,"NIPA purchases, not total state/local budget expenditures.",GDP; NIPA,https://www.bea.gov/news/gdp-release-additional-information | https://www.bea.gov/resources/methodologies/nipa-handbook
state jobs,state jobs,US0109,Payrolls,State government employment in CES,BLS Employment Situation - CES,Component label,United States - national,Monthly,Jobs; usually reported in thousands,"Industry/ownership group, not all employment in a state.",CES; EMPTECH,https://www.bls.gov/ces/ | https://www.bls.gov/news.release/empsit.tn.htm
state payrolls,state payrolls,US0109,Payrolls,State government employment in CES,BLS Employment Situation - CES,Component label,United States - national,Monthly,Jobs; usually reported in thousands,"Industry/ownership group, not all employment in a state.",CES; EMPTECH,https://www.bls.gov/ces/ | https://www.bls.gov/news.release/empsit.tn.htm
statistical discrepancy,statistical discrepancy,US0244,U.S. national accounts,GDP less GDI,BEA National Income and Product Accounts,Component label,United States - national,Quarterly / annual,Current or chained dollars; annual rates where published,Use the sign convention GDP minus GDI; not a GDP output gap.,GDP; NIPA,https://www.bea.gov/news/gdp-release-additional-information | https://www.bea.gov/resources/methodologies/nipa-handbook
stayer wage growth,stayer wage growth,US0223,Wages and salaries,Wage Growth Tracker for job stayers,Atlanta Fed Wage Growth Tracker,Component label,United States - national,Monthly,Median 12-month wage growth,Distinguish provider and moving-average window.,WGT,https://www.atlantafed.org/research-and-data/data/wage-growth-tracker
sticky core,sticky core,US0083,Price indexes,Atlanta Fed sticky-price CPI excluding food and energy,Federal Reserve alternative inflation measures,Published analytical measure,United States - national,Monthly,Index / percent change,Not all core CPI components.,STICKY,https://www.atlantafed.org/research-and-data/data/sticky-price-cpi
sticky CPI,sticky cpi,US0082,Price indexes,Atlanta Fed sticky-price CPI,Federal Reserve alternative inflation measures,Published analytical measure,United States - national,Monthly,Index / percent change,CPI components whose prices change relatively infrequently.,STICKY,https://www.atlantafed.org/research-and-data/data/sticky-price-cpi
sticky-price core CPI,sticky-price core cpi,US0083,Price indexes,Atlanta Fed sticky-price CPI excluding food and energy,Federal Reserve alternative inflation measures,Published analytical measure,United States - national,Monthly,Index / percent change,Not all core CPI components.,STICKY,https://www.atlantafed.org/research-and-data/data/sticky-price-cpi
sticky-price CPI,sticky-price cpi,US0082,Price indexes,Atlanta Fed sticky-price CPI,Federal Reserve alternative inflation measures,Published analytical measure,United States - national,Monthly,Index / percent change,CPI components whose prices change relatively infrequently.,STICKY,https://www.atlantafed.org/research-and-data/data/sticky-price-cpi
stock-sales ratio,stock-sales ratio,US0489,Retail trade data,Inventories divided by monthly sales for a specified sector,Census Manufacturing and Trade Inventories and Sales,Market shorthand,United States - national,Monthly,Ratio / months of sales,Commonly expressed in months of sales; specify business/retail/wholesale/manufacturing.,MTIS; RETAIL,https://www.census.gov/mtis/current/index.html | https://www.census.gov/retail/index.html
structures investment,structures investment,US0254,U.S. national accounts,Private nonresidential investment in structures,BEA National Income and Product Accounts,Market shorthand,United States - national,Quarterly / annual,Current or chained dollars; annual rates where published,Not all Census construction spending.,GDP; NIPA,https://www.bea.gov/news/gdp-release-additional-information | https://www.bea.gov/resources/methodologies/nipa-handbook
supercore,supercore,US0056,Price indexes,PCE services prices excluding energy and housing,BEA / Federal Reserve inflation analysis,Market shorthand,United States - national,Monthly,Index / percent change,PCE convention; 'supercore' is not a universal cross-release definition.,PCESUPER; PCESUPERSER,https://www.frbsf.org/research-and-insights/data-and-indicators/pce-inflation-contributions-from-goods-and-services/ | https://fred.stlouisfed.org/series/IA001260M
supplements,supplements,US0292,U.S. national accounts,Employer pension/insurance contributions and employer contributions for government social insurance,BEA Personal Income and Outlays,Market shorthand,United States - national,Monthly / quarterly,Current or chained dollars; usually SAAR,Not a wage-and-salary component.,PIO; NIPA,https://www.bea.gov/news/pio-release-additional-information | https://www.bea.gov/resources/methodologies/nipa-handbook
supplier deliveries,supplier deliveries,US0306,Surveys,ISM Manufacturing Supplier Deliveries Index,ISM Manufacturing PMI Report,Market shorthand,United States - national,Monthly,Diffusion / composite index,Higher normally means slower deliveries; specify provider/sector.,ISM,https://www.ismworld.org/globalassets/pub/research-and-surveys/rob/pmi/nope202608pmi.pdf
switcher wage growth,switcher wage growth,US0222,Wages and salaries,Wage Growth Tracker for job switchers,Atlanta Fed Wage Growth Tracker,Component label,United States - national,Monthly,Median 12-month wage growth,Provider-specific switching definition; not the ADP changers sample.,WGT,https://www.atlantafed.org/research-and-data/data/wage-growth-tracker
temp help,temp help,US0123,Payrolls,CES temporary help services employment,BLS Employment Situation - CES,Market shorthand,United States - national,Monthly,Jobs; usually reported in thousands,Not all temporary jobs across the economy.,CES; EMPTECH,https://www.bls.gov/ces/ | https://www.bls.gov/news.release/empsit.tn.htm
temporary help payrolls,temporary help payrolls,US0123,Payrolls,CES temporary help services employment,BLS Employment Situation - CES,Market shorthand,United States - national,Monthly,Jobs; usually reported in thousands,Not all temporary jobs across the economy.,CES; EMPTECH,https://www.bls.gov/ces/ | https://www.bls.gov/news.release/empsit.tn.htm
temporary layoffs,temporary layoffs,US0164,Employment,Unemployed people on temporary layoff,BLS Employment Situation - CPS,Market shorthand,United States - national,Monthly,People,"Stock of people awaiting recall, not monthly layoff announcements.",CPS; EMPTECH; EMPTABLES,https://www.bls.gov/cps/definitions.htm | https://www.bls.gov/news.release/empsit.tn.htm | https://www.bls.gov/news.release/empsit.toc.htm
temps,temps,US0123,Payrolls,CES temporary help services employment,BLS Employment Situation - CES,Market shorthand,United States - national,Monthly,Jobs; usually reported in thousands,Not all temporary jobs across the economy.,CES; EMPTECH,https://www.bls.gov/ces/ | https://www.bls.gov/news.release/empsit.tn.htm
tenant rent,tenant rent,US0028,Price indexes,CPI rent of primary residence,BLS Consumer Price Index,Market shorthand,United States - U.S. city average,Monthly,Index / percent change,"Existing-tenant and new-tenant rent sample, not asking-rent listings.",CPIT2,https://www.bls.gov/news.release/cpi.t02.htm
tenants' insurance,tenants' insurance,US0031,Price indexes,CPI tenants' and household insurance,BLS Consumer Price Index,Component label,United States - U.S. city average,Monthly,Index / percent change,Not homeowners' property insurance.,CPIT2,https://www.bls.gov/news.release/cpi.t02.htm
Texas manufacturing,texas manufacturing,US0376,Surveys,Texas Manufacturing Outlook Survey,Dallas Fed Texas Manufacturing Outlook Survey,Release / family label,United States - Texas,Monthly,Diffusion index,Calendar headline commonly general business activity; production is separate.,DALLAS,https://www.dallasfed.org/research/surveys/tmos/2026/2608
Texas outlook uncertainty,texas outlook uncertainty,US0380,Surveys,TMOS outlook uncertainty index,Dallas Fed Texas Manufacturing Outlook Survey,Component label,United States - Texas,Monthly,Diffusion index,"Direction of uncertainty, not activity growth.",DALLAS,https://www.dallasfed.org/research/surveys/tmos/2026/2608
Texas production,texas production,US0378,Surveys,TMOS production index,Dallas Fed Texas Manufacturing Outlook Survey,Component label,United States - Texas,Monthly,Diffusion index,A separate factory-output diffusion measure.,DALLAS,https://www.dallasfed.org/research/surveys/tmos/2026/2608
Texas revenue index,texas revenue index,US0428,Surveys,TSSOS revenue index,Dallas Fed Texas Service Sector Outlook Survey,Market shorthand,United States - Texas,Monthly,Diffusion index,"Survey response balance, not nominal revenue dollars.",DALLASSVC,https://www.dallasfed.org/research/surveys/tssos/2026/2608
Texas service business activity,texas service business activity,US0429,Surveys,TSSOS general business activity index,Dallas Fed Texas Service Sector Outlook Survey,Market shorthand,United States - Texas,Monthly,Diffusion index,Separate from the revenue index.,DALLASSVC,https://www.dallasfed.org/research/surveys/tssos/2026/2608
Texas services,texas services,US0427,Surveys,Texas Service Sector Outlook Survey,Dallas Fed Texas Service Sector Outlook Survey,Release / family label,United States - Texas,Monthly,Diffusion indexes,Regional survey; distinguish revenue and general business activity.,DALLASSVC,https://www.dallasfed.org/research/surveys/tssos/2026/2608
Texas wages and benefits,texas wages and benefits,US0383,Surveys,TMOS wages and benefits index,Dallas Fed Texas Manufacturing Outlook Survey,Component label,United States - Texas,Monthly,Diffusion index,"Survey pay pressure, not measured wage growth.",DALLAS,https://www.dallasfed.org/research/surveys/tmos/2026/2608
TFP,tfp,US0454,Production data,Output relative to combined measured inputs,BLS productivity measures,Market shorthand,United States - national,Annual (major sector series),Index / percent change,Model/measurement concept; specify business sector or industry.,PRODUCTIVITY; TFP,https://www.bls.gov/news.release/prod2.htm | https://www.bls.gov/productivity/home.htm
TMOS,tmos,US0376,Surveys,Texas Manufacturing Outlook Survey,Dallas Fed Texas Manufacturing Outlook Survey,Release / family label,United States - Texas,Monthly,Diffusion index,Calendar headline commonly general business activity; production is separate.,DALLAS,https://www.dallasfed.org/research/surveys/tmos/2026/2608
total factor productivity,total factor productivity,US0454,Production data,Output relative to combined measured inputs,BLS productivity measures,Market shorthand,United States - national,Annual (major sector series),Index / percent change,Model/measurement concept; specify business sector or industry.,PRODUCTIVITY; TFP,https://www.bls.gov/news.release/prod2.htm | https://www.bls.gov/productivity/home.htm
total factory orders,total factory orders,US0500,Manufacturing orders,New orders for manufactured goods,"Census Manufacturers Shipments, Inventories and Orders (M3)",Market shorthand,United States - national,Monthly,Nominal monthly dollars / percent change,"Durable plus nondurable goods; nominal dollars, not order counts.",M3DEF; DURABLES; M3TAB; TDCALENDAR,https://www.census.gov/manufacturing/m3/definitions/index.html | https://www.census.gov/manufacturing/m3/adv/pdf/durgd.pdf | https://www.census.gov/manufacturing/m3/prel/pdf/table5p.pdf | https://economics.td.com/domains/economics.td.com/documents/reports/bottom-line/tables/2026-09-04/recent.htm
total separations,total separations,US0183,Employment,JOLTS quits plus layoffs/discharges plus other separations,BLS JOLTS,Market shorthand,United States - national,Monthly,Separations,Broader than layoffs.,JOLTS,https://www.bls.gov/news.release/jolts.tn.htm
total vehicle sales,total vehicle sales,US0496,Retail trade data,Total motor vehicle sales in units,BEA supplemental motor vehicle estimates,Market shorthand,United States - national,Monthly,"Millions of vehicles, SAAR",Includes heavy trucks in addition to light vehicles; do not substitute for light-vehicle sales.,AUTOS,https://fred.stlouisfed.org/tags/series?t=bea%3Bmonthly%3Bnation%3Bvehicles
trade contribution,trade contribution,US0265,U.S. national accounts,Exports less imports of goods and services,BEA National Income and Product Accounts,Ambiguous shorthand,United States - national,Quarterly / annual,Current or chained dollars; annual rates where published,"'Trade contribution' means its contribution to GDP growth, not necessarily the level.",GDP; NIPA,https://www.bea.gov/news/gdp-release-additional-information | https://www.bea.gov/resources/methodologies/nipa-handbook
trade margins PPI,trade margins ppi,US0063,Price indexes,PPI final demand trade services,BLS Producer Price Index,Market shorthand,United States - national,Monthly,Index / percent change,"Changes in wholesaler/retailer margins, not total sales prices.",PPI; PPIHOME,https://www.bls.gov/news.release/archives/ppi_09102026.htm | https://www.bls.gov/ppi/
trade services,trade services,US0063,Price indexes,PPI final demand trade services,BLS Producer Price Index,Market shorthand,United States - national,Monthly,Index / percent change,"Changes in wholesaler/retailer margins, not total sales prices.",PPI; PPIHOME,https://www.bls.gov/news.release/archives/ppi_09102026.htm | https://www.bls.gov/ppi/
trade transportation and utilities jobs,trade transportation and utilities jobs,US0121,Payrolls,"CES trade, transportation and utilities employment",BLS Employment Situation - CES,Market shorthand,United States - national,Monthly,Jobs; usually reported in thousands,Supersector including wholesale/retail trade.,CES; EMPTECH,https://www.bls.gov/ces/ | https://www.bls.gov/news.release/empsit.tn.htm
traffic index,traffic index,US0416,Surveys,HMI traffic of prospective buyers component,NAHB/Wells Fargo Housing Market Index,Market shorthand,United States - national,Monthly,Diffusion / composite index,Not mortgage applications or closed home sales.,NAHB,https://www.nahb.org/News-and-Economics/Housing-Economics/Indices/Housing-Market-Index
transfer benefits,transfer benefits,US0301,U.S. national accounts,Government social benefits to persons,BEA Personal Income and Outlays,Market shorthand,United States - national,Monthly / quarterly,"Current dollars, usually SAAR","Subset of personal current transfer receipts, not direct government purchases in GDP.",PIO; NIPA,https://www.bea.gov/news/pio-release-additional-information | https://www.bea.gov/resources/methodologies/nipa-handbook
transfer income,transfer income,US0296,U.S. national accounts,Personal current transfer receipts,BEA Personal Income and Outlays,Market shorthand,United States - national,Monthly / quarterly,Current or chained dollars; usually SAAR,Includes government social benefits and other current transfer receipts; not capital gains.,PIO; NIPA,https://www.bea.gov/news/pio-release-additional-information | https://www.bea.gov/resources/methodologies/nipa-handbook
transfers,transfers,US0296,U.S. national accounts,Personal current transfer receipts,BEA Personal Income and Outlays,Market shorthand,United States - national,Monthly / quarterly,Current or chained dollars; usually SAAR,Includes government social benefits and other current transfer receipts; not capital gains.,PIO; NIPA,https://www.bea.gov/news/pio-release-additional-information | https://www.bea.gov/resources/methodologies/nipa-handbook
transport jobs,transport jobs,US0120,Payrolls,CES transportation and warehousing employment,BLS Employment Situation - CES,Component label,United States - national,Monthly,Jobs; usually reported in thousands,"Not all trade, transportation and utilities employment.",CES; EMPTECH,https://www.bls.gov/ces/ | https://www.bls.gov/news.release/empsit.tn.htm
transport orders,transport orders,US0512,Manufacturing orders,New orders for transportation equipment,"Census Manufacturers Shipments, Inventories and Orders (M3)",Market shorthand,United States - national,Monthly,Nominal monthly dollars / percent change,"Includes aircraft, vehicles and other transportation categories.",M3DEF; DURABLES; M3TAB; TDCALENDAR,https://www.census.gov/manufacturing/m3/definitions/index.html | https://www.census.gov/manufacturing/m3/adv/pdf/durgd.pdf | https://www.census.gov/manufacturing/m3/prel/pdf/table5p.pdf | https://economics.td.com/domains/economics.td.com/documents/reports/bottom-line/tables/2026-09-04/recent.htm
transport services,transport services,US0037,Price indexes,CPI transportation services,BLS Consumer Price Index,Market shorthand,United States - U.S. city average,Monthly,Index / percent change,"Includes vehicle insurance, repair and public transportation components.",CPIT2,https://www.bls.gov/news.release/cpi.t02.htm
transportation and warehousing payrolls,transportation and warehousing payrolls,US0120,Payrolls,CES transportation and warehousing employment,BLS Employment Situation - CES,Component label,United States - national,Monthly,Jobs; usually reported in thousands,"Not all trade, transportation and utilities employment.",CES; EMPTECH,https://www.bls.gov/ces/ | https://www.bls.gov/news.release/empsit.tn.htm
transportation and warehousing PPI,transportation and warehousing ppi,US0066,Price indexes,PPI final demand transportation and warehousing services,BLS Producer Price Index,Component label,United States - national,Monthly,Index / percent change,Not CPI transportation services.,PPI; PPIHOME,https://www.bls.gov/news.release/archives/ppi_09102026.htm | https://www.bls.gov/ppi/
transportation orders,transportation orders,US0512,Manufacturing orders,New orders for transportation equipment,"Census Manufacturers Shipments, Inventories and Orders (M3)",Market shorthand,United States - national,Monthly,Nominal monthly dollars / percent change,"Includes aircraft, vehicles and other transportation categories.",M3DEF; DURABLES; M3TAB; TDCALENDAR,https://www.census.gov/manufacturing/m3/definitions/index.html | https://www.census.gov/manufacturing/m3/adv/pdf/durgd.pdf | https://www.census.gov/manufacturing/m3/prel/pdf/table5p.pdf | https://economics.td.com/domains/economics.td.com/documents/reports/bottom-line/tables/2026-09-04/recent.htm
transportation services CPI,transportation services cpi,US0037,Price indexes,CPI transportation services,BLS Consumer Price Index,Market shorthand,United States - U.S. city average,Monthly,Index / percent change,"Includes vehicle insurance, repair and public transportation components.",CPIT2,https://www.bls.gov/news.release/cpi.t02.htm
trimmed CPI,trimmed cpi,US0079,Price indexes,Cleveland Fed 16 percent trimmed-mean CPI inflation,Federal Reserve alternative inflation measures,Published analytical measure,United States - national,Monthly,Index / percent change,Excludes tails of the weighted monthly price-change distribution.,MEDCPI,https://www.clevelandfed.org/indicators-and-data/median-cpi
trimmed-mean CPI,trimmed-mean cpi,US0079,Price indexes,Cleveland Fed 16 percent trimmed-mean CPI inflation,Federal Reserve alternative inflation measures,Published analytical measure,United States - national,Monthly,Index / percent change,Excludes tails of the weighted monthly price-change distribution.,MEDCPI,https://www.clevelandfed.org/indicators-and-data/median-cpi
trimmed-mean PCE,trimmed-mean pce,US0080,Price indexes,Dallas Fed trimmed-mean PCE inflation,Federal Reserve alternative inflation measures,Published analytical measure,United States - national,Monthly,Index / percent change,Trimming differs from fixed exclusions used for core PCE.,TRIMPCE,https://www.dallasfed.org/research/pce/
TSSOS,tssos,US0427,Surveys,Texas Service Sector Outlook Survey,Dallas Fed Texas Service Sector Outlook Survey,Release / family label,United States - Texas,Monthly,Diffusion indexes,Regional survey; distinguish revenue and general business activity.,DALLASSVC,https://www.dallasfed.org/research/surveys/tssos/2026/2608
TTU,ttu,US0121,Payrolls,"CES trade, transportation and utilities employment",BLS Employment Situation - CES,Market shorthand,United States - national,Monthly,Jobs; usually reported in thousands,Supersector including wholesale/retail trade.,CES; EMPTECH,https://www.bls.gov/ces/ | https://www.bls.gov/news.release/empsit.tn.htm
turnover rate JOLTS,turnover rate jolts,US0184,Employment,JOLTS total separations divided by employment,BLS JOLTS,Ambiguous shorthand,United States - national,Monthly,Percent,'Turnover' is sometimes constructed differently; identify the formula.,JOLTS,https://www.bls.gov/news.release/jolts.tn.htm
U-1,u-1,US0152,Employment,Unemployed 15 weeks or longer as a percent of the civilian labor force,BLS Employment Situation - CPS,Official acronym,United States - national,Monthly,Percent,A duration-based underutilization measure.,CPS; EMPTECH; EMPTABLES,https://www.bls.gov/cps/definitions.htm | https://www.bls.gov/news.release/empsit.tn.htm | https://www.bls.gov/news.release/empsit.toc.htm
U-2,u-2,US0153,Employment,Job losers and people who completed temporary jobs as a percent of the civilian labor force,BLS Employment Situation - CPS,Official acronym,United States - national,Monthly,Percent,Not all unemployed people.,CPS; EMPTECH; EMPTABLES,https://www.bls.gov/cps/definitions.htm | https://www.bls.gov/news.release/empsit.tn.htm | https://www.bls.gov/news.release/empsit.toc.htm
U-3,u-3,US0140,Employment,Unemployed as a percent of the civilian labor force,BLS Employment Situation - CPS,Market shorthand,United States - national,Monthly,Percent of labor force,Official headline unemployment rate; not insured unemployment.,CPS; EMPTECH; EMPTABLES,https://www.bls.gov/cps/definitions.htm | https://www.bls.gov/news.release/empsit.tn.htm | https://www.bls.gov/news.release/empsit.toc.htm
U-4,u-4,US0154,Employment,Unemployed plus discouraged workers divided by labor force plus discouraged workers,BLS Employment Situation - CPS,Official acronym,United States - national,Monthly,Percent,Wider than U-3.,CPS; EMPTECH; EMPTABLES,https://www.bls.gov/cps/definitions.htm | https://www.bls.gov/news.release/empsit.tn.htm | https://www.bls.gov/news.release/empsit.toc.htm
U-5,u-5,US0155,Employment,Unemployed plus all marginally attached divided by labor force plus marginally attached,BLS Employment Situation - CPS,Official acronym,United States - national,Monthly,Percent,Adds more than just discouraged workers.,CPS; EMPTECH; EMPTABLES,https://www.bls.gov/cps/definitions.htm | https://www.bls.gov/news.release/empsit.tn.htm | https://www.bls.gov/news.release/empsit.toc.htm
U-6,u-6,US0156,Employment,"Unemployed plus marginally attached plus part-time for economic reasons, divided by labor force plus marginally attached",BLS Employment Situation - CPS,Market shorthand,United States - national,Monthly,Percent,"'Underemployment' is a shorthand, not a complete measure of skill mismatch.",CPS; EMPTECH; EMPTABLES,https://www.bls.gov/cps/definitions.htm | https://www.bls.gov/news.release/empsit.tn.htm | https://www.bls.gov/news.release/empsit.toc.htm
U-Mich,u-mich,US0336,Surveys,University of Michigan Index of Consumer Sentiment,University of Michigan Surveys of Consumers,Market shorthand,United States - national,Monthly,Index / response share,Preliminary/final vintages; distinct from Conference Board confidence.,MICH,https://www.sca.isr.umich.edu/
U-to-E,u-to-e,US0195,Employment,People moving from unemployed to employed,BLS CPS research gross flows,Research measure / shorthand,United States - national,Monthly,People / gross monthly flows,"Not total JOLTS hires, which also recruit employed and nonparticipating people.",CPSFLOWS,https://www.bls.gov/cps/cps_flows.htm
U-to-E rate,u-to-e rate,US0203,Employment,CPS unemployed-to-employed flow divided by prior-month unemployed population,Analyst rates from BLS CPS flows,Derived measure,United States - national,Monthly,Probability / percent,Discrete-time convention; model-based hazard versions differ; not JOLTS hiring rate.,CPSFLOWS,https://www.bls.gov/cps/cps_flows.htm
U-to-N,u-to-n,US0198,Employment,People moving from unemployed to not in the labor force,BLS CPS research gross flows,Research measure / shorthand,United States - national,Monthly,People / gross monthly flows,Not all exits from unemployment are job finding.,CPSFLOWS,https://www.bls.gov/cps/cps_flows.htm
U-to-U,u-to-u,US0201,Employment,People unemployed in both consecutive monthly observations,BLS CPS research gross flows,Research measure / shorthand,United States - national,Monthly,People / gross monthly flows,"Continuing status, not necessarily an uninterrupted spell between interviews.",CPSFLOWS,https://www.bls.gov/cps/cps_flows.htm
U.S. composite PMI,u.s. composite pmi,US0323,Surveys,S&P Global U.S. Composite Output Index,S&P Global U.S. PMI,Market shorthand,United States - national,Monthly,Diffusion / composite index,"Combines manufacturing output and services activity, not the two headline PMIs.",SPPMI,https://www.spglobal.com/market-intelligence/en/solutions/products/resources/pmi-faq
U.S. manufacturing PMI,u.s. manufacturing pmi,US0321,Surveys,S&P Global U.S. Manufacturing PMI,S&P Global U.S. PMI,Market shorthand,United States - national,Monthly,Diffusion / composite index,'PMI' alone is ambiguous with ISM and non-U.S. releases.,SPPMI,https://www.spglobal.com/market-intelligence/en/solutions/products/resources/pmi-faq
U.S. services PMI,u.s. services pmi,US0322,Surveys,S&P Global U.S. Services Business Activity Index,S&P Global U.S. PMI,Market shorthand,United States - national,Monthly,Diffusion / composite index,Services headline measures activity; not ISM's services composite.,SPPMI,https://www.spglobal.com/market-intelligence/en/solutions/products/resources/pmi-faq
U1,u1,US0152,Employment,Unemployed 15 weeks or longer as a percent of the civilian labor force,BLS Employment Situation - CPS,Official acronym,United States - national,Monthly,Percent,A duration-based underutilization measure.,CPS; EMPTECH; EMPTABLES,https://www.bls.gov/cps/definitions.htm | https://www.bls.gov/news.release/empsit.tn.htm | https://www.bls.gov/news.release/empsit.toc.htm
U2,u2,US0153,Employment,Job losers and people who completed temporary jobs as a percent of the civilian labor force,BLS Employment Situation - CPS,Official acronym,United States - national,Monthly,Percent,Not all unemployed people.,CPS; EMPTECH; EMPTABLES,https://www.bls.gov/cps/definitions.htm | https://www.bls.gov/news.release/empsit.tn.htm | https://www.bls.gov/news.release/empsit.toc.htm
U3,u3,US0140,Employment,Unemployed as a percent of the civilian labor force,BLS Employment Situation - CPS,Market shorthand,United States - national,Monthly,Percent of labor force,Official headline unemployment rate; not insured unemployment.,CPS; EMPTECH; EMPTABLES,https://www.bls.gov/cps/definitions.htm | https://www.bls.gov/news.release/empsit.tn.htm | https://www.bls.gov/news.release/empsit.toc.htm
U4,u4,US0154,Employment,Unemployed plus discouraged workers divided by labor force plus discouraged workers,BLS Employment Situation - CPS,Official acronym,United States - national,Monthly,Percent,Wider than U-3.,CPS; EMPTECH; EMPTABLES,https://www.bls.gov/cps/definitions.htm | https://www.bls.gov/news.release/empsit.tn.htm | https://www.bls.gov/news.release/empsit.toc.htm
U5,u5,US0155,Employment,Unemployed plus all marginally attached divided by labor force plus marginally attached,BLS Employment Situation - CPS,Official acronym,United States - national,Monthly,Percent,Adds more than just discouraged workers.,CPS; EMPTECH; EMPTABLES,https://www.bls.gov/cps/definitions.htm | https://www.bls.gov/news.release/empsit.tn.htm | https://www.bls.gov/news.release/empsit.toc.htm
U6,u6,US0156,Employment,"Unemployed plus marginally attached plus part-time for economic reasons, divided by labor force plus marginally attached",BLS Employment Situation - CPS,Market shorthand,United States - national,Monthly,Percent,"'Underemployment' is a shorthand, not a complete measure of skill mismatch.",CPS; EMPTECH; EMPTABLES,https://www.bls.gov/cps/definitions.htm | https://www.bls.gov/news.release/empsit.tn.htm | https://www.bls.gov/news.release/empsit.toc.htm
UE,ue,US0195,Employment,People moving from unemployed to employed,BLS CPS research gross flows,Research measure / shorthand,United States - national,Monthly,People / gross monthly flows,"Not total JOLTS hires, which also recruit employed and nonparticipating people.",CPSFLOWS,https://www.bls.gov/cps/cps_flows.htm
UE rate,ue rate,US0203,Employment,CPS unemployed-to-employed flow divided by prior-month unemployed population,Analyst rates from BLS CPS flows,Derived measure,United States - national,Monthly,Probability / percent,Discrete-time convention; model-based hazard versions differ; not JOLTS hiring rate.,CPSFLOWS,https://www.bls.gov/cps/cps_flows.htm
UI-covered jobs,ui-covered jobs,US0134,Payrolls,Employment reported to the Quarterly Census of Employment and Wages,BLS Quarterly Census of Employment and Wages,Market shorthand,United States - national,Monthly employment; quarterly release,Covered jobs,Administrative universe differs from CES; monthly employment published in quarterly releases.,QCEW,https://www.bls.gov/cew/
ULC,ulc,US0232,Wages and salaries,Compensation per unit of real nonfarm-business output,BLS Productivity and Costs,Market shorthand,United States - national,Quarterly,Cost-per-output index / growth,Hourly compensation divided by productivity; not wages alone.,PRODUCTIVITY,https://www.bls.gov/news.release/prod2.htm
UMich,umich,US0336,Surveys,University of Michigan Index of Consumer Sentiment,University of Michigan Surveys of Consumers,Market shorthand,United States - national,Monthly,Index / response share,Preliminary/final vintages; distinct from Conference Board confidence.,MICH,https://www.sca.isr.umich.edu/
UN,un,US0198,Employment,People moving from unemployed to not in the labor force,BLS CPS research gross flows,Research measure / shorthand,United States - national,Monthly,People / gross monthly flows,Not all exits from unemployment are job finding.,CPSFLOWS,https://www.bls.gov/cps/cps_flows.htm
uncertainty index NFIB,uncertainty index nfib,US0342,Surveys,NFIB Uncertainty Index,NFIB Small Business Economic Trends,Component label,United States - national,Monthly,Index / percent of firms / net percent,Different from the optimism index.,NFIB; NFIBJOBS,https://www.nfib.com/wp-content/uploads/2026/09/NFIB-SBET-Report-August-2026.pdf | https://www.nfib.com/wp-content/uploads/2026/09/NFIB-August-2026-Jobs-Report.pdf
underemployment rate,underemployment rate,US0156,Employment,"Unemployed plus marginally attached plus part-time for economic reasons, divided by labor force plus marginally attached",BLS Employment Situation - CPS,Market shorthand,United States - national,Monthly,Percent,"'Underemployment' is a shorthand, not a complete measure of skill mismatch.",CPS; EMPTECH; EMPTABLES,https://www.bls.gov/cps/definitions.htm | https://www.bls.gov/news.release/empsit.tn.htm | https://www.bls.gov/news.release/empsit.toc.htm
unemployed,unemployed,US0141,Employment,CPS number of unemployed people,BLS Employment Situation - CPS,Market shorthand,United States - national,Monthly,People,Not all people without jobs; active-search/availability or temporary-layoff rules apply.,CPS; EMPTECH; EMPTABLES,https://www.bls.gov/cps/definitions.htm | https://www.bls.gov/news.release/empsit.tn.htm | https://www.bls.gov/news.release/empsit.toc.htm
unemployed quitters,unemployed quitters,US0165,Employment,Unemployed people who voluntarily left their previous jobs,BLS Employment Situation - CPS,Market shorthand,United States - national,Monthly,People,Not all monthly JOLTS quits; many quitters find another job immediately.,CPS; EMPTECH; EMPTABLES,https://www.bls.gov/cps/definitions.htm | https://www.bls.gov/news.release/empsit.tn.htm | https://www.bls.gov/news.release/empsit.toc.htm
unemployment level,unemployment level,US0141,Employment,CPS number of unemployed people,BLS Employment Situation - CPS,Market shorthand,United States - national,Monthly,People,Not all people without jobs; active-search/availability or temporary-layoff rules apply.,CPS; EMPTECH; EMPTABLES,https://www.bls.gov/cps/definitions.htm | https://www.bls.gov/news.release/empsit.tn.htm | https://www.bls.gov/news.release/empsit.toc.htm
unemployment rate,unemployment rate,US0140,Employment,Unemployed as a percent of the civilian labor force,BLS Employment Situation - CPS,Market shorthand,United States - national,Monthly,Percent of labor force,Official headline unemployment rate; not insured unemployment.,CPS; EMPTECH; EMPTABLES,https://www.bls.gov/cps/definitions.htm | https://www.bls.gov/news.release/empsit.tn.htm | https://www.bls.gov/news.release/empsit.toc.htm
unemployment to employment,unemployment to employment,US0195,Employment,People moving from unemployed to employed,BLS CPS research gross flows,Research measure / shorthand,United States - national,Monthly,People / gross monthly flows,"Not total JOLTS hires, which also recruit employed and nonparticipating people.",CPSFLOWS,https://www.bls.gov/cps/cps_flows.htm
unemployment to nonparticipation,unemployment to nonparticipation,US0198,Employment,People moving from unemployed to not in the labor force,BLS CPS research gross flows,Research measure / shorthand,United States - national,Monthly,People / gross monthly flows,Not all exits from unemployment are job finding.,CPSFLOWS,https://www.bls.gov/cps/cps_flows.htm
unfilled orders,unfilled orders,US0521,Manufacturing orders,End-of-month unfilled manufacturers' orders,"Census Manufacturers Shipments, Inventories and Orders (M3)",Market shorthand,United States - national,Monthly,Nominal end-month dollars,"Stock of outstanding orders, not the monthly flow of new orders.",M3DEF; DURABLES; M3TAB; TDCALENDAR,https://www.census.gov/manufacturing/m3/definitions/index.html | https://www.census.gov/manufacturing/m3/adv/pdf/durgd.pdf | https://www.census.gov/manufacturing/m3/prel/pdf/table5p.pdf | https://economics.td.com/domains/economics.td.com/documents/reports/bottom-line/tables/2026-09-04/recent.htm
unfilled orders ex transport,unfilled orders ex transport,US0522,Manufacturing orders,Unfilled orders excluding transportation equipment,"Census Manufacturers Shipments, Inventories and Orders (M3)",Component label,United States - national,Monthly,Nominal end-month dollars,Subset; retains nominal valuation.,M3DEF; DURABLES; M3TAB; TDCALENDAR,https://www.census.gov/manufacturing/m3/definitions/index.html | https://www.census.gov/manufacturing/m3/adv/pdf/durgd.pdf | https://www.census.gov/manufacturing/m3/prel/pdf/table5p.pdf | https://economics.td.com/domains/economics.td.com/documents/reports/bottom-line/tables/2026-09-04/recent.htm
unfilled orders-to-shipments,unfilled orders-to-shipments,US0528,Manufacturing orders,Unfilled orders divided by shipments for the specified published coverage,"Census Manufacturers Shipments, Inventories and Orders (M3)",Derived / published ratio,United States - national,Monthly,Ratio / months,Numerator and denominator coverage must match the release's definition.,M3DEF; DURABLES; M3TAB; TDCALENDAR,https://www.census.gov/manufacturing/m3/definitions/index.html | https://www.census.gov/manufacturing/m3/adv/pdf/durgd.pdf | https://www.census.gov/manufacturing/m3/prel/pdf/table5p.pdf | https://economics.td.com/domains/economics.td.com/documents/reports/bottom-line/tables/2026-09-04/recent.htm
unfilled positions,unfilled positions,US0344,Surveys,Share of firms with job openings they cannot fill,NFIB Small Business Economic Trends,Market shorthand,United States - national,Monthly,Index / percent of firms / net percent,Not JOLTS openings or the household jobless rate.,NFIB; NFIBJOBS,https://www.nfib.com/wp-content/uploads/2026/09/NFIB-SBET-Report-August-2026.pdf | https://www.nfib.com/wp-content/uploads/2026/09/NFIB-August-2026-Jobs-Report.pdf
unincorporated self-employment,unincorporated self-employment,US0162,Employment,CPS unincorporated self-employed workers,BLS Employment Situation - CPS,Market shorthand,United States - national,Monthly,People,Incorporated owners are generally classified as wage-and-salary workers in main CPS class-of-worker tables.,CPS; EMPTECH; EMPTABLES,https://www.bls.gov/cps/definitions.htm | https://www.bls.gov/news.release/empsit.tn.htm | https://www.bls.gov/news.release/empsit.toc.htm
unit labor costs,unit labor costs,US0232,Wages and salaries,Compensation per unit of real nonfarm-business output,BLS Productivity and Costs,Market shorthand,United States - national,Quarterly,Cost-per-output index / growth,Hourly compensation divided by productivity; not wages alone.,PRODUCTIVITY,https://www.bls.gov/news.release/prod2.htm
unit labour costs,unit labour costs,US0232,Wages and salaries,Compensation per unit of real nonfarm-business output,BLS Productivity and Costs,Market shorthand,United States - national,Quarterly,Cost-per-output index / growth,Hourly compensation divided by productivity; not wages alone.,PRODUCTIVITY,https://www.bls.gov/news.release/prod2.htm
unprocessed goods,unprocessed goods,US0069,Price indexes,PPI unprocessed goods for intermediate demand,BLS Producer Price Index,Market shorthand,United States - national,Monthly,Index / percent change,'Crude goods' is older shorthand; not only crude oil.,PPI; PPIHOME,https://www.bls.gov/news.release/archives/ppi_09102026.htm | https://www.bls.gov/ppi/
UR,ur,US0140,Employment,Unemployed as a percent of the civilian labor force,BLS Employment Situation - CPS,Market shorthand,United States - national,Monthly,Percent of labor force,Official headline unemployment rate; not insured unemployment.,CPS; EMPTECH; EMPTABLES,https://www.bls.gov/cps/definitions.htm | https://www.bls.gov/news.release/empsit.tn.htm | https://www.bls.gov/news.release/empsit.toc.htm
urban CPI,urban cpi,US0002,Price indexes,Consumer Price Index for All Urban Consumers,BLS Consumer Price Index,Official acronym / family,United States - U.S. city average,Monthly,Index / percent change,Population/index family; add all-items or a component to identify a series.,CPI; CPIT3,https://www.bls.gov/cpi/ | https://www.bls.gov/news.release/cpi.t03.htm
used autos,used autos,US0033,Price indexes,CPI used cars and trucks,BLS Consumer Price Index,Market shorthand,United States - U.S. city average,Monthly,Index / percent change,"Consumer retail prices, not wholesale auction prices.",CPIT2,https://www.bls.gov/news.release/cpi.t02.htm
used cars,used cars,US0033,Price indexes,CPI used cars and trucks,BLS Consumer Price Index,Market shorthand,United States - U.S. city average,Monthly,Index / percent change,"Consumer retail prices, not wholesale auction prices.",CPIT2,https://www.bls.gov/news.release/cpi.t02.htm
used vehicles CPI,used vehicles cpi,US0033,Price indexes,CPI used cars and trucks,BLS Consumer Price Index,Market shorthand,United States - U.S. city average,Monthly,Index / percent change,"Consumer retail prices, not wholesale auction prices.",CPIT2,https://www.bls.gov/news.release/cpi.t02.htm
utilities IP,utilities ip,US0441,Production data,G.17 utilities production,Federal Reserve G.17,Component label,United States - national,Monthly,Real-output index / percent change,"Weather-sensitive real utility output, not utility prices.",IP,https://www.federalreserve.gov/releases/g17/current/default.htm
utility gas,utility gas,US0025,Price indexes,CPI utility (piped) gas service,BLS Consumer Price Index,Market shorthand,United States - U.S. city average,Monthly,Index / percent change,"Household gas service, not wholesale natural-gas prices.",CPIT2,https://www.bls.gov/news.release/cpi.t02.htm
utility output,utility output,US0441,Production data,G.17 utilities production,Federal Reserve G.17,Component label,United States - national,Monthly,Real-output index / percent change,"Weather-sensitive real utility output, not utility prices.",IP,https://www.federalreserve.gov/releases/g17/current/default.htm
UU,uu,US0201,Employment,People unemployed in both consecutive monthly observations,BLS CPS research gross flows,Research measure / shorthand,United States - national,Monthly,People / gross monthly flows,"Continuing status, not necessarily an uninterrupted spell between interviews.",CPSFLOWS,https://www.bls.gov/cps/cps_flows.htm
V/U,v/u,US0186,Employment,JOLTS openings divided by CPS unemployed people,BLS JOLTS,Derived measure,United States - national,Monthly,Ratio,Analyst ratio joining two releases; match time period and adjustment.,JOLTS,https://www.bls.gov/news.release/jolts.tn.htm
vacancies,vacancies,US0175,Employment,JOLTS job openings,BLS JOLTS,Market shorthand,United States - national,Monthly,Positions,Unfilled positions meeting BLS criteria on the last business day of the month.,JOLTS,https://www.bls.gov/news.release/jolts.tn.htm
vacancies-to-unemployed,vacancies-to-unemployed,US0186,Employment,JOLTS openings divided by CPS unemployed people,BLS JOLTS,Derived measure,United States - national,Monthly,Ratio,Analyst ratio joining two releases; match time period and adjustment.,JOLTS,https://www.bls.gov/news.release/jolts.tn.htm
vacancy rate JOLTS,vacancy rate jolts,US0176,Employment,Job openings divided by employment plus openings,BLS JOLTS,Market shorthand,United States - national,Monthly,Percent,Different denominator from hires and separations rates.,JOLTS,https://www.bls.gov/news.release/jolts.tn.htm
vehicle assemblies,vehicle assemblies,US0443,Production data,G.17 motor vehicle assemblies,Federal Reserve G.17,Market shorthand,United States - national,Monthly,Vehicle units / SAAR,Usually millions of units at SAAR; separate from parts output.,IP,https://www.federalreserve.gov/releases/g17/current/default.htm
vehicle maintenance,vehicle maintenance,US0035,Price indexes,CPI motor vehicle maintenance and repair,BLS Consumer Price Index,Market shorthand,United States - U.S. city average,Monthly,Index / percent change,Not the cost of buying a motor vehicle.,CPIT2,https://www.bls.gov/news.release/cpi.t02.htm
vehicle sales,vehicle sales,US0496,Retail trade data,Total motor vehicle sales in units,BEA supplemental motor vehicle estimates,Market shorthand,United States - national,Monthly,"Millions of vehicles, SAAR",Includes heavy trucks in addition to light vehicles; do not substitute for light-vehicle sales.,AUTOS,https://fred.stlouisfed.org/tags/series?t=bea%3Bmonthly%3Bnation%3Bvehicles
vehicles and parts orders,vehicles and parts orders,US0515,Manufacturing orders,New orders for motor vehicles and parts,"Census Manufacturers Shipments, Inventories and Orders (M3)",Market shorthand,United States - national,Monthly,Nominal monthly dollars / percent change,"Dollar orders, not unit vehicle sales.",M3DEF; DURABLES; M3TAB; TDCALENDAR,https://www.census.gov/manufacturing/m3/definitions/index.html | https://www.census.gov/manufacturing/m3/adv/pdf/durgd.pdf | https://www.census.gov/manufacturing/m3/prel/pdf/table5p.pdf | https://economics.td.com/domains/economics.td.com/documents/reports/bottom-line/tables/2026-09-04/recent.htm
vendor performance,vendor performance,US0306,Surveys,ISM Manufacturing Supplier Deliveries Index,ISM Manufacturing PMI Report,Market shorthand,United States - national,Monthly,Diffusion / composite index,Higher normally means slower deliveries; specify provider/sector.,ISM,https://www.ismworld.org/globalassets/pub/research-and-surveys/rob/pmi/nope202608pmi.pdf
voluntary part-time,voluntary part-time,US0158,Employment,People working part time for noneconomic reasons,BLS Employment Situation - CPS,Market shorthand,United States - national,Monthly,People,'Voluntary' is a shorthand for the BLS category.,CPS; EMPTECH; EMPTABLES,https://www.bls.gov/cps/definitions.htm | https://www.bls.gov/news.release/empsit.tn.htm | https://www.bls.gov/news.release/empsit.toc.htm
voluntary quits,voluntary quits,US0179,Employment,JOLTS quits,BLS JOLTS,Market shorthand,United States - national,Monthly,Separations,Voluntary separations excluding retirement and transfers as defined by JOLTS.,JOLTS,https://www.bls.gov/news.release/jolts.tn.htm
wage bill NIPA,wage bill nipa,US0290,U.S. national accounts,NIPA wages and salaries,BEA Personal Income and Outlays,Market shorthand,United States - national,Monthly / quarterly,Current or chained dollars; usually SAAR,"Aggregate labor-income dollars, not an average hourly wage.",PIO; NIPA,https://www.bea.gov/news/pio-release-additional-information | https://www.bea.gov/resources/methodologies/nipa-handbook
wage bill proxy,wage bill proxy,US0212,Wages and salaries,CES index of aggregate weekly payrolls,BLS CES hours and earnings,Market shorthand,United States - national,Monthly,Index,Employment times average weekly hours times hourly earnings; not the jobs count.,CESTABLES; EMPTECH,https://www.bls.gov/ces/data/employment-and-earnings/2026/ | https://www.bls.gov/news.release/empsit.tn.htm
wage cost per hour,wage cost per hour,US0235,Wages and salaries,ECEC wages and salaries per employee hour worked,BLS Employer Costs for Employee Compensation,Market shorthand,United States - national,Quarterly,Dollars per hour worked,Not CES average hourly earnings; specify civilian/private/state-local.,ECEC,https://www.bls.gov/ecec/
wage ECI,wage eci,US0216,Wages and salaries,ECI wages and salaries component,BLS Employment Cost Index,Market shorthand,United States - national,Quarterly,Labor-cost index / percent change,Excludes benefits; specify civilian/private/state-local coverage.,ECI,https://www.bls.gov/eci/
wage income,wage income,US0290,U.S. national accounts,NIPA wages and salaries,BEA Personal Income and Outlays,Market shorthand,United States - national,Monthly / quarterly,Current or chained dollars; usually SAAR,"Aggregate labor-income dollars, not an average hourly wage.",PIO; NIPA,https://www.bea.gov/news/pio-release-additional-information | https://www.bea.gov/resources/methodologies/nipa-handbook
wage tracker,wage tracker,US0221,Wages and salaries,Atlanta Fed Wage Growth Tracker,Atlanta Fed Wage Growth Tracker,Market shorthand,United States - national,Monthly,Median 12-month wage growth,"Matched-person median hourly wage growth, often shown as a moving average.",WGT,https://www.atlantafed.org/research-and-data/data/wage-growth-tracker
wage-earner CPI,wage-earner cpi,US0003,Price indexes,Consumer Price Index for Urban Wage Earners and Clerical Workers,BLS Consumer Price Index,Official acronym / family,United States - U.S. city average,Monthly,Index / percent change,Different population weighting from CPI-U.,CPI; CPIT3,https://www.bls.gov/cpi/ | https://www.bls.gov/news.release/cpi.t03.htm
wages and salaries,wages and salaries,US0290,U.S. national accounts,NIPA wages and salaries,BEA Personal Income and Outlays,Market shorthand,United States - national,Monthly / quarterly,Current or chained dollars; usually SAAR,"Aggregate labor-income dollars, not an average hourly wage.",PIO; NIPA,https://www.bea.gov/news/pio-release-additional-information | https://www.bea.gov/resources/methodologies/nipa-handbook
wages and salaries ECI,wages and salaries eci,US0216,Wages and salaries,ECI wages and salaries component,BLS Employment Cost Index,Market shorthand,United States - national,Quarterly,Labor-cost index / percent change,Excludes benefits; specify civilian/private/state-local coverage.,ECI,https://www.bls.gov/eci/
want a job now,want a job now,US0149,Employment,People outside the labor force who currently want a job,BLS Employment Situation - CPS,Market shorthand,United States - national,Monthly,People,Broader than the marginally attached group.,CPS; EMPTECH; EMPTABLES,https://www.bls.gov/cps/definitions.htm | https://www.bls.gov/news.release/empsit.tn.htm | https://www.bls.gov/news.release/empsit.toc.htm
weekly pay,weekly pay,US0207,Wages and salaries,Average weekly earnings on private nonfarm payrolls,BLS CES hours and earnings,Market shorthand,United States - national,Monthly,Dollars per week,Average hourly earnings times average weekly hours for matching coverage.,CESTABLES; EMPTECH,https://www.bls.gov/ces/data/employment-and-earnings/2026/ | https://www.bls.gov/news.release/empsit.tn.htm
WGT,wgt,US0221,Wages and salaries,Atlanta Fed Wage Growth Tracker,Atlanta Fed Wage Growth Tracker,Market shorthand,United States - national,Monthly,Median 12-month wage growth,"Matched-person median hourly wage growth, often shown as a moving average.",WGT,https://www.atlantafed.org/research-and-data/data/wage-growth-tracker
wholesale inventories,wholesale inventories,US0493,Retail trade data,Merchant wholesalers' end-of-month inventories,Census Manufacturing and Trade Inventories and Sales,Market shorthand,United States - national,Monthly,Nominal end-month dollars,Not all inventory held by all business sectors.,MTIS; RETAIL,https://www.census.gov/mtis/current/index.html | https://www.census.gov/retail/index.html
wholesale jobs,wholesale jobs,US0119,Payrolls,CES wholesale trade employment,BLS Employment Situation - CES,Component label,United States - national,Monthly,Jobs; usually reported in thousands,Industry employment.,CES; EMPTECH,https://www.bls.gov/ces/ | https://www.bls.gov/news.release/empsit.tn.htm
wholesale payrolls,wholesale payrolls,US0119,Payrolls,CES wholesale trade employment,BLS Employment Situation - CES,Component label,United States - national,Monthly,Jobs; usually reported in thousands,Industry employment.,CES; EMPTECH,https://www.bls.gov/ces/ | https://www.bls.gov/news.release/empsit.tn.htm
wholesale sales,wholesale sales,US0492,Retail trade data,Sales of merchant wholesalers in the Census wholesale series,Census Manufacturing and Trade Inventories and Sales,Market shorthand,United States - national,Monthly,Nominal monthly dollars,Not retail spending.,MTIS; RETAIL,https://www.census.gov/mtis/current/index.html | https://www.census.gov/retail/index.html
wholesale stocks,wholesale stocks,US0493,Retail trade data,Merchant wholesalers' end-of-month inventories,Census Manufacturing and Trade Inventories and Sales,Market shorthand,United States - national,Monthly,Nominal end-month dollars,Not all inventory held by all business sectors.,MTIS; RETAIL,https://www.census.gov/mtis/current/index.html | https://www.census.gov/retail/index.html
wholesale used-car prices,wholesale used-car prices,US0101,Price indexes,Manheim Used Vehicle Value Index,Cox Automotive / Manheim,Market shorthand,United States - national,Monthly,Index / growth,Wholesale auction values adjusted for mix/mileage; not retail used-car CPI.,MANHEIM,https://www.coxautoinc.com/wp-content/uploads/2024/02/Summary-Methodology-for-Manheim-Used-Vehicle-Value-Index-Jan-2024.pdf
WIP,wip,US0525,Manufacturing orders,Manufacturing work-in-process inventories,"Census Manufacturers Shipments, Inventories and Orders (M3)",Market shorthand,United States - national,Monthly,Nominal end-month dollars,"Unfinished production, not unfilled sales orders.",M3DEF; DURABLES; M3TAB; TDCALENDAR,https://www.census.gov/manufacturing/m3/definitions/index.html | https://www.census.gov/manufacturing/m3/adv/pdf/durgd.pdf | https://www.census.gov/manufacturing/m3/prel/pdf/table5p.pdf | https://economics.td.com/domains/economics.td.com/documents/reports/bottom-line/tables/2026-09-04/recent.htm
work in process,work in process,US0525,Manufacturing orders,Manufacturing work-in-process inventories,"Census Manufacturers Shipments, Inventories and Orders (M3)",Market shorthand,United States - national,Monthly,Nominal end-month dollars,"Unfinished production, not unfilled sales orders.",M3DEF; DURABLES; M3TAB; TDCALENDAR,https://www.census.gov/manufacturing/m3/definitions/index.html | https://www.census.gov/manufacturing/m3/adv/pdf/durgd.pdf | https://www.census.gov/manufacturing/m3/prel/pdf/table5p.pdf | https://economics.td.com/domains/economics.td.com/documents/reports/bottom-line/tables/2026-09-04/recent.htm
work-in-progress inventories,work-in-progress inventories,US0525,Manufacturing orders,Manufacturing work-in-process inventories,"Census Manufacturers Shipments, Inventories and Orders (M3)",Market shorthand,United States - national,Monthly,Nominal end-month dollars,"Unfinished production, not unfilled sales orders.",M3DEF; DURABLES; M3TAB; TDCALENDAR,https://www.census.gov/manufacturing/m3/definitions/index.html | https://www.census.gov/manufacturing/m3/adv/pdf/durgd.pdf | https://www.census.gov/manufacturing/m3/prel/pdf/table5p.pdf | https://economics.td.com/domains/economics.td.com/documents/reports/bottom-line/tables/2026-09-04/recent.htm
workweek,workweek,US0208,Wages and salaries,Average weekly hours of all private nonfarm employees,BLS CES hours and earnings,Market shorthand,United States - national,Monthly,Hours per week,"Paid-hours concept in CES, not CPS usual hours.",CESTABLES; EMPTECH,https://www.bls.gov/ces/data/employment-and-earnings/2026/ | https://www.bls.gov/news.release/empsit.tn.htm
X,x,US0266,U.S. national accounts,Exports of goods and services in NIPA,BEA National Income and Product Accounts,Component label,United States - national,Quarterly / annual,Current or chained dollars; annual rates where published,Specify real/nominal; GDP exports are not goods-only trade.,GDP; NIPA,https://www.bea.gov/news/gdp-release-additional-information | https://www.bea.gov/resources/methodologies/nipa-handbook
year-ahead inflation expectations,year-ahead inflation expectations,US0339,Surveys,Median expected inflation over the next year in Michigan survey,University of Michigan Surveys of Consumers,Market shorthand,United States - national,Monthly,Percent expected inflation,"Survey expectations, not realized CPI inflation.",MICH,https://www.sca.isr.umich.edu/
ZHVI,zhvi,US0100,Price indexes,Zillow Home Value Index,Zillow Research,Market shorthand,United States - national,Monthly,Dollar-denominated home-value index / growth,"Typical home values, not a median sale price; choose home type and geography.",ZILLOW,https://www.zillow.com/research/data/
Zillow home value index,zillow home value index,US0100,Price indexes,Zillow Home Value Index,Zillow Research,Market shorthand,United States - national,Monthly,Dollar-denominated home-value index / growth,"Typical home values, not a median sale price; choose home type and geography.",ZILLOW,https://www.zillow.com/research/data/
Zillow home values,zillow home values,US0100,Price indexes,Zillow Home Value Index,Zillow Research,Market shorthand,United States - national,Monthly,Dollar-denominated home-value index / growth,"Typical home values, not a median sale price; choose home type and geography.",ZILLOW,https://www.zillow.com/research/data/
Zillow rent index,zillow rent index,US0099,Price indexes,Zillow Observed Rent Index,Zillow Research,Market shorthand,United States - national,Monthly,Dollar-denominated rent index / growth,"Market asking-rent measure, not the CPI rent paid by all tenants.",ZILLOW,https://www.zillow.com/research/data/
Zillow rents,zillow rents,US0099,Price indexes,Zillow Observed Rent Index,Zillow Research,Market shorthand,United States - national,Monthly,Dollar-denominated rent index / growth,"Market asking-rent measure, not the CPI rent paid by all tenants.",ZILLOW,https://www.zillow.com/research/data/
ZORI,zori,US0099,Price indexes,Zillow Observed Rent Index,Zillow Research,Market shorthand,United States - national,Monthly,Dollar-denominated rent index / growth,"Market asking-rent measure, not the CPI rent paid by all tenants.",ZILLOW,https://www.zillow.com/research/data/
